variante,escenario,tamanio,instancia,repeticion,semilla,algoritmo,tiempo_ms,evaluaciones,F,T_horas,R_horas,N,V,factible,verificada,cumplimiento_pct,cumplimiento_prioritarios_pct,costo,distancia_km,utilizacion_pct,temperatura_inicial
BASE,N025-I01,25,1,0,777,GENETICO,1197.003404,9060,22546.351667,605.518333,219.408333,0,0,true,true,48,26.666667,10656,1494,42.401961,
BASE,N025-I01,25,1,0,777,RECOCIDO_SIMULADO,240.803092,4421,22603.466667,611.633333,219.918333,0,0,true,true,48,26.666667,11852,1614,42.401961,253.725778
BASE,N025-I01,25,1,1,778,RECOCIDO_SIMULADO,240.086856,4501,22564.666667,608.833333,219.558333,0,0,true,true,48,26.666667,10724,1468,42.401961,276.498628
BASE,N025-I01,25,1,1,778,GENETICO,1174.016479,9060,22554.641667,604.808333,219.498333,0,0,true,true,48,26.666667,10728,1506,42.401961,
BASE,N025-I01,25,1,2,779,GENETICO,916.577552,9060,22554.641667,604.808333,219.498333,0,0,true,true,48,26.666667,10728,1506,42.401961,
BASE,N025-I01,25,1,2,779,RECOCIDO_SIMULADO,208.042277,4381,22580.266667,613.933333,219.663333,0,0,true,true,48,26.666667,11468,1556,42.401961,239.30889
BASE,N025-I01,25,1,3,780,RECOCIDO_SIMULADO,219.943323,4581,22621.261667,614.428333,220.068333,0,0,true,true,48,26.666667,11048,1482,42.401961,300.014459
BASE,N025-I01,25,1,3,780,GENETICO,1104.021031,9060,22554.641667,604.808333,219.498333,0,0,true,true,48,26.666667,10728,1506,42.401961,
BASE,N025-I01,25,1,4,781,GENETICO,1000.596915,9060,22565.696667,605.363333,219.603333,0,0,true,true,48,26.666667,10764,1514,42.401961,
BASE,N025-I01,25,1,4,781,RECOCIDO_SIMULADO,219.913638,4461,22613.515,607.348333,220.061667,0,0,true,true,52,33.333333,10640,1458,42.401961,267.298428
BASE,N025-I01,25,1,5,782,RECOCIDO_SIMULADO,218.799489,4541,22590.941667,614.108333,219.768333,0,0,true,true,48,26.666667,10040,1360,42.401961,288.744133
BASE,N025-I01,25,1,5,782,GENETICO,854.326313,9060,22565.596667,605.263333,219.603333,0,0,true,true,48,26.666667,10924,1534,42.401961,
BASE,N025-I01,25,1,6,783,GENETICO,913.172667,9060,22546.351667,605.518333,219.408333,0,0,true,true,48,26.666667,10656,1494,42.401961,
BASE,N025-I01,25,1,6,783,RECOCIDO_SIMULADO,209.631521,4421,22575.856667,620.023333,219.558333,0,0,true,true,48,26.666667,10676,1400,42.401961,244.72125
BASE,N025-I01,25,1,7,784,RECOCIDO_SIMULADO,206.972895,4421,22601.236667,612.403333,219.888333,0,0,true,true,48,26.666667,11156,1526,42.401961,245.24689
BASE,N025-I01,25,1,7,784,GENETICO,932.889482,9060,22565.446667,605.113333,219.603333,0,0,true,true,48,26.666667,10860,1526,42.401961,
BASE,N025-I01,25,1,8,785,GENETICO,1149.506084,9060,22546.351667,605.518333,219.408333,0,0,true,true,48,26.666667,10656,1494,42.401961,
BASE,N025-I01,25,1,8,785,RECOCIDO_SIMULADO,224.262015,4621,22609.241667,609.908333,219.993333,0,0,true,true,48,26.666667,11056,1536,42.401961,320.911835
BASE,N025-I01,25,1,9,786,RECOCIDO_SIMULADO,216.776699,4461,22550.761667,609.928333,219.408333,0,0,true,true,48,26.666667,11176,1506,42.401961,262.806741
BASE,N025-I01,25,1,9,786,GENETICO,1187.132832,9060,22554.641667,604.808333,219.498333,0,0,true,true,48,26.666667,10728,1506,42.401961,
BASE,N025-I01,25,1,10,787,GENETICO,998.396893,9060,22554.641667,604.808333,219.498333,0,0,true,true,48,26.666667,10728,1506,42.401961,
BASE,N025-I01,25,1,10,787,RECOCIDO_SIMULADO,218.868216,4461,22562.716667,612.883333,219.498333,0,0,true,true,48,26.666667,11080,1488,42.401961,262.381472
BASE,N025-I01,25,1,11,788,RECOCIDO_SIMULADO,211.578305,4301,22578.131667,611.798333,219.663333,0,0,true,true,48,26.666667,10864,1496,42.401961,217.68911
BASE,N025-I01,25,1,11,788,GENETICO,1097.18515,9060,22554.641667,604.808333,219.498333,0,0,true,true,48,26.666667,10728,1506,42.401961,
BASE,N025-I01,25,1,12,789,GENETICO,910.149298,9060,22554.641667,604.808333,219.498333,0,0,true,true,48,26.666667,10728,1506,42.401961,
BASE,N025-I01,25,1,12,789,RECOCIDO_SIMULADO,215.935628,4461,22597.661667,608.828333,219.888333,0,0,true,true,48,26.666667,11136,1570,42.401961,258.578185
BASE,N025-I01,25,1,13,790,RECOCIDO_SIMULADO,220.252145,4541,22598.746667,609.913333,219.888333,0,0,true,true,48,26.666667,10364,1422,42.401961,292.100277
BASE,N025-I01,25,1,13,790,GENETICO,964.958109,9060,22565.696667,605.363333,219.603333,0,0,true,true,48,26.666667,10764,1514,42.401961,
BASE,N025-I01,25,1,14,791,GENETICO,959.365963,9060,22565.446667,605.113333,219.603333,0,0,true,true,48,26.666667,10860,1526,42.401961,
BASE,N025-I01,25,1,14,791,RECOCIDO_SIMULADO,223.152588,4541,22606.256667,609.923333,219.963333,0,0,true,true,48,26.666667,11540,1618,42.401961,283.514065
BASE,N025-I02,25,2,0,777,GENETICO,1213.422359,9060,11868.695,432.361667,114.363333,0,0,true,true,56,15.384615,11612,1668,31.617647,
BASE,N025-I02,25,2,0,777,RECOCIDO_SIMULADO,315.669784,4501,11868.09,445.256667,114.228333,0,0,true,true,56,15.384615,10620,1488,31.617647,268.755085
BASE,N025-I02,25,2,1,778,RECOCIDO_SIMULADO,283.201262,4301,11871.725,432.391667,114.393333,0,0,true,true,56,15.384615,11604,1668,31.617647,207.972166
BASE,N025-I02,25,2,1,778,GENETICO,892.928297,9060,11871.725,432.391667,114.393333,0,0,true,true,56,15.384615,11604,1668,31.617647,
BASE,N025-I02,25,2,2,779,GENETICO,950.240287,9060,11871.725,432.391667,114.393333,0,0,true,true,56,15.384615,11604,1668,31.617647,
BASE,N025-I02,25,2,2,779,RECOCIDO_SIMULADO,278.924003,4421,11871.725,432.391667,114.393333,0,0,true,true,56,15.384615,11604,1668,31.617647,251.668909
BASE,N025-I02,25,2,3,780,RECOCIDO_SIMULADO,279.808418,4461,11864.766667,441.933333,114.228333,0,0,true,true,56,15.384615,11744,1658,31.617647,262.566386
BASE,N025-I02,25,2,3,780,GENETICO,1313.598382,9060,11868.695,432.361667,114.363333,0,0,true,true,56,15.384615,11612,1668,31.617647,
BASE,N025-I02,25,2,4,781,GENETICO,981.624095,9060,11871.725,432.391667,114.393333,0,0,true,true,56,15.384615,11604,1668,31.617647,
BASE,N025-I02,25,2,4,781,RECOCIDO_SIMULADO,303.501013,4541,11862.245,439.411667,114.228333,0,0,true,true,56,15.384615,11230,1642,31.617647,286.015973
BASE,N025-I02,25,2,5,782,RECOCIDO_SIMULADO,268.680523,4181,11871.725,432.391667,114.393333,0,0,true,true,56,15.384615,11604,1668,31.617647,184.606017
BASE,N025-I02,25,2,5,782,GENETICO,1035.947946,9060,11868.695,432.361667,114.363333,0,0,true,true,56,15.384615,11612,1668,31.617647,
BASE,N025-I02,25,2,6,783,GENETICO,1451.043904,9060,11855.36,432.526667,114.228333,0,0,true,true,56,15.384615,11568,1658,31.617647,
BASE,N025-I02,25,2,6,783,RECOCIDO_SIMULADO,279.094884,4341,11863.26,440.426667,114.228333,0,0,true,true,56,15.384615,11840,1632,31.617647,219.866269
BASE,N025-I02,25,2,7,784,RECOCIDO_SIMULADO,292.056393,4461,11871.725,432.391667,114.393333,0,0,true,true,56,15.384615,11604,1668,31.617647,254.804795
BASE,N025-I02,25,2,7,784,GENETICO,1253.803979,9060,11871.725,432.391667,114.393333,0,0,true,true,56,15.384615,11604,1668,31.617647,
BASE,N025-I02,25,2,8,785,GENETICO,928.518457,9060,11871.725,432.391667,114.393333,0,0,true,true,56,15.384615,11604,1668,31.617647,
BASE,N025-I02,25,2,8,785,RECOCIDO_SIMULADO,291.224612,4421,11871.725,432.391667,114.393333,0,0,true,true,56,15.384615,11604,1668,31.617647,247.406726
BASE,N025-I02,25,2,9,786,RECOCIDO_SIMULADO,285.224575,4381,11861.44,438.606667,114.228333,0,0,true,true,56,15.384615,11432,1652,31.617647,230.026061
BASE,N025-I02,25,2,9,786,GENETICO,1130.381241,9060,11871.725,432.391667,114.393333,0,0,true,true,56,15.384615,11604,1668,31.617647,
BASE,N025-I02,25,2,10,787,GENETICO,1325.571364,9060,11871.725,432.391667,114.393333,0,0,true,true,56,15.384615,11604,1668,31.617647,
BASE,N025-I02,25,2,10,787,RECOCIDO_SIMULADO,322.049875,4341,11861.56,438.726667,114.228333,0,0,true,true,56,15.384615,11820,1656,31.617647,218.916321
BASE,N025-I02,25,2,11,788,RECOCIDO_SIMULADO,345.074318,4461,11871.725,432.391667,114.393333,0,0,true,true,56,15.384615,11604,1668,31.617647,263.243644
BASE,N025-I02,25,2,11,788,GENETICO,1051.003437,9060,11871.725,432.391667,114.393333,0,0,true,true,56,15.384615,11604,1668,31.617647,
BASE,N025-I02,25,2,12,789,GENETICO,1127.037789,9060,11871.725,432.391667,114.393333,0,0,true,true,56,15.384615,11604,1668,31.617647,
BASE,N025-I02,25,2,12,789,RECOCIDO_SIMULADO,296.12026,4461,11862.596667,439.763333,114.228333,0,0,true,true,56,15.384615,11056,1578,31.617647,262.656861
BASE,N025-I02,25,2,13,790,RECOCIDO_SIMULADO,281.24159,4341,11863.8,440.966667,114.228333,0,0,true,true,56,15.384615,11824,1648,31.617647,227.487904
BASE,N025-I02,25,2,13,790,GENETICO,1011.292127,9060,11871.725,432.391667,114.393333,0,0,true,true,56,15.384615,11604,1668,31.617647,
BASE,N025-I02,25,2,14,791,GENETICO,1168.566724,9060,11871.725,432.391667,114.393333,0,0,true,true,56,15.384615,11604,1668,31.617647,
BASE,N025-I02,25,2,14,791,RECOCIDO_SIMULADO,313.164642,4501,11871.725,432.391667,114.393333,0,0,true,true,56,15.384615,11604,1668,31.617647,281.28402
BASE,N025-I03,25,3,0,777,GENETICO,906.838672,9060,12052.515,415.848333,116.366667,0,0,true,true,68,52.941176,11752,1682,28.676471,
BASE,N025-I03,25,3,0,777,RECOCIDO_SIMULADO,188.153112,4301,12053.415,416.748333,116.366667,0,0,true,true,68,52.941176,11000,1578,28.676471,208.147491
BASE,N025-I03,25,3,1,778,RECOCIDO_SIMULADO,167.380402,4061,12053.415,416.748333,116.366667,0,0,true,true,68,52.941176,11000,1578,28.676471,158.913668
BASE,N025-I03,25,3,1,778,GENETICO,1372.509339,9060,12052.515,415.848333,116.366667,0,0,true,true,68,52.941176,11752,1682,28.676471,
BASE,N025-I03,25,3,2,779,GENETICO,1095.074092,9060,12052.86,416.193333,116.366667,0,0,true,true,68,52.941176,11148,1578,28.676471,
BASE,N025-I03,25,3,2,779,RECOCIDO_SIMULADO,182.767059,4381,12053.415,416.748333,116.366667,0,0,true,true,68,52.941176,11000,1578,28.676471,230.015158
BASE,N025-I03,25,3,3,780,RECOCIDO_SIMULADO,172.283657,4101,12053.415,416.748333,116.366667,0,0,true,true,68,52.941176,11000,1578,28.676471,162.079758
BASE,N025-I03,25,3,3,780,GENETICO,620.926488,9060,12053.415,416.748333,116.366667,0,0,true,true,68,52.941176,11000,1578,28.676471,
BASE,N025-I03,25,3,4,781,GENETICO,1043.520793,9060,12052.415,415.748333,116.366667,0,0,true,true,68,52.941176,10920,1578,28.676471,
BASE,N025-I03,25,3,4,781,RECOCIDO_SIMULADO,184.047303,4261,12053.415,416.748333,116.366667,0,0,true,true,68,52.941176,11000,1578,28.676471,200.72606
BASE,N025-I03,25,3,5,782,RECOCIDO_SIMULADO,166.507343,4021,12053.415,416.748333,116.366667,0,0,true,true,68,52.941176,11000,1578,28.676471,145.009174
BASE,N025-I03,25,3,5,782,GENETICO,1150.609379,9060,12052.515,415.848333,116.366667,0,0,true,true,68,52.941176,11752,1682,28.676471,
BASE,N025-I03,25,3,6,783,GENETICO,887.924999,9060,12052.215,415.548333,116.366667,0,0,true,true,68,52.941176,11736,1680,28.676471,
BASE,N025-I03,25,3,6,783,RECOCIDO_SIMULADO,173.507161,4261,12053.415,416.748333,116.366667,0,0,true,true,68,52.941176,11000,1578,28.676471,199.93687
BASE,N025-I03,25,3,7,784,RECOCIDO_SIMULADO,175.642637,4261,12053.415,416.748333,116.366667,0,0,true,true,68,52.941176,11000,1578,28.676471,200.684527
BASE,N025-I03,25,3,7,784,GENETICO,583.769234,9060,12053.415,416.748333,116.366667,0,0,true,true,68,52.941176,11000,1578,28.676471,
BASE,N025-I03,25,3,8,785,GENETICO,595.13553,9060,12052.415,415.748333,116.366667,0,0,true,true,68,52.941176,10920,1578,28.676471,
BASE,N025-I03,25,3,8,785,RECOCIDO_SIMULADO,191.966775,4381,12053.415,416.748333,116.366667,0,0,true,true,68,52.941176,11000,1578,28.676471,239.321755
BASE,N025-I03,25,3,9,786,RECOCIDO_SIMULADO,183.308673,4181,12053.415,416.748333,116.366667,0,0,true,true,68,52.941176,11000,1578,28.676471,184.348607
BASE,N025-I03,25,3,9,786,GENETICO,823.144965,9060,12053.415,416.748333,116.366667,0,0,true,true,68,52.941176,11000,1578,28.676471,
BASE,N025-I03,25,3,10,787,GENETICO,992.628895,9060,12053.115,416.448333,116.366667,0,0,true,true,68,52.941176,10984,1576,28.676471,
BASE,N025-I03,25,3,10,787,RECOCIDO_SIMULADO,185.532431,4341,12053.415,416.748333,116.366667,0,0,true,true,68,52.941176,11000,1578,28.676471,223.550881
BASE,N025-I03,25,3,11,788,RECOCIDO_SIMULADO,183.065868,4341,12053.415,416.748333,116.366667,0,0,true,true,68,52.941176,11000,1578,28.676471,224.618332
BASE,N025-I03,25,3,11,788,GENETICO,950.102367,9060,12052.86,416.193333,116.366667,0,0,true,true,68,52.941176,11148,1578,28.676471,
BASE,N025-I03,25,3,12,789,GENETICO,1029.56013,9060,12052.515,415.848333,116.366667,0,0,true,true,68,52.941176,11752,1682,28.676471,
BASE,N025-I03,25,3,12,789,RECOCIDO_SIMULADO,178.750212,4181,12053.415,416.748333,116.366667,0,0,true,true,68,52.941176,11000,1578,28.676471,183.346781
BASE,N025-I03,25,3,13,790,RECOCIDO_SIMULADO,167.843964,4181,12053.415,416.748333,116.366667,0,0,true,true,68,52.941176,11000,1578,28.676471,183.402016
BASE,N025-I03,25,3,13,790,GENETICO,1021.920161,9060,12052.92,416.253333,116.366667,0,0,true,true,68,52.941176,11132,1578,28.676471,
BASE,N025-I03,25,3,14,791,GENETICO,998.91126,9060,12052.215,415.548333,116.366667,0,0,true,true,68,52.941176,11736,1680,28.676471,
BASE,N025-I03,25,3,14,791,RECOCIDO_SIMULADO,176.662683,4341,12053.415,416.748333,116.366667,0,0,true,true,68,52.941176,11000,1578,28.676471,229.279765
BASE,N050-I01,50,1,0,777,GENETICO,1743.854816,9060,106453.158333,1942.491667,1045.106667,0,0,true,true,28,7.142857,17304,2652,74.019608,
BASE,N050-I01,50,1,0,777,RECOCIDO_SIMULADO,692.728766,4861,106743.226667,1948.393333,1047.948333,0,0,true,true,28,7.142857,17924,2752,74.019608,435.936801
BASE,N050-I01,50,1,1,778,RECOCIDO_SIMULADO,714.632623,4981,106654.238333,1953.071667,1047.011667,0,0,true,true,28,7.142857,17784,2684,74.019608,509.359725
BASE,N050-I01,50,1,1,778,GENETICO,1703.214513,9060,106650.158333,1944.491667,1047.056667,0,0,true,true,28,7.142857,17060,2614,74.019608,
BASE,N050-I01,50,1,2,779,GENETICO,1999.569165,9060,104885.236667,1865.903333,980.193333,1,0,true,true,28,7.142857,17040,2594,71.568627,
BASE,N050-I01,50,1,2,779,RECOCIDO_SIMULADO,697.518201,4941,106398.548333,1950.381667,1044.481667,0,0,true,true,28,7.142857,17560,2546,74.019608,479.326678
BASE,N050-I01,50,1,3,780,RECOCIDO_SIMULADO,692.596087,4861,106485.608333,1949.108333,1045.365,0,0,true,true,28,7.142857,17734,2664,74.019608,442.609675
BASE,N050-I01,50,1,3,780,GENETICO,1693.682451,9060,106453.158333,1942.491667,1045.106667,0,0,true,true,28,7.142857,17304,2652,74.019608,
BASE,N050-I01,50,1,4,781,GENETICO,1695.735864,9060,106452.708333,1942.041667,1045.106667,0,0,true,true,28,7.142857,16712,2578,74.019608,
BASE,N050-I01,50,1,4,781,RECOCIDO_SIMULADO,693.513932,5021,106735.366667,1949.7,1047.856667,0,0,true,true,28,7.142857,17474,2622,74.019608,528.158764
BASE,N050-I01,50,1,5,782,RECOCIDO_SIMULADO,796.909511,4981,106586.331667,1953.165,1046.331667,0,0,true,true,28,7.142857,18390,2786,74.019608,521.229218
BASE,N050-I01,50,1,5,782,GENETICO,1699.992479,9060,106453.108333,1942.441667,1045.106667,0,0,true,true,28,7.142857,16664,2572,74.019608,
BASE,N050-I01,50,1,6,783,GENETICO,1698.167565,9060,106452.708333,1942.041667,1045.106667,0,0,true,true,28,7.142857,16712,2578,74.019608,
BASE,N050-I01,50,1,6,783,RECOCIDO_SIMULADO,638.155907,4821,106677.636667,1948.97,1047.286667,0,0,true,true,28,7.142857,19080,2898,74.019608,424.699827
BASE,N050-I01,50,1,7,784,RECOCIDO_SIMULADO,737.544924,5021,106450.816667,1955.316667,1044.955,0,0,true,true,28,7.142857,17420,2568,74.019608,523.663909
BASE,N050-I01,50,1,7,784,GENETICO,1683.184866,9060,106452.708333,1942.041667,1045.106667,0,0,true,true,28,7.142857,16712,2578,74.019608,
BASE,N050-I01,50,1,8,785,GENETICO,2143.103912,9060,105029.435,1867.435,981.62,1,0,true,true,28,7.142857,17124,2648,71.568627,
BASE,N050-I01,50,1,8,785,RECOCIDO_SIMULADO,704.548377,4901,106455.863333,1949.196667,1045.066667,0,0,true,true,28,7.142857,17576,2672,74.019608,468.043283
BASE,N050-I01,50,1,9,786,RECOCIDO_SIMULADO,672.706655,4901,106563.206667,1954.206667,1046.09,0,0,true,true,28,7.142857,18402,2696,74.019608,453.224503
BASE,N050-I01,50,1,9,786,GENETICO,1914.319318,9060,105066.96,1869.46,981.975,1,0,true,true,28,7.142857,17228,2646,71.568627,
BASE,N050-I01,50,1,10,787,GENETICO,1744.316592,9060,106452.708333,1942.041667,1045.106667,0,0,true,true,28,7.142857,16712,2578,74.019608,
BASE,N050-I01,50,1,10,787,RECOCIDO_SIMULADO,680.666113,5061,106575.83,1952.996667,1046.228333,0,0,true,true,28,7.142857,18384,2774,74.019608,557.181543
BASE,N050-I01,50,1,11,788,RECOCIDO_SIMULADO,670.684324,4861,106534.076667,1951.41,1045.826667,0,0,true,true,28,7.142857,17558,2706,74.019608,443.699494
BASE,N050-I01,50,1,11,788,GENETICO,1907.036369,9060,106361.628333,1941.461667,1044.201667,0,0,true,true,28,7.142857,16480,2534,74.019608,
BASE,N050-I01,50,1,12,789,GENETICO,1697.561548,9060,106452.708333,1942.041667,1045.106667,0,0,true,true,28,7.142857,16712,2578,74.019608,
BASE,N050-I01,50,1,12,789,RECOCIDO_SIMULADO,690.872148,4901,106270.275,1947.108333,1043.231667,0,0,true,true,28,7.142857,17042,2488,74.019608,464.191629
BASE,N050-I01,50,1,13,790,RECOCIDO_SIMULADO,681.24499,4861,106522.66,1945.66,1045.77,0,0,true,true,28,7.142857,17064,2626,74.019608,431.136448
BASE,N050-I01,50,1,13,790,GENETICO,1720.660975,9060,106594.563333,1943.396667,1046.511667,0,0,true,true,28,7.142857,16760,2570,74.019608,
BASE,N050-I01,50,1,14,791,GENETICO,1659.249322,9060,106453.208333,1942.541667,1045.106667,0,0,true,true,28,7.142857,17048,2620,74.019608,
BASE,N050-I01,50,1,14,791,RECOCIDO_SIMULADO,684.011894,4981,106683.468333,1949.135,1047.343333,0,0,true,true,28,7.142857,17482,2684,74.019608,518.430417
BASE,N050-I02,50,2,0,777,GENETICO,988.79627,9060,80331.358333,1605.691667,787.256667,0,0,true,true,28,17.647059,17564,2640,54.166667,
BASE,N050-I02,50,2,0,777,RECOCIDO_SIMULADO,211.544441,4901,80291.548333,1610.715,786.808333,0,0,true,true,28,17.647059,17744,2634,54.166667,468.890587
BASE,N050-I02,50,2,1,778,RECOCIDO_SIMULADO,211.949316,5021,80150.646667,1614.98,785.356667,0,0,true,true,26,14.705882,18058,2638,54.166667,548.012121
BASE,N050-I02,50,2,1,778,GENETICO,701.360308,9060,80159.153333,1603.486667,785.556667,0,0,true,true,28,17.647059,17460,2634,54.166667,
BASE,N050-I02,50,2,2,779,GENETICO,687.5387,9060,80159.153333,1603.486667,785.556667,0,0,true,true,28,17.647059,17588,2650,54.166667,
BASE,N050-I02,50,2,2,779,RECOCIDO_SIMULADO,207.593905,4901,80222.08,1615.913333,786.061667,0,0,true,true,28,17.647059,16250,2354,54.166667,457.201211
BASE,N050-I02,50,2,3,780,RECOCIDO_SIMULADO,206.42884,4941,80147.303333,1613.97,785.333333,0,0,true,true,28,17.647059,18100,2870,54.166667,489.860527
BASE,N050-I02,50,2,3,780,GENETICO,662.930928,9060,80159.153333,1603.486667,785.556667,0,0,true,true,28,17.647059,17588,2650,54.166667,
BASE,N050-I02,50,2,4,781,GENETICO,698.304962,9060,80159.153333,1603.486667,785.556667,0,0,true,true,28,17.647059,17460,2634,54.166667,
BASE,N050-I02,50,2,4,781,RECOCIDO_SIMULADO,215.79436,5101,80276.178333,1615.011667,786.611667,0,0,true,true,28,17.647059,17752,2668,54.166667,593.3837
BASE,N050-I02,50,2,5,782,RECOCIDO_SIMULADO,217.272306,4941,80229.048333,1612.715,786.163333,0,0,true,true,28,17.647059,18348,2904,54.166667,484.307323
BASE,N050-I02,50,2,5,782,GENETICO,728.58314,9060,80305.573333,1604.906667,787.006667,0,0,true,true,28,17.647059,17488,2636,54.166667,
BASE,N050-I02,50,2,6,783,GENETICO,674.327333,9060,80175.475,1604.808333,785.706667,0,0,true,true,28,17.647059,17756,2630,54.166667,
BASE,N050-I02,50,2,6,783,RECOCIDO_SIMULADO,214.348516,5061,80178.798333,1613.131667,785.656667,0,0,true,true,28,17.647059,18186,2716,54.166667,557.050502
BASE,N050-I02,50,2,7,784,RECOCIDO_SIMULADO,205.931259,4901,80215.26,1616.926667,785.983333,0,0,true,true,26,14.705882,17882,2582,54.166667,462.289568
BASE,N050-I02,50,2,7,784,GENETICO,667.105436,9060,80159.153333,1603.486667,785.556667,0,0,true,true,28,17.647059,17460,2634,54.166667,
BASE,N050-I02,50,2,8,785,GENETICO,695.074812,9060,80159.153333,1603.486667,785.556667,0,0,true,true,28,17.647059,17460,2634,54.166667,
BASE,N050-I02,50,2,8,785,RECOCIDO_SIMULADO,203.813234,4861,80036.188333,1609.688333,784.265,0,0,true,true,28,17.647059,18072,2774,54.166667,442.49111
BASE,N050-I02,50,2,9,786,RECOCIDO_SIMULADO,206.637442,4861,80070.346667,1616.346667,784.54,0,0,true,true,26,14.705882,17278,2620,54.166667,447.530587
BASE,N050-I02,50,2,9,786,GENETICO,831.026848,9060,80116.17,1602.503333,785.136667,0,0,true,true,28,17.647059,17072,2526,54.166667,
BASE,N050-I02,50,2,10,787,GENETICO,696.465681,9060,80106.633333,1603.466667,785.031667,0,0,true,true,28,17.647059,17444,2610,54.166667,
BASE,N050-I02,50,2,10,787,RECOCIDO_SIMULADO,216.034652,4981,80221.005,1613.338333,786.076667,0,0,true,true,28,17.647059,17962,2694,54.166667,519.996881
BASE,N050-I02,50,2,11,788,RECOCIDO_SIMULADO,209.700872,4941,80170.778333,1609.945,785.608333,0,0,true,true,28,17.647059,18348,2788,54.166667,475.861053
BASE,N050-I02,50,2,11,788,GENETICO,1050.536034,9060,80003.928333,1602.761667,784.011667,0,0,true,true,28,17.647059,16988,2528,54.166667,
BASE,N050-I02,50,2,12,789,GENETICO,676.022507,9060,80160.708333,1605.041667,785.556667,0,0,true,true,28,17.647059,17508,2618,54.166667,
BASE,N050-I02,50,2,12,789,RECOCIDO_SIMULADO,213.755672,4941,80301.165,1613.665,786.875,0,0,true,true,28,17.647059,17942,2734,54.166667,490.861189
BASE,N050-I02,50,2,13,790,RECOCIDO_SIMULADO,212.035547,4821,80056.17,1611.336667,784.448333,0,0,true,true,26,14.705882,18172,2664,54.166667,418.094248
BASE,N050-I02,50,2,13,790,GENETICO,841.187028,9060,79993.088333,1602.755,783.903333,0,0,true,true,28,17.647059,16802,2472,54.166667,
BASE,N050-I02,50,2,14,791,GENETICO,691.930597,9060,80159.153333,1603.486667,785.556667,0,0,true,true,28,17.647059,17588,2650,54.166667,
BASE,N050-I02,50,2,14,791,RECOCIDO_SIMULADO,224.521625,4941,80230.43,1613.096667,786.173333,0,0,true,true,28,17.647059,18960,2830,54.166667,477.97172
BASE,N050-I03,50,3,0,777,GENETICO,656.05403,9060,82700.761667,1731.095,809.696667,0,0,true,true,26,14.814815,14480,2180,64.460784,
BASE,N050-I03,50,3,0,777,RECOCIDO_SIMULADO,215.305934,4901,82917.253333,1738.086667,811.791667,0,0,true,true,28,14.814815,16190,2490,64.460784,453.798166
BASE,N050-I03,50,3,1,778,RECOCIDO_SIMULADO,215.060988,4861,82873.855,1741.521667,811.323333,0,0,true,true,26,14.814815,16806,2552,64.460784,439.568179
BASE,N050-I03,50,3,1,778,GENETICO,638.042148,9060,82702.031667,1732.365,809.696667,0,0,true,true,26,14.814815,14768,2202,64.460784,
BASE,N050-I03,50,3,2,779,GENETICO,693.315895,9060,82683.978333,1731.978333,809.52,0,0,true,true,26,14.814815,14666,2228,64.460784,
BASE,N050-I03,50,3,2,779,RECOCIDO_SIMULADO,202.359609,4621,82854.738333,1736.738333,811.18,0,0,true,true,26,14.814815,16418,2532,64.460784,315.469792
BASE,N050-I03,50,3,3,780,RECOCIDO_SIMULADO,214.465612,4941,82917.176667,1739.343333,811.778333,0,0,true,true,28,14.814815,15978,2410,64.460784,493.323991
BASE,N050-I03,50,3,3,780,GENETICO,650.706616,9060,82700.761667,1731.095,809.696667,0,0,true,true,26,14.814815,14480,2180,64.460784,
BASE,N050-I03,50,3,4,781,GENETICO,722.054007,9060,82646.321667,1730.655,809.156667,0,0,true,true,26,14.814815,14672,2196,64.460784,
BASE,N050-I03,50,3,4,781,RECOCIDO_SIMULADO,216.762456,5061,82907.101667,1741.268333,811.658333,0,0,true,true,28,14.814815,16368,2514,64.460784,550.38321
BASE,N050-I03,50,3,5,782,RECOCIDO_SIMULADO,217.40019,4981,82903.323333,1744.823333,811.585,0,0,true,true,26,14.814815,17570,2650,64.460784,503.995232
BASE,N050-I03,50,3,5,782,GENETICO,666.10846,9060,82700.761667,1731.095,809.696667,0,0,true,true,26,14.814815,14480,2180,64.460784,
BASE,N050-I03,50,3,6,783,GENETICO,809.9098,9060,82700.761667,1731.095,809.696667,0,0,true,true,26,14.814815,14480,2180,64.460784,
BASE,N050-I03,50,3,6,783,RECOCIDO_SIMULADO,215.529532,4901,82832.431667,1742.431667,810.9,0,0,true,true,26,11.111111,16592,2600,64.460784,461.466739
BASE,N050-I03,50,3,7,784,RECOCIDO_SIMULADO,213.047604,4981,82934.84,1740.173333,811.946667,0,0,true,true,28,14.814815,16786,2566,64.460784,512.551116
BASE,N050-I03,50,3,7,784,GENETICO,696.749771,9060,82686.061667,1731.395,809.546667,0,0,true,true,26,14.814815,14188,2136,64.460784,
BASE,N050-I03,50,3,8,785,GENETICO,603.149653,9060,82700.761667,1731.095,809.696667,0,0,true,true,26,14.814815,14480,2180,64.460784,
BASE,N050-I03,50,3,8,785,RECOCIDO_SIMULADO,202.826712,4861,82938.1,1736.766667,812.013333,0,0,true,true,26,14.814815,14444,2128,64.460784,432.523711
BASE,N050-I03,50,3,9,786,RECOCIDO_SIMULADO,205.017873,4861,82942.588333,1746.088333,811.965,0,0,true,true,26,14.814815,17604,2600,64.460784,445.929817
BASE,N050-I03,50,3,9,786,GENETICO,601.851389,9060,82701.811667,1732.145,809.696667,0,0,true,true,26,14.814815,14388,2146,64.460784,
BASE,N050-I03,50,3,10,787,GENETICO,618.350992,9060,82700.761667,1731.095,809.696667,0,0,true,true,26,14.814815,14480,2180,64.460784,
BASE,N050-I03,50,3,10,787,RECOCIDO_SIMULADO,208.657585,4861,83023.95,1737.616667,812.863333,0,0,true,true,26,14.814815,14444,2128,64.460784,430.09491
BASE,N050-I03,50,3,11,788,RECOCIDO_SIMULADO,204.878435,4861,82891.021667,1741.355,811.496667,0,0,true,true,26,11.111111,16814,2602,64.460784,447.125671
BASE,N050-I03,50,3,11,788,GENETICO,676.636774,9060,82700.761667,1731.095,809.696667,0,0,true,true,26,14.814815,14480,2180,64.460784,
BASE,N050-I03,50,3,12,789,GENETICO,815.953627,9060,82696.661667,1731.995,809.646667,0,0,true,true,26,14.814815,14464,2178,64.460784,
BASE,N050-I03,50,3,12,789,RECOCIDO_SIMULADO,209.717512,4941,82880.945,1738.111667,811.428333,0,0,true,true,26,11.111111,16058,2400,64.460784,477.592644
BASE,N050-I03,50,3,13,790,RECOCIDO_SIMULADO,203.306202,4821,83023.27,1744.936667,812.783333,0,0,true,true,26,11.111111,17086,2594,64.460784,424.269798
BASE,N050-I03,50,3,13,790,GENETICO,676.216599,9060,82655.511667,1730.845,809.246667,0,0,true,true,26,14.814815,14648,2196,64.460784,
BASE,N050-I03,50,3,14,791,GENETICO,667.129393,9060,82713.555,1731.221667,809.823333,0,0,true,true,26,14.814815,14636,2232,64.460784,
BASE,N050-I03,50,3,14,791,RECOCIDO_SIMULADO,204.241413,4861,82829.956667,1738.623333,810.913333,0,0,true,true,24,11.111111,15752,2366,64.460784,441.400111
BASE,N100-I01,100,1,0,777,GENETICO,2074.718188,9060,404966.385,4513.718333,2954.526667,21,0,true,true,12,6.451613,22896,3734,88.235294,
BASE,N100-I01,100,1,0,777,RECOCIDO_SIMULADO,444.486879,4781,552751.963333,6358.796667,4613.931667,17,0,true,true,6,1.612903,24498,3984,98.284314,390.722733
BASE,N100-I01,100,1,1,778,RECOCIDO_SIMULADO,475.499707,5101,551747.005,6346.671667,4604.003333,17,0,true,true,6,1.612903,23392,3750,98.284314,598.124527
BASE,N100-I01,100,1,1,778,GENETICO,1737.308393,9060,404266.55,4607.05,2996.595,20,0,true,true,12,6.451613,22902,3702,92.892157,
BASE,N100-I01,100,1,2,779,GENETICO,2099.420798,9060,408001.865,4712.531667,3082.893333,19,0,true,true,13,8.064516,25130,4008,90.931373,
BASE,N100-I01,100,1,2,779,RECOCIDO_SIMULADO,458.330661,4901,552210.491667,6354.491667,4608.56,17,0,true,true,6,1.612903,23574,3844,98.284314,469.160798
BASE,N100-I01,100,1,3,780,RECOCIDO_SIMULADO,524.187418,4661,552154.645,6354.645,4608,17,0,true,true,6,1.612903,23312,3794,98.284314,342.534203
BASE,N100-I01,100,1,3,780,GENETICO,2047.419631,9060,412941.518333,4770.351667,3131.711667,19,0,true,true,13,8.064516,23812,3822,90.196078,
BASE,N100-I01,100,1,4,781,GENETICO,2605.107281,9060,407938.461667,4713.961667,3032.245,20,0,true,true,13,8.064516,24156,3846,86.27451,
BASE,N100-I01,100,1,4,781,RECOCIDO_SIMULADO,452.165142,4741,552155.47,6353.636667,4608.018333,17,0,true,true,6,1.612903,23446,3762,98.284314,380.308335
BASE,N100-I01,100,1,5,782,RECOCIDO_SIMULADO,467.011837,4861,551800.961667,6343.295,4604.576667,17,0,true,true,6,1.612903,22866,3694,98.284314,445.107264
BASE,N100-I01,100,1,5,782,GENETICO,2417.146379,9060,416375.788333,4701.788333,3116.74,20,0,true,true,12,6.451613,23964,3792,88.480392,
BASE,N100-I01,100,1,6,783,GENETICO,2207.386563,9060,421946.281667,4862.115,3170.841667,20,0,true,true,13,6.451613,21902,3524,88.480392,
BASE,N100-I01,100,1,6,783,RECOCIDO_SIMULADO,473.754558,4901,551808.61,6353.443333,4604.551667,17,0,true,true,6,1.612903,23342,3762,98.284314,455.396816
BASE,N100-I01,100,1,7,784,RECOCIDO_SIMULADO,460.907276,4621,552156.985,6355.818333,4608.011667,17,0,true,true,6,1.612903,24304,3926,98.284314,315.980484
BASE,N100-I01,100,1,7,784,GENETICO,1770.661045,9060,412889.6,4651.433333,3032.381667,21,0,true,true,12,6.451613,23536,3720,89.705882,
BASE,N100-I01,100,1,8,785,GENETICO,2234.433177,9060,414888.676667,4767.51,3101.211667,20,0,true,true,12,6.451613,22734,3542,86.029412,
BASE,N100-I01,100,1,8,785,RECOCIDO_SIMULADO,466.905106,4861,552135.216667,6351.383333,4607.838333,17,0,true,true,6,1.612903,23352,3754,98.284314,425.814637
BASE,N100-I01,100,1,9,786,RECOCIDO_SIMULADO,462.380129,4861,551969.528333,6349.195,4606.203333,17,0,true,true,6,1.612903,23634,3776,98.284314,429.978417
BASE,N100-I01,100,1,9,786,GENETICO,2042.261685,9060,424040.32,4752.82,3142.875,21,0,true,true,11,4.83871,22720,3726,91.666667,
BASE,N100-I01,100,1,10,787,GENETICO,1881.199902,9060,406393.256667,4681.923333,3067.113333,19,0,true,true,14,9.677419,24084,3794,91.176471,
BASE,N100-I01,100,1,10,787,RECOCIDO_SIMULADO,427.65587,4461,552333.315,6358.315,4609.75,17,0,true,true,6,1.612903,24388,3934,98.284314,262.800448
BASE,N100-I01,100,1,11,788,RECOCIDO_SIMULADO,456.582119,4701,552416.086667,6356.92,4610.591667,17,0,true,true,6,1.612903,24014,3938,98.284314,351.807437
BASE,N100-I01,100,1,11,788,GENETICO,2107.750035,9060,401333.161667,4603.328333,2967.298333,20,0,true,true,14,9.677419,21654,3436,86.519608,
BASE,N100-I01,100,1,12,789,GENETICO,2188.348225,9060,415971.601667,4785.935,3161.856667,19,0,true,true,14,9.677419,21996,3512,90.441176,
BASE,N100-I01,100,1,12,789,RECOCIDO_SIMULADO,468.257391,4741,557034.706667,6331.54,4607.031667,18,0,true,true,5,1.612903,23878,3842,97.54902,376.836143
BASE,N100-I01,100,1,13,790,RECOCIDO_SIMULADO,469.516089,4741,556928.638333,6328.971667,4605.996667,18,0,true,true,5,1.612903,22550,3664,97.54902,365.393199
BASE,N100-I01,100,1,13,790,GENETICO,2485.575243,9060,404588.671667,4581.505,2950.071667,21,0,true,true,13,8.064516,23914,3652,85.04902,
BASE,N100-I01,100,1,14,791,GENETICO,1968.917354,9060,398150.74,4530.906667,2936.198333,20,0,true,true,13,8.064516,23118,3662,90.441176,
BASE,N100-I01,100,1,14,791,RECOCIDO_SIMULADO,462.930587,4941,552153.616667,6355.116667,4607.985,17,0,true,true,6,1.612903,23980,3864,98.284314,471.866709
BASE,N100-I02,100,2,0,777,GENETICO,3516.304261,9060,454117.973333,5051.306667,3490.666667,20,0,true,true,16,8.62069,22370,3556,90.931373,
BASE,N100-I02,100,2,0,777,RECOCIDO_SIMULADO,1144.203944,4541,570425.671667,6509.505,4789.161667,15,1,false,true,11,3.448276,21568,3490,97.303922,282.994342
BASE,N100-I02,100,2,1,778,RECOCIDO_SIMULADO,1157.648281,4581,570443.166667,6515,4789.281667,15,1,false,true,11,3.448276,21574,3470,97.303922,311.685139
BASE,N100-I02,100,2,1,778,GENETICO,3771.764599,9060,450778.243333,5150.91,3506.273333,19,0,true,true,15,8.62069,22108,3574,93.137255,
BASE,N100-I02,100,2,2,779,GENETICO,3663.712227,9060,456953.233333,5079.4,3468.738333,21,0,true,true,12,3.448276,20450,3296,90.686275,
BASE,N100-I02,100,2,2,779,RECOCIDO_SIMULADO,1037.195699,4461,574589.398333,6487.565,4781.018333,16,1,false,true,9,3.448276,21408,3392,96.078431,257.795263
BASE,N100-I02,100,2,3,780,RECOCIDO_SIMULADO,1115.631032,4661,574994.986667,6494.653333,4785.003333,16,1,false,true,9,3.448276,21616,3484,96.078431,339.463118
BASE,N100-I02,100,2,3,780,GENETICO,3400.935666,9060,446085.59,5083.756667,3460.018333,19,0,true,true,16,8.62069,20772,3310,91.911765,
BASE,N100-I02,100,2,4,781,GENETICO,3487.203597,9060,461485.216667,5121.55,3513.636667,21,0,true,true,14,5.172414,20060,3336,90.196078,
BASE,N100-I02,100,2,4,781,RECOCIDO_SIMULADO,1072.560896,4661,575267.73,6499.73,4787.68,16,1,false,true,9,3.448276,21268,3458,96.078431,331.90876
BASE,N100-I02,100,2,5,782,RECOCIDO_SIMULADO,1101.759771,4621,570381.151667,6511.651667,4788.695,15,1,false,true,10,3.448276,21698,3586,97.303922,316.864075
BASE,N100-I02,100,2,5,782,GENETICO,3799.886735,9060,463329.948333,5130.281667,3581.996667,20,0,true,true,14,5.172414,22160,3474,89.215686,
BASE,N100-I02,100,2,6,783,GENETICO,3988.059551,9060,447627.551667,4977.551667,3426.5,20,0,true,true,15,8.62069,19296,3052,89.95098,
BASE,N100-I02,100,2,6,783,RECOCIDO_SIMULADO,1113.911774,4741,570091.22,6511.053333,4785.801667,15,1,false,true,10,3.448276,21776,3516,97.303922,375.36838
BASE,N100-I02,100,2,7,784,RECOCIDO_SIMULADO,1068.463252,4581,570156.4,6506.566667,4786.498333,15,1,false,true,10,3.448276,21082,3428,97.303922,307.087357
BASE,N100-I02,100,2,7,784,GENETICO,3350.708769,9060,453383.571667,5111.071667,3532.725,19,0,true,true,15,6.896552,20688,3368,91.666667,
BASE,N100-I02,100,2,8,785,GENETICO,3384.88252,9060,454547.668333,5023.668333,3445.24,21,0,true,true,13,5.172414,20858,3314,92.401961,
BASE,N100-I02,100,2,8,785,RECOCIDO_SIMULADO,1040.379348,4421,577612.705,6532.705,4810.8,16,1,false,true,8,3.448276,20606,3282,96.813725,254.373112
BASE,N100-I02,100,2,9,786,RECOCIDO_SIMULADO,1039.585113,4501,570345.758333,6507.758333,4788.38,15,1,false,true,11,3.448276,21818,3560,97.303922,268.85755
BASE,N100-I02,100,2,9,786,GENETICO,3615.695159,9060,448476.856667,4991.023333,3384.858333,21,0,true,true,15,6.896552,21672,3460,88.235294,
BASE,N100-I02,100,2,10,787,GENETICO,3358.185096,9060,441318.46,4990.126667,3313.283333,21,0,true,true,16,8.62069,20644,3254,91.666667,
BASE,N100-I02,100,2,10,787,RECOCIDO_SIMULADO,1013.555928,4381,575454.23,6498.23,4789.56,16,1,false,true,9,3.448276,21382,3500,96.078431,236.036071
BASE,N100-I02,100,2,11,788,RECOCIDO_SIMULADO,1068.041087,4541,574935.383333,6492.883333,4784.425,16,1,false,true,9,3.448276,21784,3472,96.078431,284.758375
BASE,N100-I02,100,2,11,788,GENETICO,3492.528807,9060,433260.333333,4876.833333,3283.835,20,0,true,true,16,8.62069,20682,3390,92.156863,
BASE,N100-I02,100,2,12,789,GENETICO,3806.397162,9060,458414.965,4914.465,3435.005,22,0,true,true,14,6.896552,18894,3048,87.990196,
BASE,N100-I02,100,2,12,789,RECOCIDO_SIMULADO,1113.939706,4701,574538.666667,6488,4780.506667,16,1,false,true,9,3.448276,21314,3336,96.078431,349.489386
BASE,N100-I02,100,2,13,790,RECOCIDO_SIMULADO,999.316875,4381,575195.226667,6496.56,4786.986667,16,1,false,true,9,3.448276,21968,3512,96.078431,240.026876
BASE,N100-I02,100,2,13,790,GENETICO,3427.285341,9060,462441.806667,5192.306667,3572.495,20,0,true,true,14,3.448276,21870,3594,90.441176,
BASE,N100-I02,100,2,14,791,GENETICO,3630.702467,9060,461344.096667,5064.43,3512.796667,21,0,true,true,15,6.896552,22386,3636,88.72549,
BASE,N100-I02,100,2,14,791,RECOCIDO_SIMULADO,1074.485616,4541,570468.546667,6500.546667,4789.68,15,1,false,true,11,3.448276,21448,3472,97.303922,287.524934
BASE,N100-I03,100,3,0,777,GENETICO,2685.355767,9060,456989.026667,4798.026667,3271.91,23,1,false,true,13,4.6875,20658,3308,91.421569,
BASE,N100-I03,100,3,0,777,RECOCIDO_SIMULADO,784.56393,4861,590002.863333,6287.363333,4787.155,19,1,false,true,7,1.5625,20760,3310,98.284314,427.527953
BASE,N100-I03,100,3,1,778,RECOCIDO_SIMULADO,746.382315,4861,591733.978333,6212.478333,4755.215,20,1,false,true,6,1.5625,21476,3434,97.058824,431.855441
BASE,N100-I03,100,3,1,778,GENETICO,2522.099432,9060,464107.373333,4822.206667,3342.851667,23,1,false,true,14,4.6875,21180,3372,91.911765,
BASE,N100-I03,100,3,2,779,GENETICO,2315.488141,9060,448041.688333,4545.188333,3134.965,24,1,false,true,12,4.6875,20148,3240,95.098039,
BASE,N100-I03,100,3,2,779,RECOCIDO_SIMULADO,725.641415,4661,589796.256667,6291.423333,4785.048333,19,1,false,true,6,1.5625,22072,3482,98.284314,346.026379
BASE,N100-I03,100,3,3,780,RECOCIDO_SIMULADO,758.652653,4821,590047.996667,6289.33,4787.586667,19,1,false,true,6,1.5625,21420,3422,98.284314,419.142724
BASE,N100-I03,100,3,3,780,GENETICO,2651.087225,9060,446891.68,4587.68,3073.04,25,1,false,true,12,3.125,19092,3020,89.215686,
BASE,N100-I03,100,3,4,781,GENETICO,3029.816715,9060,480168.746667,5108.58,3550.601667,22,1,false,true,11,3.125,21722,3414,90.441176,
BASE,N100-I03,100,3,4,781,RECOCIDO_SIMULADO,749.934479,4701,589801.868333,6283.201667,4785.186667,19,1,false,true,6,1.5625,21510,3388,98.284314,355.609675
BASE,N100-I03,100,3,5,782,RECOCIDO_SIMULADO,736.184117,4621,591771.595,6226.261667,4755.453333,20,1,false,true,5,1.5625,21436,3464,97.058824,313.868128
BASE,N100-I03,100,3,5,782,GENETICO,2658.234563,9060,468810.44,5008.94,3488.015,21,1,false,true,12,3.125,21068,3294,92.156863,
BASE,N100-I03,100,3,6,783,GENETICO,2517.036627,9060,447734.046667,4601.38,3081.326667,25,1,false,true,11,3.125,21746,3522,91.421569,
BASE,N100-I03,100,3,6,783,RECOCIDO_SIMULADO,736.047333,4821,591992.648333,6219.481667,4757.731667,20,1,false,true,7,3.125,21042,3398,97.058824,407.005439
BASE,N100-I03,100,3,7,784,RECOCIDO_SIMULADO,734.078518,4741,590578.02,6291.02,4792.87,19,1,false,true,6,1.5625,20766,3362,98.284314,376.380615
BASE,N100-I03,100,3,7,784,GENETICO,3007.859066,9060,467648.366667,4875.533333,3377.728333,23,1,false,true,12,1.5625,21850,3354,87.009804,
BASE,N100-I03,100,3,8,785,GENETICO,2550.871875,9060,449468.45,4678.45,3147.9,24,1,false,true,11,3.125,20094,3138,92.647059,
BASE,N100-I03,100,3,8,785,RECOCIDO_SIMULADO,764.606591,4781,592016.825,6218.658333,4757.981667,20,1,false,true,5,1.5625,21078,3378,97.058824,385.819389
BASE,N100-I03,100,3,9,786,RECOCIDO_SIMULADO,722.556977,4661,592864.661667,6146.828333,4717.178333,21,1,false,true,7,1.5625,20434,3294,95.833333,333.986814
BASE,N100-I03,100,3,9,786,GENETICO,2664.426679,9060,457144.22,4816.72,3323.275,22,1,false,true,11,3.125,20120,3186,93.382353,
BASE,N100-I03,100,3,10,787,GENETICO,3236.848494,9060,458358.431667,4791.098333,3285.673333,23,1,false,true,12,3.125,19314,3066,87.254902,
BASE,N100-I03,100,3,10,787,RECOCIDO_SIMULADO,743.705201,4741,590092.675,6284.175,4788.085,19,1,false,true,6,1.5625,20708,3370,98.284314,382.208084
BASE,N100-I03,100,3,11,788,RECOCIDO_SIMULADO,750.231213,4781,593334.761667,6149.928333,4721.848333,21,1,false,true,6,1.5625,20398,3280,95.833333,397.466251
BASE,N100-I03,100,3,11,788,GENETICO,2390.71425,9060,457674.526667,4646.693333,3180.278333,25,1,false,true,11,3.125,20920,3372,91.911765,
BASE,N100-I03,100,3,12,789,GENETICO,2457.467346,9060,455842.631667,4828.965,3260.136667,23,1,false,true,13,3.125,22510,3506,92.892157,
BASE,N100-I03,100,3,12,789,RECOCIDO_SIMULADO,751.155602,4861,591971.525,6223.525,4757.48,20,1,false,true,7,3.125,21390,3456,97.058824,431.47399
BASE,N100-I03,100,3,13,790,RECOCIDO_SIMULADO,740.099887,4781,590912.771667,6288.938333,4796.238333,19,1,false,true,6,1.5625,21984,3518,98.284314,388.447373
BASE,N100-I03,100,3,13,790,GENETICO,2889.609043,9060,461991.875,4823.375,3321.685,23,1,false,true,12,4.6875,21302,3328,88.480392,
BASE,N100-I03,100,3,14,791,GENETICO,2340.963727,9060,455608.475,4823.975,3307.845,22,1,false,true,11,3.125,18664,3012,94.117647,
BASE,N100-I03,100,3,14,791,RECOCIDO_SIMULADO,744.710038,4701,592617.401667,6226.235,4763.911667,20,1,false,true,6,1.5625,20834,3408,97.058824,358.489533
