escenario,escenario_operativo,perfil_presion,instancia,tamanio_inicial,instante,primer_pedido,ultimo_pedido,cantidad_total_qq,capacidad_disponible_qq,prioritarios,vehiculos_disponibles,vehiculos_en_mantenimiento,vehiculos_en_baja_por_perfil,bloqueos_programados,bloqueos_activos_al_planificar
OPERACION_DIARIA-NORMAL-N01,OPERACION_DIARIA,NORMAL,1,28,2026-04-01T00:00,2026-04-01T00:27,2026-04-01T23:28,147,408,23,37,,,23,0
OPERACION_DIARIA-NORMAL-N02,OPERACION_DIARIA,NORMAL,2,27,2026-04-01T00:00,2026-04-01T00:18,2026-04-01T23:28,147,408,15,37,,,20,0
OPERACION_DIARIA-NORMAL-N03,OPERACION_DIARIA,NORMAL,3,34,2026-04-01T00:00,2026-04-01T01:04,2026-04-01T23:17,185,408,17,37,,,23,0
OPERACION_DIARIA-NORMAL-N04,OPERACION_DIARIA,NORMAL,4,27,2026-04-01T00:00,2026-04-01T00:20,2026-04-01T23:55,126,408,9,37,,,20,0
OPERACION_DIARIA-NORMAL-N05,OPERACION_DIARIA,NORMAL,5,44,2026-04-01T00:00,2026-04-01T01:01,2026-04-01T22:41,249,408,28,37,,,21,0
OPERACION_DIARIA-ALTA-N01,OPERACION_DIARIA,ALTA,1,38,2026-04-01T00:00,2026-04-01T00:27,2026-04-01T23:28,188,408,27,37,,,29,0
OPERACION_DIARIA-ALTA-N02,OPERACION_DIARIA,ALTA,2,42,2026-04-01T00:00,2026-04-01T00:18,2026-04-01T23:28,217,408,22,37,,,25,0
OPERACION_DIARIA-ALTA-N03,OPERACION_DIARIA,ALTA,3,46,2026-04-01T00:00,2026-04-01T01:04,2026-04-01T23:17,247,408,23,37,,,24,0
OPERACION_DIARIA-ALTA-N04,OPERACION_DIARIA,ALTA,4,35,2026-04-01T00:00,2026-04-01T00:20,2026-04-01T23:55,177,408,13,37,,,25,0
OPERACION_DIARIA-ALTA-N05,OPERACION_DIARIA,ALTA,5,55,2026-04-01T00:00,2026-04-01T00:41,2026-04-01T23:20,304,408,36,37,,,26,0
OPERACION_DIARIA-CRITICA-N01,OPERACION_DIARIA,CRITICA,1,40,2026-04-01T00:00,2026-04-01T00:27,2026-04-01T23:28,199,408,28,37,,,30,0
OPERACION_DIARIA-CRITICA-N02,OPERACION_DIARIA,CRITICA,2,42,2026-04-01T00:00,2026-04-01T00:18,2026-04-01T23:28,217,408,22,37,,,30,0
OPERACION_DIARIA-CRITICA-N03,OPERACION_DIARIA,CRITICA,3,52,2026-04-01T00:00,2026-04-01T01:04,2026-04-01T23:17,272,408,27,37,,,28,0
OPERACION_DIARIA-CRITICA-N04,OPERACION_DIARIA,CRITICA,4,43,2026-04-01T00:00,2026-04-01T00:20,2026-04-01T23:55,224,408,18,37,,,26,0
OPERACION_DIARIA-CRITICA-N05,OPERACION_DIARIA,CRITICA,5,60,2026-04-01T00:00,2026-04-01T00:41,2026-04-01T23:20,321,408,38,37,,,29,0
SIMULACION_CINCO_DIAS-NORMAL-N01,SIMULACION_CINCO_DIAS,NORMAL,1,196,2026-04-01T00:00,2026-04-01T01:18,2026-04-05T22:56,1048,408,143,37,,,96,0
SIMULACION_CINCO_DIAS-NORMAL-N02,SIMULACION_CINCO_DIAS,NORMAL,2,151,2026-04-01T00:00,2026-04-01T00:10,2026-04-05T23:10,791,408,88,37,,,89,0
SIMULACION_CINCO_DIAS-NORMAL-N03,SIMULACION_CINCO_DIAS,NORMAL,3,172,2026-04-01T00:00,2026-04-01T01:34,2026-04-05T23:10,877,408,95,37,,,100,0
SIMULACION_CINCO_DIAS-NORMAL-N04,SIMULACION_CINCO_DIAS,NORMAL,4,176,2026-04-01T00:00,2026-04-01T00:45,2026-04-05T23:19,949,408,107,37,,,103,0
SIMULACION_CINCO_DIAS-NORMAL-N05,SIMULACION_CINCO_DIAS,NORMAL,5,144,2026-04-01T00:00,2026-04-01T00:14,2026-04-05T23:26,781,408,83,37,,,95,0
SIMULACION_CINCO_DIAS-ALTA-N01,SIMULACION_CINCO_DIAS,ALTA,1,246,2026-04-01T00:00,2026-04-01T01:18,2026-04-05T23:10,1289,408,177,37,,,131,0
SIMULACION_CINCO_DIAS-ALTA-N02,SIMULACION_CINCO_DIAS,ALTA,2,210,2026-04-01T00:00,2026-04-01T00:10,2026-04-05T23:10,1120,408,126,37,,,119,0
SIMULACION_CINCO_DIAS-ALTA-N03,SIMULACION_CINCO_DIAS,ALTA,3,246,2026-04-01T00:00,2026-04-01T00:44,2026-04-05T23:10,1256,408,144,37,,,122,0
SIMULACION_CINCO_DIAS-ALTA-N04,SIMULACION_CINCO_DIAS,ALTA,4,235,2026-04-01T00:00,2026-04-01T00:45,2026-04-05T23:19,1282,408,149,37,,,137,0
SIMULACION_CINCO_DIAS-ALTA-N05,SIMULACION_CINCO_DIAS,ALTA,5,194,2026-04-01T00:00,2026-04-01T00:14,2026-04-05T23:26,1055,408,115,37,,,114,0
SIMULACION_CINCO_DIAS-CRITICA-N01,SIMULACION_CINCO_DIAS,CRITICA,1,270,2026-04-01T00:00,2026-04-01T01:18,2026-04-05T23:10,1443,408,191,37,,,150,0
SIMULACION_CINCO_DIAS-CRITICA-N02,SIMULACION_CINCO_DIAS,CRITICA,2,233,2026-04-01T00:00,2026-04-01T00:10,2026-04-05T23:10,1259,408,143,37,,,135,0
SIMULACION_CINCO_DIAS-CRITICA-N03,SIMULACION_CINCO_DIAS,CRITICA,3,278,2026-04-01T00:00,2026-04-01T00:44,2026-04-05T23:10,1418,408,164,37,,,138,0
SIMULACION_CINCO_DIAS-CRITICA-N04,SIMULACION_CINCO_DIAS,CRITICA,4,257,2026-04-01T00:00,2026-04-01T00:45,2026-04-05T23:19,1390,408,161,37,,,153,0
SIMULACION_CINCO_DIAS-CRITICA-N05,SIMULACION_CINCO_DIAS,CRITICA,5,223,2026-04-01T00:00,2026-04-01T00:09,2026-04-05T23:44,1194,408,131,37,,,134,0
COLAPSO_LOGISTICO-NORMAL-N01,COLAPSO_LOGISTICO,NORMAL,1,32,2026-04-01T00:00,2026-04-01T00:23,2026-04-01T23:50,177,408,18,37,,,20,0
COLAPSO_LOGISTICO-NORMAL-N02,COLAPSO_LOGISTICO,NORMAL,2,25,2026-04-01T00:00,2026-04-01T00:10,2026-04-01T21:51,148,408,12,37,,,19,0
COLAPSO_LOGISTICO-NORMAL-N03,COLAPSO_LOGISTICO,NORMAL,3,48,2026-04-01T00:00,2026-04-01T00:03,2026-04-01T23:52,259,408,28,37,,,15,0
COLAPSO_LOGISTICO-NORMAL-N04,COLAPSO_LOGISTICO,NORMAL,4,39,2026-04-01T00:00,2026-04-01T00:07,2026-04-01T23:32,225,408,28,37,,,23,0
COLAPSO_LOGISTICO-NORMAL-N05,COLAPSO_LOGISTICO,NORMAL,5,39,2026-04-01T00:00,2026-04-01T00:24,2026-04-01T23:19,188,408,23,37,,,12,0
COLAPSO_LOGISTICO-ALTA-N01,COLAPSO_LOGISTICO,ALTA,1,32,2026-04-01T00:00,2026-04-01T00:23,2026-04-01T23:50,177,408,18,37,,,20,0
COLAPSO_LOGISTICO-ALTA-N02,COLAPSO_LOGISTICO,ALTA,2,25,2026-04-01T00:00,2026-04-01T00:10,2026-04-01T21:51,148,408,12,37,,,19,0
COLAPSO_LOGISTICO-ALTA-N03,COLAPSO_LOGISTICO,ALTA,3,48,2026-04-01T00:00,2026-04-01T00:03,2026-04-01T23:52,259,408,28,37,,,15,0
COLAPSO_LOGISTICO-ALTA-N04,COLAPSO_LOGISTICO,ALTA,4,39,2026-04-01T00:00,2026-04-01T00:07,2026-04-01T23:32,225,408,28,37,,,23,0
COLAPSO_LOGISTICO-ALTA-N05,COLAPSO_LOGISTICO,ALTA,5,39,2026-04-01T00:00,2026-04-01T00:24,2026-04-01T23:19,188,408,23,37,,,12,0
COLAPSO_LOGISTICO-CRITICA-N01,COLAPSO_LOGISTICO,CRITICA,1,32,2026-04-01T00:00,2026-04-01T00:23,2026-04-01T23:50,177,408,18,37,,,20,0
COLAPSO_LOGISTICO-CRITICA-N02,COLAPSO_LOGISTICO,CRITICA,2,25,2026-04-01T00:00,2026-04-01T00:10,2026-04-01T21:51,148,408,12,37,,,19,0
COLAPSO_LOGISTICO-CRITICA-N03,COLAPSO_LOGISTICO,CRITICA,3,48,2026-04-01T00:00,2026-04-01T00:03,2026-04-01T23:52,259,408,28,37,,,15,0
COLAPSO_LOGISTICO-CRITICA-N04,COLAPSO_LOGISTICO,CRITICA,4,39,2026-04-01T00:00,2026-04-01T00:07,2026-04-01T23:32,225,408,28,37,,,23,0
COLAPSO_LOGISTICO-CRITICA-N05,COLAPSO_LOGISTICO,CRITICA,5,39,2026-04-01T00:00,2026-04-01T00:24,2026-04-01T23:19,188,408,23,37,,,12,0
