variante,escenario,perfil_presion,instancia,repeticion,algoritmo,colapso_alcanzado,tiempo_colapso_horas,tiempo_colapso_formato,instante_colapso,tamanio_ultima_jornada,pedido_causa_colapso,prioridad_causa_colapso,deadline_causa_colapso,no_asignados_al_colapso,lambda_al_colapso
BASE,COLAPSO_LOGISTICO-NORMAL-N01,NORMAL,1,0,GENETICO,true,91.783333,3d19h47min,2026-04-04T19:47,48,1200100300037,PRIORIZADO_4H,2026-04-04T19:47,4,39.35925
BASE,COLAPSO_LOGISTICO-NORMAL-N01,NORMAL,1,0,RECOCIDO_SIMULADO,true,91.783333,3d19h47min,2026-04-04T19:47,48,1200100300037,PRIORIZADO_4H,2026-04-04T19:47,4,39.35925
BASE,COLAPSO_LOGISTICO-NORMAL-N01,NORMAL,1,1,RECOCIDO_SIMULADO,true,91.783333,3d19h47min,2026-04-04T19:47,48,1200100300037,PRIORIZADO_4H,2026-04-04T19:47,4,39.35925
BASE,COLAPSO_LOGISTICO-NORMAL-N01,NORMAL,1,1,GENETICO,true,91.783333,3d19h47min,2026-04-04T19:47,48,1200100300037,PRIORIZADO_4H,2026-04-04T19:47,4,39.35925
BASE,COLAPSO_LOGISTICO-NORMAL-N01,NORMAL,1,2,GENETICO,true,91.783333,3d19h47min,2026-04-04T19:47,48,1200100300037,PRIORIZADO_4H,2026-04-04T19:47,4,39.35925
BASE,COLAPSO_LOGISTICO-NORMAL-N01,NORMAL,1,2,RECOCIDO_SIMULADO,true,91.783333,3d19h47min,2026-04-04T19:47,48,1200100300037,PRIORIZADO_4H,2026-04-04T19:47,4,39.35925
BASE,COLAPSO_LOGISTICO-NORMAL-N01,NORMAL,1,3,RECOCIDO_SIMULADO,true,91.783333,3d19h47min,2026-04-04T19:47,48,1200100300037,PRIORIZADO_4H,2026-04-04T19:47,4,39.35925
BASE,COLAPSO_LOGISTICO-NORMAL-N01,NORMAL,1,3,GENETICO,true,91.783333,3d19h47min,2026-04-04T19:47,48,1200100300037,PRIORIZADO_4H,2026-04-04T19:47,4,39.35925
BASE,COLAPSO_LOGISTICO-NORMAL-N01,NORMAL,1,4,GENETICO,true,91.783333,3d19h47min,2026-04-04T19:47,48,1200100300037,PRIORIZADO_4H,2026-04-04T19:47,4,39.35925
BASE,COLAPSO_LOGISTICO-NORMAL-N01,NORMAL,1,4,RECOCIDO_SIMULADO,true,91.783333,3d19h47min,2026-04-04T19:47,48,1200100300037,PRIORIZADO_4H,2026-04-04T19:47,4,39.35925
BASE,COLAPSO_LOGISTICO-NORMAL-N01,NORMAL,1,5,RECOCIDO_SIMULADO,true,91.783333,3d19h47min,2026-04-04T19:47,48,1200100300037,PRIORIZADO_4H,2026-04-04T19:47,4,39.35925
BASE,COLAPSO_LOGISTICO-NORMAL-N01,NORMAL,1,5,GENETICO,true,91.783333,3d19h47min,2026-04-04T19:47,48,1200100300037,PRIORIZADO_4H,2026-04-04T19:47,4,39.35925
BASE,COLAPSO_LOGISTICO-NORMAL-N01,NORMAL,1,6,GENETICO,true,91.783333,3d19h47min,2026-04-04T19:47,48,1200100300037,PRIORIZADO_4H,2026-04-04T19:47,4,39.35925
BASE,COLAPSO_LOGISTICO-NORMAL-N01,NORMAL,1,6,RECOCIDO_SIMULADO,true,91.783333,3d19h47min,2026-04-04T19:47,48,1200100300037,PRIORIZADO_4H,2026-04-04T19:47,4,39.35925
BASE,COLAPSO_LOGISTICO-NORMAL-N01,NORMAL,1,7,RECOCIDO_SIMULADO,true,91.783333,3d19h47min,2026-04-04T19:47,48,1200100300037,PRIORIZADO_4H,2026-04-04T19:47,4,39.35925
BASE,COLAPSO_LOGISTICO-NORMAL-N01,NORMAL,1,7,GENETICO,true,91.783333,3d19h47min,2026-04-04T19:47,48,1200100300037,PRIORIZADO_4H,2026-04-04T19:47,4,39.35925
BASE,COLAPSO_LOGISTICO-NORMAL-N01,NORMAL,1,8,GENETICO,true,91.783333,3d19h47min,2026-04-04T19:47,48,1200100300037,PRIORIZADO_4H,2026-04-04T19:47,4,39.35925
BASE,COLAPSO_LOGISTICO-NORMAL-N01,NORMAL,1,8,RECOCIDO_SIMULADO,true,91.783333,3d19h47min,2026-04-04T19:47,48,1200100300037,PRIORIZADO_4H,2026-04-04T19:47,4,39.35925
BASE,COLAPSO_LOGISTICO-NORMAL-N01,NORMAL,1,9,RECOCIDO_SIMULADO,true,91.783333,3d19h47min,2026-04-04T19:47,48,1200100300037,PRIORIZADO_4H,2026-04-04T19:47,4,39.35925
BASE,COLAPSO_LOGISTICO-NORMAL-N01,NORMAL,1,9,GENETICO,true,91.783333,3d19h47min,2026-04-04T19:47,48,1200100300037,PRIORIZADO_4H,2026-04-04T19:47,4,39.35925
BASE,COLAPSO_LOGISTICO-NORMAL-N01,NORMAL,1,10,GENETICO,true,91.783333,3d19h47min,2026-04-04T19:47,48,1200100300037,PRIORIZADO_4H,2026-04-04T19:47,4,39.35925
BASE,COLAPSO_LOGISTICO-NORMAL-N01,NORMAL,1,10,RECOCIDO_SIMULADO,true,91.783333,3d19h47min,2026-04-04T19:47,48,1200100300037,PRIORIZADO_4H,2026-04-04T19:47,4,39.35925
BASE,COLAPSO_LOGISTICO-NORMAL-N01,NORMAL,1,11,RECOCIDO_SIMULADO,true,91.783333,3d19h47min,2026-04-04T19:47,48,1200100300037,PRIORIZADO_4H,2026-04-04T19:47,4,39.35925
BASE,COLAPSO_LOGISTICO-NORMAL-N01,NORMAL,1,11,GENETICO,true,91.783333,3d19h47min,2026-04-04T19:47,48,1200100300037,PRIORIZADO_4H,2026-04-04T19:47,4,39.35925
BASE,COLAPSO_LOGISTICO-NORMAL-N01,NORMAL,1,12,GENETICO,true,91.783333,3d19h47min,2026-04-04T19:47,48,1200100300037,PRIORIZADO_4H,2026-04-04T19:47,4,39.35925
BASE,COLAPSO_LOGISTICO-NORMAL-N01,NORMAL,1,12,RECOCIDO_SIMULADO,true,91.783333,3d19h47min,2026-04-04T19:47,48,1200100300037,PRIORIZADO_4H,2026-04-04T19:47,4,39.35925
BASE,COLAPSO_LOGISTICO-NORMAL-N01,NORMAL,1,13,RECOCIDO_SIMULADO,true,91.783333,3d19h47min,2026-04-04T19:47,48,1200100300037,PRIORIZADO_4H,2026-04-04T19:47,4,39.35925
BASE,COLAPSO_LOGISTICO-NORMAL-N01,NORMAL,1,13,GENETICO,true,91.783333,3d19h47min,2026-04-04T19:47,48,1200100300037,PRIORIZADO_4H,2026-04-04T19:47,4,39.35925
BASE,COLAPSO_LOGISTICO-NORMAL-N01,NORMAL,1,14,GENETICO,true,91.783333,3d19h47min,2026-04-04T19:47,48,1200100300037,PRIORIZADO_4H,2026-04-04T19:47,4,39.35925
BASE,COLAPSO_LOGISTICO-NORMAL-N01,NORMAL,1,14,RECOCIDO_SIMULADO,true,91.783333,3d19h47min,2026-04-04T19:47,48,1200100300037,PRIORIZADO_4H,2026-04-04T19:47,4,39.35925
BASE,COLAPSO_LOGISTICO-NORMAL-N01,NORMAL,1,15,RECOCIDO_SIMULADO,true,91.783333,3d19h47min,2026-04-04T19:47,48,1200100300037,PRIORIZADO_4H,2026-04-04T19:47,4,39.35925
BASE,COLAPSO_LOGISTICO-NORMAL-N01,NORMAL,1,15,GENETICO,true,91.783333,3d19h47min,2026-04-04T19:47,48,1200100300037,PRIORIZADO_4H,2026-04-04T19:47,4,39.35925
BASE,COLAPSO_LOGISTICO-NORMAL-N01,NORMAL,1,16,GENETICO,true,91.783333,3d19h47min,2026-04-04T19:47,48,1200100300037,PRIORIZADO_4H,2026-04-04T19:47,4,39.35925
BASE,COLAPSO_LOGISTICO-NORMAL-N01,NORMAL,1,16,RECOCIDO_SIMULADO,true,91.783333,3d19h47min,2026-04-04T19:47,48,1200100300037,PRIORIZADO_4H,2026-04-04T19:47,4,39.35925
BASE,COLAPSO_LOGISTICO-NORMAL-N01,NORMAL,1,17,RECOCIDO_SIMULADO,true,91.783333,3d19h47min,2026-04-04T19:47,48,1200100300037,PRIORIZADO_4H,2026-04-04T19:47,4,39.35925
BASE,COLAPSO_LOGISTICO-NORMAL-N01,NORMAL,1,17,GENETICO,true,91.783333,3d19h47min,2026-04-04T19:47,48,1200100300037,PRIORIZADO_4H,2026-04-04T19:47,4,39.35925
BASE,COLAPSO_LOGISTICO-NORMAL-N02,NORMAL,2,0,GENETICO,true,61.066667,2d13h04min,2026-04-03T13:04,31,1200200200019,PRIORIZADO_8H,2026-04-03T13:04,1,37.485
BASE,COLAPSO_LOGISTICO-NORMAL-N02,NORMAL,2,0,RECOCIDO_SIMULADO,true,61.066667,2d13h04min,2026-04-03T13:04,31,1200200200019,PRIORIZADO_8H,2026-04-03T13:04,1,37.485
BASE,COLAPSO_LOGISTICO-NORMAL-N02,NORMAL,2,1,RECOCIDO_SIMULADO,true,61.066667,2d13h04min,2026-04-03T13:04,31,1200200200019,PRIORIZADO_8H,2026-04-03T13:04,1,37.485
BASE,COLAPSO_LOGISTICO-NORMAL-N02,NORMAL,2,1,GENETICO,true,61.066667,2d13h04min,2026-04-03T13:04,31,1200200200019,PRIORIZADO_8H,2026-04-03T13:04,1,37.485
BASE,COLAPSO_LOGISTICO-NORMAL-N02,NORMAL,2,2,GENETICO,true,61.066667,2d13h04min,2026-04-03T13:04,31,1200200200019,PRIORIZADO_8H,2026-04-03T13:04,1,37.485
BASE,COLAPSO_LOGISTICO-NORMAL-N02,NORMAL,2,2,RECOCIDO_SIMULADO,true,61.066667,2d13h04min,2026-04-03T13:04,31,1200200200019,PRIORIZADO_8H,2026-04-03T13:04,1,37.485
BASE,COLAPSO_LOGISTICO-NORMAL-N02,NORMAL,2,3,RECOCIDO_SIMULADO,true,61.066667,2d13h04min,2026-04-03T13:04,31,1200200200019,PRIORIZADO_8H,2026-04-03T13:04,1,37.485
BASE,COLAPSO_LOGISTICO-NORMAL-N02,NORMAL,2,3,GENETICO,true,61.066667,2d13h04min,2026-04-03T13:04,31,1200200200019,PRIORIZADO_8H,2026-04-03T13:04,1,37.485
BASE,COLAPSO_LOGISTICO-NORMAL-N02,NORMAL,2,4,GENETICO,true,61.066667,2d13h04min,2026-04-03T13:04,31,1200200200019,PRIORIZADO_8H,2026-04-03T13:04,1,37.485
BASE,COLAPSO_LOGISTICO-NORMAL-N02,NORMAL,2,4,RECOCIDO_SIMULADO,true,61.066667,2d13h04min,2026-04-03T13:04,31,1200200200019,PRIORIZADO_8H,2026-04-03T13:04,1,37.485
BASE,COLAPSO_LOGISTICO-NORMAL-N02,NORMAL,2,5,RECOCIDO_SIMULADO,true,61.066667,2d13h04min,2026-04-03T13:04,31,1200200200019,PRIORIZADO_8H,2026-04-03T13:04,1,37.485
BASE,COLAPSO_LOGISTICO-NORMAL-N02,NORMAL,2,5,GENETICO,true,61.066667,2d13h04min,2026-04-03T13:04,31,1200200200019,PRIORIZADO_8H,2026-04-03T13:04,1,37.485
BASE,COLAPSO_LOGISTICO-NORMAL-N02,NORMAL,2,6,GENETICO,true,61.066667,2d13h04min,2026-04-03T13:04,31,1200200200019,PRIORIZADO_8H,2026-04-03T13:04,1,37.485
BASE,COLAPSO_LOGISTICO-NORMAL-N02,NORMAL,2,6,RECOCIDO_SIMULADO,true,61.066667,2d13h04min,2026-04-03T13:04,31,1200200200019,PRIORIZADO_8H,2026-04-03T13:04,1,37.485
BASE,COLAPSO_LOGISTICO-NORMAL-N02,NORMAL,2,7,RECOCIDO_SIMULADO,true,61.066667,2d13h04min,2026-04-03T13:04,31,1200200200019,PRIORIZADO_8H,2026-04-03T13:04,1,37.485
BASE,COLAPSO_LOGISTICO-NORMAL-N02,NORMAL,2,7,GENETICO,true,61.066667,2d13h04min,2026-04-03T13:04,31,1200200200019,PRIORIZADO_8H,2026-04-03T13:04,1,37.485
BASE,COLAPSO_LOGISTICO-NORMAL-N02,NORMAL,2,8,GENETICO,true,61.066667,2d13h04min,2026-04-03T13:04,31,1200200200019,PRIORIZADO_8H,2026-04-03T13:04,1,37.485
BASE,COLAPSO_LOGISTICO-NORMAL-N02,NORMAL,2,8,RECOCIDO_SIMULADO,true,61.066667,2d13h04min,2026-04-03T13:04,31,1200200200019,PRIORIZADO_8H,2026-04-03T13:04,1,37.485
BASE,COLAPSO_LOGISTICO-NORMAL-N02,NORMAL,2,9,RECOCIDO_SIMULADO,true,61.066667,2d13h04min,2026-04-03T13:04,31,1200200200019,PRIORIZADO_8H,2026-04-03T13:04,1,37.485
BASE,COLAPSO_LOGISTICO-NORMAL-N02,NORMAL,2,9,GENETICO,true,61.066667,2d13h04min,2026-04-03T13:04,31,1200200200019,PRIORIZADO_8H,2026-04-03T13:04,1,37.485
BASE,COLAPSO_LOGISTICO-NORMAL-N02,NORMAL,2,10,GENETICO,true,61.066667,2d13h04min,2026-04-03T13:04,31,1200200200019,PRIORIZADO_8H,2026-04-03T13:04,1,37.485
BASE,COLAPSO_LOGISTICO-NORMAL-N02,NORMAL,2,10,RECOCIDO_SIMULADO,true,61.066667,2d13h04min,2026-04-03T13:04,31,1200200200019,PRIORIZADO_8H,2026-04-03T13:04,1,37.485
BASE,COLAPSO_LOGISTICO-NORMAL-N02,NORMAL,2,11,RECOCIDO_SIMULADO,true,61.066667,2d13h04min,2026-04-03T13:04,31,1200200200019,PRIORIZADO_8H,2026-04-03T13:04,1,37.485
BASE,COLAPSO_LOGISTICO-NORMAL-N02,NORMAL,2,11,GENETICO,true,61.066667,2d13h04min,2026-04-03T13:04,31,1200200200019,PRIORIZADO_8H,2026-04-03T13:04,1,37.485
BASE,COLAPSO_LOGISTICO-NORMAL-N02,NORMAL,2,12,GENETICO,true,61.066667,2d13h04min,2026-04-03T13:04,31,1200200200019,PRIORIZADO_8H,2026-04-03T13:04,1,37.485
BASE,COLAPSO_LOGISTICO-NORMAL-N02,NORMAL,2,12,RECOCIDO_SIMULADO,true,61.066667,2d13h04min,2026-04-03T13:04,31,1200200200019,PRIORIZADO_8H,2026-04-03T13:04,1,37.485
BASE,COLAPSO_LOGISTICO-NORMAL-N02,NORMAL,2,13,RECOCIDO_SIMULADO,true,61.066667,2d13h04min,2026-04-03T13:04,31,1200200200019,PRIORIZADO_8H,2026-04-03T13:04,1,37.485
BASE,COLAPSO_LOGISTICO-NORMAL-N02,NORMAL,2,13,GENETICO,true,61.066667,2d13h04min,2026-04-03T13:04,31,1200200200019,PRIORIZADO_8H,2026-04-03T13:04,1,37.485
BASE,COLAPSO_LOGISTICO-NORMAL-N02,NORMAL,2,14,GENETICO,true,61.066667,2d13h04min,2026-04-03T13:04,31,1200200200019,PRIORIZADO_8H,2026-04-03T13:04,1,37.485
BASE,COLAPSO_LOGISTICO-NORMAL-N02,NORMAL,2,14,RECOCIDO_SIMULADO,true,61.066667,2d13h04min,2026-04-03T13:04,31,1200200200019,PRIORIZADO_8H,2026-04-03T13:04,1,37.485
BASE,COLAPSO_LOGISTICO-NORMAL-N02,NORMAL,2,15,RECOCIDO_SIMULADO,true,61.066667,2d13h04min,2026-04-03T13:04,31,1200200200019,PRIORIZADO_8H,2026-04-03T13:04,1,37.485
BASE,COLAPSO_LOGISTICO-NORMAL-N02,NORMAL,2,15,GENETICO,true,61.066667,2d13h04min,2026-04-03T13:04,31,1200200200019,PRIORIZADO_8H,2026-04-03T13:04,1,37.485
BASE,COLAPSO_LOGISTICO-NORMAL-N02,NORMAL,2,16,GENETICO,true,61.066667,2d13h04min,2026-04-03T13:04,31,1200200200019,PRIORIZADO_8H,2026-04-03T13:04,1,37.485
BASE,COLAPSO_LOGISTICO-NORMAL-N02,NORMAL,2,16,RECOCIDO_SIMULADO,true,61.066667,2d13h04min,2026-04-03T13:04,31,1200200200019,PRIORIZADO_8H,2026-04-03T13:04,1,37.485
BASE,COLAPSO_LOGISTICO-NORMAL-N02,NORMAL,2,17,RECOCIDO_SIMULADO,true,61.066667,2d13h04min,2026-04-03T13:04,31,1200200200019,PRIORIZADO_8H,2026-04-03T13:04,1,37.485
BASE,COLAPSO_LOGISTICO-NORMAL-N02,NORMAL,2,17,GENETICO,true,61.066667,2d13h04min,2026-04-03T13:04,31,1200200200019,PRIORIZADO_8H,2026-04-03T13:04,1,37.485
BASE,COLAPSO_LOGISTICO-NORMAL-N03,NORMAL,3,0,GENETICO,true,80.466667,3d08h28min,2026-04-04T08:28,48,1200300300049,PRIORIZADO_4H,2026-04-04T08:28,2,39.35925
BASE,COLAPSO_LOGISTICO-NORMAL-N03,NORMAL,3,0,RECOCIDO_SIMULADO,true,75.6,3d03h36min,2026-04-04T03:36,48,1200300200036,PRIORIZADO_4H,2026-04-04T03:36,2,39.35925
BASE,COLAPSO_LOGISTICO-NORMAL-N03,NORMAL,3,1,RECOCIDO_SIMULADO,true,80.466667,3d08h28min,2026-04-04T08:28,49,1200300300049,PRIORIZADO_4H,2026-04-04T08:28,2,39.35925
BASE,COLAPSO_LOGISTICO-NORMAL-N03,NORMAL,3,1,GENETICO,true,80.466667,3d08h28min,2026-04-04T08:28,48,1200300300049,PRIORIZADO_4H,2026-04-04T08:28,2,39.35925
BASE,COLAPSO_LOGISTICO-NORMAL-N03,NORMAL,3,2,GENETICO,true,80.466667,3d08h28min,2026-04-04T08:28,48,1200300300049,PRIORIZADO_4H,2026-04-04T08:28,2,39.35925
BASE,COLAPSO_LOGISTICO-NORMAL-N03,NORMAL,3,2,RECOCIDO_SIMULADO,true,80.466667,3d08h28min,2026-04-04T08:28,48,1200300300049,PRIORIZADO_4H,2026-04-04T08:28,2,39.35925
BASE,COLAPSO_LOGISTICO-NORMAL-N03,NORMAL,3,3,RECOCIDO_SIMULADO,true,75.066667,3d03h04min,2026-04-04T03:04,48,1200300200025,PRIORIZADO_4H,2026-04-04T03:04,2,39.35925
BASE,COLAPSO_LOGISTICO-NORMAL-N03,NORMAL,3,3,GENETICO,true,80.466667,3d08h28min,2026-04-04T08:28,48,1200300300049,PRIORIZADO_4H,2026-04-04T08:28,2,39.35925
BASE,COLAPSO_LOGISTICO-NORMAL-N03,NORMAL,3,4,GENETICO,true,80.466667,3d08h28min,2026-04-04T08:28,48,1200300300049,PRIORIZADO_4H,2026-04-04T08:28,2,39.35925
BASE,COLAPSO_LOGISTICO-NORMAL-N03,NORMAL,3,4,RECOCIDO_SIMULADO,true,80.466667,3d08h28min,2026-04-04T08:28,48,1200300300049,PRIORIZADO_4H,2026-04-04T08:28,2,39.35925
BASE,COLAPSO_LOGISTICO-NORMAL-N03,NORMAL,3,5,RECOCIDO_SIMULADO,true,75.6,3d03h36min,2026-04-04T03:36,48,1200300200036,PRIORIZADO_4H,2026-04-04T03:36,2,39.35925
BASE,COLAPSO_LOGISTICO-NORMAL-N03,NORMAL,3,5,GENETICO,true,80.466667,3d08h28min,2026-04-04T08:28,48,1200300300049,PRIORIZADO_4H,2026-04-04T08:28,2,39.35925
BASE,COLAPSO_LOGISTICO-NORMAL-N03,NORMAL,3,6,GENETICO,true,80.466667,3d08h28min,2026-04-04T08:28,48,1200300300049,PRIORIZADO_4H,2026-04-04T08:28,2,39.35925
BASE,COLAPSO_LOGISTICO-NORMAL-N03,NORMAL,3,6,RECOCIDO_SIMULADO,true,75.6,3d03h36min,2026-04-04T03:36,48,1200300200036,PRIORIZADO_4H,2026-04-04T03:36,2,39.35925
BASE,COLAPSO_LOGISTICO-NORMAL-N03,NORMAL,3,7,RECOCIDO_SIMULADO,true,75.066667,3d03h04min,2026-04-04T03:04,48,1200300200025,PRIORIZADO_4H,2026-04-04T03:04,2,39.35925
BASE,COLAPSO_LOGISTICO-NORMAL-N03,NORMAL,3,7,GENETICO,true,80.466667,3d08h28min,2026-04-04T08:28,48,1200300300049,PRIORIZADO_4H,2026-04-04T08:28,2,39.35925
BASE,COLAPSO_LOGISTICO-NORMAL-N03,NORMAL,3,8,GENETICO,true,80.466667,3d08h28min,2026-04-04T08:28,48,1200300300049,PRIORIZADO_4H,2026-04-04T08:28,2,39.35925
BASE,COLAPSO_LOGISTICO-NORMAL-N03,NORMAL,3,8,RECOCIDO_SIMULADO,true,80.466667,3d08h28min,2026-04-04T08:28,48,1200300300049,PRIORIZADO_4H,2026-04-04T08:28,2,39.35925
BASE,COLAPSO_LOGISTICO-NORMAL-N03,NORMAL,3,9,RECOCIDO_SIMULADO,true,80.466667,3d08h28min,2026-04-04T08:28,48,1200300300049,PRIORIZADO_4H,2026-04-04T08:28,2,39.35925
BASE,COLAPSO_LOGISTICO-NORMAL-N03,NORMAL,3,9,GENETICO,true,80.466667,3d08h28min,2026-04-04T08:28,48,1200300300049,PRIORIZADO_4H,2026-04-04T08:28,2,39.35925
BASE,COLAPSO_LOGISTICO-NORMAL-N03,NORMAL,3,10,GENETICO,true,80.466667,3d08h28min,2026-04-04T08:28,48,1200300300049,PRIORIZADO_4H,2026-04-04T08:28,2,39.35925
BASE,COLAPSO_LOGISTICO-NORMAL-N03,NORMAL,3,10,RECOCIDO_SIMULADO,true,75.6,3d03h36min,2026-04-04T03:36,48,1200300200036,PRIORIZADO_4H,2026-04-04T03:36,2,39.35925
BASE,COLAPSO_LOGISTICO-NORMAL-N03,NORMAL,3,11,RECOCIDO_SIMULADO,true,75.6,3d03h36min,2026-04-04T03:36,48,1200300200036,PRIORIZADO_4H,2026-04-04T03:36,2,39.35925
BASE,COLAPSO_LOGISTICO-NORMAL-N03,NORMAL,3,11,GENETICO,true,80.466667,3d08h28min,2026-04-04T08:28,48,1200300300049,PRIORIZADO_4H,2026-04-04T08:28,2,39.35925
BASE,COLAPSO_LOGISTICO-NORMAL-N03,NORMAL,3,12,GENETICO,true,80.466667,3d08h28min,2026-04-04T08:28,48,1200300300049,PRIORIZADO_4H,2026-04-04T08:28,2,39.35925
BASE,COLAPSO_LOGISTICO-NORMAL-N03,NORMAL,3,12,RECOCIDO_SIMULADO,true,80.466667,3d08h28min,2026-04-04T08:28,48,1200300300049,PRIORIZADO_4H,2026-04-04T08:28,2,39.35925
BASE,COLAPSO_LOGISTICO-NORMAL-N03,NORMAL,3,13,RECOCIDO_SIMULADO,true,75.066667,3d03h04min,2026-04-04T03:04,49,1200300200025,PRIORIZADO_4H,2026-04-04T03:04,2,39.35925
BASE,COLAPSO_LOGISTICO-NORMAL-N03,NORMAL,3,13,GENETICO,true,80.466667,3d08h28min,2026-04-04T08:28,48,1200300300049,PRIORIZADO_4H,2026-04-04T08:28,2,39.35925
BASE,COLAPSO_LOGISTICO-NORMAL-N03,NORMAL,3,14,GENETICO,true,80.466667,3d08h28min,2026-04-04T08:28,48,1200300300049,PRIORIZADO_4H,2026-04-04T08:28,2,39.35925
BASE,COLAPSO_LOGISTICO-NORMAL-N03,NORMAL,3,14,RECOCIDO_SIMULADO,true,75.066667,3d03h04min,2026-04-04T03:04,48,1200300200025,PRIORIZADO_4H,2026-04-04T03:04,2,39.35925
BASE,COLAPSO_LOGISTICO-NORMAL-N03,NORMAL,3,15,RECOCIDO_SIMULADO,true,75.066667,3d03h04min,2026-04-04T03:04,48,1200300200025,PRIORIZADO_4H,2026-04-04T03:04,2,39.35925
BASE,COLAPSO_LOGISTICO-NORMAL-N03,NORMAL,3,15,GENETICO,true,80.466667,3d08h28min,2026-04-04T08:28,48,1200300300049,PRIORIZADO_4H,2026-04-04T08:28,2,39.35925
BASE,COLAPSO_LOGISTICO-NORMAL-N03,NORMAL,3,16,GENETICO,true,80.466667,3d08h28min,2026-04-04T08:28,48,1200300300049,PRIORIZADO_4H,2026-04-04T08:28,2,39.35925
BASE,COLAPSO_LOGISTICO-NORMAL-N03,NORMAL,3,16,RECOCIDO_SIMULADO,true,80.466667,3d08h28min,2026-04-04T08:28,48,1200300300049,PRIORIZADO_4H,2026-04-04T08:28,2,39.35925
BASE,COLAPSO_LOGISTICO-NORMAL-N03,NORMAL,3,17,RECOCIDO_SIMULADO,true,75.066667,3d03h04min,2026-04-04T03:04,48,1200300200025,PRIORIZADO_4H,2026-04-04T03:04,2,39.35925
BASE,COLAPSO_LOGISTICO-NORMAL-N03,NORMAL,3,17,GENETICO,true,80.466667,3d08h28min,2026-04-04T08:28,48,1200300300049,PRIORIZADO_4H,2026-04-04T08:28,2,39.35925
BASE,COLAPSO_LOGISTICO-NORMAL-N04,NORMAL,4,0,GENETICO,true,101.683333,4d05h41min,2026-04-05T05:41,41,1200400300035,PRIORIZADO_18H,2026-04-05T05:41,2,41.327213
BASE,COLAPSO_LOGISTICO-NORMAL-N04,NORMAL,4,0,RECOCIDO_SIMULADO,true,101.683333,4d05h41min,2026-04-05T05:41,41,1200400300035,PRIORIZADO_18H,2026-04-05T05:41,2,41.327213
BASE,COLAPSO_LOGISTICO-NORMAL-N04,NORMAL,4,1,RECOCIDO_SIMULADO,true,101.683333,4d05h41min,2026-04-05T05:41,41,1200400300035,PRIORIZADO_18H,2026-04-05T05:41,2,41.327213
BASE,COLAPSO_LOGISTICO-NORMAL-N04,NORMAL,4,1,GENETICO,true,101.683333,4d05h41min,2026-04-05T05:41,41,1200400300035,PRIORIZADO_18H,2026-04-05T05:41,2,41.327213
BASE,COLAPSO_LOGISTICO-NORMAL-N04,NORMAL,4,2,GENETICO,true,101.683333,4d05h41min,2026-04-05T05:41,41,1200400300035,PRIORIZADO_18H,2026-04-05T05:41,2,41.327213
BASE,COLAPSO_LOGISTICO-NORMAL-N04,NORMAL,4,2,RECOCIDO_SIMULADO,true,101.683333,4d05h41min,2026-04-05T05:41,41,1200400300035,PRIORIZADO_18H,2026-04-05T05:41,2,41.327213
BASE,COLAPSO_LOGISTICO-NORMAL-N04,NORMAL,4,3,RECOCIDO_SIMULADO,true,101.683333,4d05h41min,2026-04-05T05:41,41,1200400300035,PRIORIZADO_18H,2026-04-05T05:41,2,41.327213
BASE,COLAPSO_LOGISTICO-NORMAL-N04,NORMAL,4,3,GENETICO,true,101.683333,4d05h41min,2026-04-05T05:41,41,1200400300035,PRIORIZADO_18H,2026-04-05T05:41,2,41.327213
BASE,COLAPSO_LOGISTICO-NORMAL-N04,NORMAL,4,4,GENETICO,true,101.683333,4d05h41min,2026-04-05T05:41,41,1200400300035,PRIORIZADO_18H,2026-04-05T05:41,2,41.327213
BASE,COLAPSO_LOGISTICO-NORMAL-N04,NORMAL,4,4,RECOCIDO_SIMULADO,true,101.683333,4d05h41min,2026-04-05T05:41,41,1200400300035,PRIORIZADO_18H,2026-04-05T05:41,2,41.327213
BASE,COLAPSO_LOGISTICO-NORMAL-N04,NORMAL,4,5,RECOCIDO_SIMULADO,true,101.683333,4d05h41min,2026-04-05T05:41,41,1200400300035,PRIORIZADO_18H,2026-04-05T05:41,2,41.327213
BASE,COLAPSO_LOGISTICO-NORMAL-N04,NORMAL,4,5,GENETICO,true,101.683333,4d05h41min,2026-04-05T05:41,41,1200400300035,PRIORIZADO_18H,2026-04-05T05:41,2,41.327213
BASE,COLAPSO_LOGISTICO-NORMAL-N04,NORMAL,4,6,GENETICO,true,101.683333,4d05h41min,2026-04-05T05:41,41,1200400300035,PRIORIZADO_18H,2026-04-05T05:41,2,41.327213
BASE,COLAPSO_LOGISTICO-NORMAL-N04,NORMAL,4,6,RECOCIDO_SIMULADO,true,101.683333,4d05h41min,2026-04-05T05:41,41,1200400300035,PRIORIZADO_18H,2026-04-05T05:41,2,41.327213
BASE,COLAPSO_LOGISTICO-NORMAL-N04,NORMAL,4,7,RECOCIDO_SIMULADO,true,101.683333,4d05h41min,2026-04-05T05:41,41,1200400300035,PRIORIZADO_18H,2026-04-05T05:41,2,41.327213
BASE,COLAPSO_LOGISTICO-NORMAL-N04,NORMAL,4,7,GENETICO,true,101.683333,4d05h41min,2026-04-05T05:41,41,1200400300035,PRIORIZADO_18H,2026-04-05T05:41,2,41.327213
BASE,COLAPSO_LOGISTICO-NORMAL-N04,NORMAL,4,8,GENETICO,true,101.683333,4d05h41min,2026-04-05T05:41,41,1200400300035,PRIORIZADO_18H,2026-04-05T05:41,2,41.327213
BASE,COLAPSO_LOGISTICO-NORMAL-N04,NORMAL,4,8,RECOCIDO_SIMULADO,true,101.683333,4d05h41min,2026-04-05T05:41,41,1200400300035,PRIORIZADO_18H,2026-04-05T05:41,2,41.327213
BASE,COLAPSO_LOGISTICO-NORMAL-N04,NORMAL,4,9,RECOCIDO_SIMULADO,true,101.683333,4d05h41min,2026-04-05T05:41,41,1200400300035,PRIORIZADO_18H,2026-04-05T05:41,2,41.327213
BASE,COLAPSO_LOGISTICO-NORMAL-N04,NORMAL,4,9,GENETICO,true,101.683333,4d05h41min,2026-04-05T05:41,41,1200400300035,PRIORIZADO_18H,2026-04-05T05:41,2,41.327213
BASE,COLAPSO_LOGISTICO-NORMAL-N04,NORMAL,4,10,GENETICO,true,101.683333,4d05h41min,2026-04-05T05:41,41,1200400300035,PRIORIZADO_18H,2026-04-05T05:41,2,41.327213
BASE,COLAPSO_LOGISTICO-NORMAL-N04,NORMAL,4,10,RECOCIDO_SIMULADO,true,101.683333,4d05h41min,2026-04-05T05:41,41,1200400300035,PRIORIZADO_18H,2026-04-05T05:41,2,41.327213
BASE,COLAPSO_LOGISTICO-NORMAL-N04,NORMAL,4,11,RECOCIDO_SIMULADO,true,101.683333,4d05h41min,2026-04-05T05:41,41,1200400300035,PRIORIZADO_18H,2026-04-05T05:41,2,41.327213
BASE,COLAPSO_LOGISTICO-NORMAL-N04,NORMAL,4,11,GENETICO,true,101.683333,4d05h41min,2026-04-05T05:41,41,1200400300035,PRIORIZADO_18H,2026-04-05T05:41,2,41.327213
BASE,COLAPSO_LOGISTICO-NORMAL-N04,NORMAL,4,12,GENETICO,true,101.683333,4d05h41min,2026-04-05T05:41,41,1200400300035,PRIORIZADO_18H,2026-04-05T05:41,2,41.327213
BASE,COLAPSO_LOGISTICO-NORMAL-N04,NORMAL,4,12,RECOCIDO_SIMULADO,true,101.683333,4d05h41min,2026-04-05T05:41,41,1200400300035,PRIORIZADO_18H,2026-04-05T05:41,2,41.327213
BASE,COLAPSO_LOGISTICO-NORMAL-N04,NORMAL,4,13,RECOCIDO_SIMULADO,true,101.683333,4d05h41min,2026-04-05T05:41,41,1200400300035,PRIORIZADO_18H,2026-04-05T05:41,2,41.327213
BASE,COLAPSO_LOGISTICO-NORMAL-N04,NORMAL,4,13,GENETICO,true,101.683333,4d05h41min,2026-04-05T05:41,41,1200400300035,PRIORIZADO_18H,2026-04-05T05:41,2,41.327213
BASE,COLAPSO_LOGISTICO-NORMAL-N04,NORMAL,4,14,GENETICO,true,101.683333,4d05h41min,2026-04-05T05:41,41,1200400300035,PRIORIZADO_18H,2026-04-05T05:41,2,41.327213
BASE,COLAPSO_LOGISTICO-NORMAL-N04,NORMAL,4,14,RECOCIDO_SIMULADO,true,101.683333,4d05h41min,2026-04-05T05:41,41,1200400300035,PRIORIZADO_18H,2026-04-05T05:41,2,41.327213
BASE,COLAPSO_LOGISTICO-NORMAL-N04,NORMAL,4,15,RECOCIDO_SIMULADO,true,101.683333,4d05h41min,2026-04-05T05:41,41,1200400300035,PRIORIZADO_18H,2026-04-05T05:41,2,41.327213
BASE,COLAPSO_LOGISTICO-NORMAL-N04,NORMAL,4,15,GENETICO,true,101.683333,4d05h41min,2026-04-05T05:41,41,1200400300035,PRIORIZADO_18H,2026-04-05T05:41,2,41.327213
BASE,COLAPSO_LOGISTICO-NORMAL-N04,NORMAL,4,16,GENETICO,true,101.683333,4d05h41min,2026-04-05T05:41,41,1200400300035,PRIORIZADO_18H,2026-04-05T05:41,2,41.327213
BASE,COLAPSO_LOGISTICO-NORMAL-N04,NORMAL,4,16,RECOCIDO_SIMULADO,true,101.683333,4d05h41min,2026-04-05T05:41,41,1200400300035,PRIORIZADO_18H,2026-04-05T05:41,2,41.327213
BASE,COLAPSO_LOGISTICO-NORMAL-N04,NORMAL,4,17,RECOCIDO_SIMULADO,true,101.683333,4d05h41min,2026-04-05T05:41,41,1200400300035,PRIORIZADO_18H,2026-04-05T05:41,2,41.327213
BASE,COLAPSO_LOGISTICO-NORMAL-N04,NORMAL,4,17,GENETICO,true,101.683333,4d05h41min,2026-04-05T05:41,41,1200400300035,PRIORIZADO_18H,2026-04-05T05:41,2,41.327213
BASE,COLAPSO_LOGISTICO-NORMAL-N05,NORMAL,5,0,GENETICO,true,69.3,2d21h18min,2026-04-03T21:18,35,1200500200010,PRIORIZADO_4H,2026-04-03T21:18,3,37.485
BASE,COLAPSO_LOGISTICO-NORMAL-N05,NORMAL,5,0,RECOCIDO_SIMULADO,true,69.3,2d21h18min,2026-04-03T21:18,35,1200500200010,PRIORIZADO_4H,2026-04-03T21:18,3,37.485
BASE,COLAPSO_LOGISTICO-NORMAL-N05,NORMAL,5,1,RECOCIDO_SIMULADO,true,69.3,2d21h18min,2026-04-03T21:18,35,1200500200010,PRIORIZADO_4H,2026-04-03T21:18,3,37.485
BASE,COLAPSO_LOGISTICO-NORMAL-N05,NORMAL,5,1,GENETICO,true,69.3,2d21h18min,2026-04-03T21:18,35,1200500200010,PRIORIZADO_4H,2026-04-03T21:18,3,37.485
BASE,COLAPSO_LOGISTICO-NORMAL-N05,NORMAL,5,2,GENETICO,true,69.3,2d21h18min,2026-04-03T21:18,35,1200500200010,PRIORIZADO_4H,2026-04-03T21:18,3,37.485
BASE,COLAPSO_LOGISTICO-NORMAL-N05,NORMAL,5,2,RECOCIDO_SIMULADO,true,69.3,2d21h18min,2026-04-03T21:18,35,1200500200010,PRIORIZADO_4H,2026-04-03T21:18,3,37.485
BASE,COLAPSO_LOGISTICO-NORMAL-N05,NORMAL,5,3,RECOCIDO_SIMULADO,true,69.3,2d21h18min,2026-04-03T21:18,35,1200500200010,PRIORIZADO_4H,2026-04-03T21:18,3,37.485
BASE,COLAPSO_LOGISTICO-NORMAL-N05,NORMAL,5,3,GENETICO,true,69.3,2d21h18min,2026-04-03T21:18,35,1200500200010,PRIORIZADO_4H,2026-04-03T21:18,3,37.485
BASE,COLAPSO_LOGISTICO-NORMAL-N05,NORMAL,5,4,GENETICO,true,69.3,2d21h18min,2026-04-03T21:18,35,1200500200010,PRIORIZADO_4H,2026-04-03T21:18,3,37.485
BASE,COLAPSO_LOGISTICO-NORMAL-N05,NORMAL,5,4,RECOCIDO_SIMULADO,true,69.3,2d21h18min,2026-04-03T21:18,35,1200500200010,PRIORIZADO_4H,2026-04-03T21:18,3,37.485
BASE,COLAPSO_LOGISTICO-NORMAL-N05,NORMAL,5,5,RECOCIDO_SIMULADO,true,69.3,2d21h18min,2026-04-03T21:18,35,1200500200010,PRIORIZADO_4H,2026-04-03T21:18,3,37.485
BASE,COLAPSO_LOGISTICO-NORMAL-N05,NORMAL,5,5,GENETICO,true,69.3,2d21h18min,2026-04-03T21:18,35,1200500200010,PRIORIZADO_4H,2026-04-03T21:18,3,37.485
BASE,COLAPSO_LOGISTICO-NORMAL-N05,NORMAL,5,6,GENETICO,true,69.3,2d21h18min,2026-04-03T21:18,35,1200500200010,PRIORIZADO_4H,2026-04-03T21:18,3,37.485
BASE,COLAPSO_LOGISTICO-NORMAL-N05,NORMAL,5,6,RECOCIDO_SIMULADO,true,69.3,2d21h18min,2026-04-03T21:18,35,1200500200010,PRIORIZADO_4H,2026-04-03T21:18,3,37.485
BASE,COLAPSO_LOGISTICO-NORMAL-N05,NORMAL,5,7,RECOCIDO_SIMULADO,true,69.3,2d21h18min,2026-04-03T21:18,35,1200500200010,PRIORIZADO_4H,2026-04-03T21:18,3,37.485
BASE,COLAPSO_LOGISTICO-NORMAL-N05,NORMAL,5,7,GENETICO,true,69.3,2d21h18min,2026-04-03T21:18,35,1200500200010,PRIORIZADO_4H,2026-04-03T21:18,3,37.485
BASE,COLAPSO_LOGISTICO-NORMAL-N05,NORMAL,5,8,GENETICO,true,69.3,2d21h18min,2026-04-03T21:18,35,1200500200010,PRIORIZADO_4H,2026-04-03T21:18,3,37.485
BASE,COLAPSO_LOGISTICO-NORMAL-N05,NORMAL,5,8,RECOCIDO_SIMULADO,true,69.3,2d21h18min,2026-04-03T21:18,35,1200500200010,PRIORIZADO_4H,2026-04-03T21:18,3,37.485
BASE,COLAPSO_LOGISTICO-NORMAL-N05,NORMAL,5,9,RECOCIDO_SIMULADO,true,69.3,2d21h18min,2026-04-03T21:18,35,1200500200010,PRIORIZADO_4H,2026-04-03T21:18,3,37.485
BASE,COLAPSO_LOGISTICO-NORMAL-N05,NORMAL,5,9,GENETICO,true,69.3,2d21h18min,2026-04-03T21:18,35,1200500200010,PRIORIZADO_4H,2026-04-03T21:18,3,37.485
BASE,COLAPSO_LOGISTICO-NORMAL-N05,NORMAL,5,10,GENETICO,true,69.3,2d21h18min,2026-04-03T21:18,35,1200500200010,PRIORIZADO_4H,2026-04-03T21:18,3,37.485
BASE,COLAPSO_LOGISTICO-NORMAL-N05,NORMAL,5,10,RECOCIDO_SIMULADO,true,69.3,2d21h18min,2026-04-03T21:18,35,1200500200010,PRIORIZADO_4H,2026-04-03T21:18,3,37.485
BASE,COLAPSO_LOGISTICO-NORMAL-N05,NORMAL,5,11,RECOCIDO_SIMULADO,true,69.3,2d21h18min,2026-04-03T21:18,35,1200500200010,PRIORIZADO_4H,2026-04-03T21:18,3,37.485
BASE,COLAPSO_LOGISTICO-NORMAL-N05,NORMAL,5,11,GENETICO,true,69.3,2d21h18min,2026-04-03T21:18,35,1200500200010,PRIORIZADO_4H,2026-04-03T21:18,3,37.485
BASE,COLAPSO_LOGISTICO-NORMAL-N05,NORMAL,5,12,GENETICO,true,69.3,2d21h18min,2026-04-03T21:18,35,1200500200010,PRIORIZADO_4H,2026-04-03T21:18,3,37.485
BASE,COLAPSO_LOGISTICO-NORMAL-N05,NORMAL,5,12,RECOCIDO_SIMULADO,true,69.3,2d21h18min,2026-04-03T21:18,35,1200500200010,PRIORIZADO_4H,2026-04-03T21:18,3,37.485
BASE,COLAPSO_LOGISTICO-NORMAL-N05,NORMAL,5,13,RECOCIDO_SIMULADO,true,69.3,2d21h18min,2026-04-03T21:18,35,1200500200010,PRIORIZADO_4H,2026-04-03T21:18,3,37.485
BASE,COLAPSO_LOGISTICO-NORMAL-N05,NORMAL,5,13,GENETICO,true,69.3,2d21h18min,2026-04-03T21:18,35,1200500200010,PRIORIZADO_4H,2026-04-03T21:18,3,37.485
BASE,COLAPSO_LOGISTICO-NORMAL-N05,NORMAL,5,14,GENETICO,true,69.3,2d21h18min,2026-04-03T21:18,35,1200500200010,PRIORIZADO_4H,2026-04-03T21:18,3,37.485
BASE,COLAPSO_LOGISTICO-NORMAL-N05,NORMAL,5,14,RECOCIDO_SIMULADO,true,69.3,2d21h18min,2026-04-03T21:18,35,1200500200010,PRIORIZADO_4H,2026-04-03T21:18,3,37.485
BASE,COLAPSO_LOGISTICO-NORMAL-N05,NORMAL,5,15,RECOCIDO_SIMULADO,true,69.3,2d21h18min,2026-04-03T21:18,35,1200500200010,PRIORIZADO_4H,2026-04-03T21:18,3,37.485
BASE,COLAPSO_LOGISTICO-NORMAL-N05,NORMAL,5,15,GENETICO,true,69.3,2d21h18min,2026-04-03T21:18,35,1200500200010,PRIORIZADO_4H,2026-04-03T21:18,3,37.485
BASE,COLAPSO_LOGISTICO-NORMAL-N05,NORMAL,5,16,GENETICO,true,69.3,2d21h18min,2026-04-03T21:18,35,1200500200010,PRIORIZADO_4H,2026-04-03T21:18,3,37.485
BASE,COLAPSO_LOGISTICO-NORMAL-N05,NORMAL,5,16,RECOCIDO_SIMULADO,true,69.3,2d21h18min,2026-04-03T21:18,35,1200500200010,PRIORIZADO_4H,2026-04-03T21:18,3,37.485
BASE,COLAPSO_LOGISTICO-NORMAL-N05,NORMAL,5,17,RECOCIDO_SIMULADO,true,69.3,2d21h18min,2026-04-03T21:18,35,1200500200010,PRIORIZADO_4H,2026-04-03T21:18,3,37.485
BASE,COLAPSO_LOGISTICO-NORMAL-N05,NORMAL,5,17,GENETICO,true,69.3,2d21h18min,2026-04-03T21:18,35,1200500200010,PRIORIZADO_4H,2026-04-03T21:18,3,37.485
BASE,COLAPSO_LOGISTICO-ALTA-N01,ALTA,1,0,GENETICO,true,91.783333,3d19h47min,2026-04-04T19:47,53,1200100300037,PRIORIZADO_4H,2026-04-04T19:47,4,45.254
BASE,COLAPSO_LOGISTICO-ALTA-N01,ALTA,1,0,RECOCIDO_SIMULADO,true,91.783333,3d19h47min,2026-04-04T19:47,53,1200100300037,PRIORIZADO_4H,2026-04-04T19:47,4,45.254
BASE,COLAPSO_LOGISTICO-ALTA-N01,ALTA,1,1,RECOCIDO_SIMULADO,true,91.783333,3d19h47min,2026-04-04T19:47,53,1200100300037,PRIORIZADO_4H,2026-04-04T19:47,4,45.254
BASE,COLAPSO_LOGISTICO-ALTA-N01,ALTA,1,1,GENETICO,true,91.783333,3d19h47min,2026-04-04T19:47,53,1200100300037,PRIORIZADO_4H,2026-04-04T19:47,4,45.254
BASE,COLAPSO_LOGISTICO-ALTA-N01,ALTA,1,2,GENETICO,true,91.783333,3d19h47min,2026-04-04T19:47,53,1200100300037,PRIORIZADO_4H,2026-04-04T19:47,4,45.254
BASE,COLAPSO_LOGISTICO-ALTA-N01,ALTA,1,2,RECOCIDO_SIMULADO,true,91.783333,3d19h47min,2026-04-04T19:47,53,1200100300037,PRIORIZADO_4H,2026-04-04T19:47,4,45.254
BASE,COLAPSO_LOGISTICO-ALTA-N01,ALTA,1,3,RECOCIDO_SIMULADO,true,91.783333,3d19h47min,2026-04-04T19:47,53,1200100300037,PRIORIZADO_4H,2026-04-04T19:47,4,45.254
BASE,COLAPSO_LOGISTICO-ALTA-N01,ALTA,1,3,GENETICO,true,91.783333,3d19h47min,2026-04-04T19:47,53,1200100300037,PRIORIZADO_4H,2026-04-04T19:47,4,45.254
BASE,COLAPSO_LOGISTICO-ALTA-N01,ALTA,1,4,GENETICO,true,91.783333,3d19h47min,2026-04-04T19:47,53,1200100300037,PRIORIZADO_4H,2026-04-04T19:47,4,45.254
BASE,COLAPSO_LOGISTICO-ALTA-N01,ALTA,1,4,RECOCIDO_SIMULADO,true,91.783333,3d19h47min,2026-04-04T19:47,53,1200100300037,PRIORIZADO_4H,2026-04-04T19:47,4,45.254
BASE,COLAPSO_LOGISTICO-ALTA-N01,ALTA,1,5,RECOCIDO_SIMULADO,true,91.783333,3d19h47min,2026-04-04T19:47,53,1200100300037,PRIORIZADO_4H,2026-04-04T19:47,4,45.254
BASE,COLAPSO_LOGISTICO-ALTA-N01,ALTA,1,5,GENETICO,true,91.783333,3d19h47min,2026-04-04T19:47,53,1200100300037,PRIORIZADO_4H,2026-04-04T19:47,4,45.254
BASE,COLAPSO_LOGISTICO-ALTA-N01,ALTA,1,6,GENETICO,true,91.783333,3d19h47min,2026-04-04T19:47,53,1200100300037,PRIORIZADO_4H,2026-04-04T19:47,4,45.254
BASE,COLAPSO_LOGISTICO-ALTA-N01,ALTA,1,6,RECOCIDO_SIMULADO,true,91.783333,3d19h47min,2026-04-04T19:47,53,1200100300037,PRIORIZADO_4H,2026-04-04T19:47,4,45.254
BASE,COLAPSO_LOGISTICO-ALTA-N01,ALTA,1,7,RECOCIDO_SIMULADO,true,91.783333,3d19h47min,2026-04-04T19:47,53,1200100300037,PRIORIZADO_4H,2026-04-04T19:47,4,45.254
BASE,COLAPSO_LOGISTICO-ALTA-N01,ALTA,1,7,GENETICO,true,91.783333,3d19h47min,2026-04-04T19:47,53,1200100300037,PRIORIZADO_4H,2026-04-04T19:47,4,45.254
BASE,COLAPSO_LOGISTICO-ALTA-N01,ALTA,1,8,GENETICO,true,91.783333,3d19h47min,2026-04-04T19:47,53,1200100300037,PRIORIZADO_4H,2026-04-04T19:47,4,45.254
BASE,COLAPSO_LOGISTICO-ALTA-N01,ALTA,1,8,RECOCIDO_SIMULADO,true,91.783333,3d19h47min,2026-04-04T19:47,53,1200100300037,PRIORIZADO_4H,2026-04-04T19:47,4,45.254
BASE,COLAPSO_LOGISTICO-ALTA-N01,ALTA,1,9,RECOCIDO_SIMULADO,true,91.783333,3d19h47min,2026-04-04T19:47,53,1200100300037,PRIORIZADO_4H,2026-04-04T19:47,4,45.254
BASE,COLAPSO_LOGISTICO-ALTA-N01,ALTA,1,9,GENETICO,true,91.783333,3d19h47min,2026-04-04T19:47,53,1200100300037,PRIORIZADO_4H,2026-04-04T19:47,4,45.254
BASE,COLAPSO_LOGISTICO-ALTA-N01,ALTA,1,10,GENETICO,true,91.783333,3d19h47min,2026-04-04T19:47,53,1200100300037,PRIORIZADO_4H,2026-04-04T19:47,4,45.254
BASE,COLAPSO_LOGISTICO-ALTA-N01,ALTA,1,10,RECOCIDO_SIMULADO,true,91.783333,3d19h47min,2026-04-04T19:47,53,1200100300037,PRIORIZADO_4H,2026-04-04T19:47,4,45.254
BASE,COLAPSO_LOGISTICO-ALTA-N01,ALTA,1,11,RECOCIDO_SIMULADO,true,91.783333,3d19h47min,2026-04-04T19:47,53,1200100300037,PRIORIZADO_4H,2026-04-04T19:47,4,45.254
BASE,COLAPSO_LOGISTICO-ALTA-N01,ALTA,1,11,GENETICO,true,91.783333,3d19h47min,2026-04-04T19:47,53,1200100300037,PRIORIZADO_4H,2026-04-04T19:47,4,45.254
BASE,COLAPSO_LOGISTICO-ALTA-N01,ALTA,1,12,GENETICO,true,91.783333,3d19h47min,2026-04-04T19:47,53,1200100300037,PRIORIZADO_4H,2026-04-04T19:47,4,45.254
BASE,COLAPSO_LOGISTICO-ALTA-N01,ALTA,1,12,RECOCIDO_SIMULADO,true,91.783333,3d19h47min,2026-04-04T19:47,53,1200100300037,PRIORIZADO_4H,2026-04-04T19:47,4,45.254
BASE,COLAPSO_LOGISTICO-ALTA-N01,ALTA,1,13,RECOCIDO_SIMULADO,true,91.783333,3d19h47min,2026-04-04T19:47,53,1200100300037,PRIORIZADO_4H,2026-04-04T19:47,4,45.254
BASE,COLAPSO_LOGISTICO-ALTA-N01,ALTA,1,13,GENETICO,true,91.783333,3d19h47min,2026-04-04T19:47,53,1200100300037,PRIORIZADO_4H,2026-04-04T19:47,4,45.254
BASE,COLAPSO_LOGISTICO-ALTA-N01,ALTA,1,14,GENETICO,true,91.783333,3d19h47min,2026-04-04T19:47,53,1200100300037,PRIORIZADO_4H,2026-04-04T19:47,4,45.254
BASE,COLAPSO_LOGISTICO-ALTA-N01,ALTA,1,14,RECOCIDO_SIMULADO,true,91.783333,3d19h47min,2026-04-04T19:47,53,1200100300037,PRIORIZADO_4H,2026-04-04T19:47,4,45.254
BASE,COLAPSO_LOGISTICO-ALTA-N01,ALTA,1,15,RECOCIDO_SIMULADO,true,91.783333,3d19h47min,2026-04-04T19:47,53,1200100300037,PRIORIZADO_4H,2026-04-04T19:47,4,45.254
BASE,COLAPSO_LOGISTICO-ALTA-N01,ALTA,1,15,GENETICO,true,91.783333,3d19h47min,2026-04-04T19:47,53,1200100300037,PRIORIZADO_4H,2026-04-04T19:47,4,45.254
BASE,COLAPSO_LOGISTICO-ALTA-N01,ALTA,1,16,GENETICO,true,91.783333,3d19h47min,2026-04-04T19:47,53,1200100300037,PRIORIZADO_4H,2026-04-04T19:47,4,45.254
BASE,COLAPSO_LOGISTICO-ALTA-N01,ALTA,1,16,RECOCIDO_SIMULADO,true,91.783333,3d19h47min,2026-04-04T19:47,53,1200100300037,PRIORIZADO_4H,2026-04-04T19:47,4,45.254
BASE,COLAPSO_LOGISTICO-ALTA-N01,ALTA,1,17,RECOCIDO_SIMULADO,true,91.783333,3d19h47min,2026-04-04T19:47,53,1200100300037,PRIORIZADO_4H,2026-04-04T19:47,4,45.254
BASE,COLAPSO_LOGISTICO-ALTA-N01,ALTA,1,17,GENETICO,true,91.783333,3d19h47min,2026-04-04T19:47,53,1200100300037,PRIORIZADO_4H,2026-04-04T19:47,4,45.254
BASE,COLAPSO_LOGISTICO-ALTA-N02,ALTA,2,0,GENETICO,true,61.066667,2d13h04min,2026-04-03T13:04,35,1200200200019,PRIORIZADO_8H,2026-04-03T13:04,1,41.14
BASE,COLAPSO_LOGISTICO-ALTA-N02,ALTA,2,0,RECOCIDO_SIMULADO,true,61.066667,2d13h04min,2026-04-03T13:04,35,1200200200019,PRIORIZADO_8H,2026-04-03T13:04,1,41.14
BASE,COLAPSO_LOGISTICO-ALTA-N02,ALTA,2,1,RECOCIDO_SIMULADO,true,61.066667,2d13h04min,2026-04-03T13:04,35,1200200200019,PRIORIZADO_8H,2026-04-03T13:04,1,41.14
BASE,COLAPSO_LOGISTICO-ALTA-N02,ALTA,2,1,GENETICO,true,61.066667,2d13h04min,2026-04-03T13:04,35,1200200200019,PRIORIZADO_8H,2026-04-03T13:04,1,41.14
BASE,COLAPSO_LOGISTICO-ALTA-N02,ALTA,2,2,GENETICO,true,61.066667,2d13h04min,2026-04-03T13:04,35,1200200200019,PRIORIZADO_8H,2026-04-03T13:04,1,41.14
BASE,COLAPSO_LOGISTICO-ALTA-N02,ALTA,2,2,RECOCIDO_SIMULADO,true,61.066667,2d13h04min,2026-04-03T13:04,35,1200200200019,PRIORIZADO_8H,2026-04-03T13:04,1,41.14
BASE,COLAPSO_LOGISTICO-ALTA-N02,ALTA,2,3,RECOCIDO_SIMULADO,true,61.066667,2d13h04min,2026-04-03T13:04,35,1200200200019,PRIORIZADO_8H,2026-04-03T13:04,1,41.14
BASE,COLAPSO_LOGISTICO-ALTA-N02,ALTA,2,3,GENETICO,true,61.066667,2d13h04min,2026-04-03T13:04,35,1200200200019,PRIORIZADO_8H,2026-04-03T13:04,1,41.14
BASE,COLAPSO_LOGISTICO-ALTA-N02,ALTA,2,4,GENETICO,true,61.066667,2d13h04min,2026-04-03T13:04,35,1200200200019,PRIORIZADO_8H,2026-04-03T13:04,1,41.14
BASE,COLAPSO_LOGISTICO-ALTA-N02,ALTA,2,4,RECOCIDO_SIMULADO,true,61.066667,2d13h04min,2026-04-03T13:04,35,1200200200019,PRIORIZADO_8H,2026-04-03T13:04,1,41.14
BASE,COLAPSO_LOGISTICO-ALTA-N02,ALTA,2,5,RECOCIDO_SIMULADO,true,61.066667,2d13h04min,2026-04-03T13:04,35,1200200200019,PRIORIZADO_8H,2026-04-03T13:04,1,41.14
BASE,COLAPSO_LOGISTICO-ALTA-N02,ALTA,2,5,GENETICO,true,61.066667,2d13h04min,2026-04-03T13:04,35,1200200200019,PRIORIZADO_8H,2026-04-03T13:04,1,41.14
BASE,COLAPSO_LOGISTICO-ALTA-N02,ALTA,2,6,GENETICO,true,61.066667,2d13h04min,2026-04-03T13:04,35,1200200200019,PRIORIZADO_8H,2026-04-03T13:04,1,41.14
BASE,COLAPSO_LOGISTICO-ALTA-N02,ALTA,2,6,RECOCIDO_SIMULADO,true,61.066667,2d13h04min,2026-04-03T13:04,35,1200200200019,PRIORIZADO_8H,2026-04-03T13:04,1,41.14
BASE,COLAPSO_LOGISTICO-ALTA-N02,ALTA,2,7,RECOCIDO_SIMULADO,true,61.066667,2d13h04min,2026-04-03T13:04,35,1200200200019,PRIORIZADO_8H,2026-04-03T13:04,1,41.14
BASE,COLAPSO_LOGISTICO-ALTA-N02,ALTA,2,7,GENETICO,true,61.066667,2d13h04min,2026-04-03T13:04,35,1200200200019,PRIORIZADO_8H,2026-04-03T13:04,1,41.14
BASE,COLAPSO_LOGISTICO-ALTA-N02,ALTA,2,8,GENETICO,true,61.066667,2d13h04min,2026-04-03T13:04,35,1200200200019,PRIORIZADO_8H,2026-04-03T13:04,1,41.14
BASE,COLAPSO_LOGISTICO-ALTA-N02,ALTA,2,8,RECOCIDO_SIMULADO,true,61.066667,2d13h04min,2026-04-03T13:04,35,1200200200019,PRIORIZADO_8H,2026-04-03T13:04,1,41.14
BASE,COLAPSO_LOGISTICO-ALTA-N02,ALTA,2,9,RECOCIDO_SIMULADO,true,61.066667,2d13h04min,2026-04-03T13:04,35,1200200200019,PRIORIZADO_8H,2026-04-03T13:04,1,41.14
BASE,COLAPSO_LOGISTICO-ALTA-N02,ALTA,2,9,GENETICO,true,61.066667,2d13h04min,2026-04-03T13:04,35,1200200200019,PRIORIZADO_8H,2026-04-03T13:04,1,41.14
BASE,COLAPSO_LOGISTICO-ALTA-N02,ALTA,2,10,GENETICO,true,61.066667,2d13h04min,2026-04-03T13:04,35,1200200200019,PRIORIZADO_8H,2026-04-03T13:04,1,41.14
BASE,COLAPSO_LOGISTICO-ALTA-N02,ALTA,2,10,RECOCIDO_SIMULADO,true,61.066667,2d13h04min,2026-04-03T13:04,35,1200200200019,PRIORIZADO_8H,2026-04-03T13:04,1,41.14
BASE,COLAPSO_LOGISTICO-ALTA-N02,ALTA,2,11,RECOCIDO_SIMULADO,true,61.066667,2d13h04min,2026-04-03T13:04,35,1200200200019,PRIORIZADO_8H,2026-04-03T13:04,1,41.14
BASE,COLAPSO_LOGISTICO-ALTA-N02,ALTA,2,11,GENETICO,true,61.066667,2d13h04min,2026-04-03T13:04,35,1200200200019,PRIORIZADO_8H,2026-04-03T13:04,1,41.14
BASE,COLAPSO_LOGISTICO-ALTA-N02,ALTA,2,12,GENETICO,true,61.066667,2d13h04min,2026-04-03T13:04,35,1200200200019,PRIORIZADO_8H,2026-04-03T13:04,1,41.14
BASE,COLAPSO_LOGISTICO-ALTA-N02,ALTA,2,12,RECOCIDO_SIMULADO,true,61.066667,2d13h04min,2026-04-03T13:04,35,1200200200019,PRIORIZADO_8H,2026-04-03T13:04,1,41.14
BASE,COLAPSO_LOGISTICO-ALTA-N02,ALTA,2,13,RECOCIDO_SIMULADO,true,61.066667,2d13h04min,2026-04-03T13:04,35,1200200200019,PRIORIZADO_8H,2026-04-03T13:04,1,41.14
BASE,COLAPSO_LOGISTICO-ALTA-N02,ALTA,2,13,GENETICO,true,61.066667,2d13h04min,2026-04-03T13:04,35,1200200200019,PRIORIZADO_8H,2026-04-03T13:04,1,41.14
BASE,COLAPSO_LOGISTICO-ALTA-N02,ALTA,2,14,GENETICO,true,61.066667,2d13h04min,2026-04-03T13:04,35,1200200200019,PRIORIZADO_8H,2026-04-03T13:04,1,41.14
BASE,COLAPSO_LOGISTICO-ALTA-N02,ALTA,2,14,RECOCIDO_SIMULADO,true,61.066667,2d13h04min,2026-04-03T13:04,35,1200200200019,PRIORIZADO_8H,2026-04-03T13:04,1,41.14
BASE,COLAPSO_LOGISTICO-ALTA-N02,ALTA,2,15,RECOCIDO_SIMULADO,true,61.066667,2d13h04min,2026-04-03T13:04,35,1200200200019,PRIORIZADO_8H,2026-04-03T13:04,1,41.14
BASE,COLAPSO_LOGISTICO-ALTA-N02,ALTA,2,15,GENETICO,true,61.066667,2d13h04min,2026-04-03T13:04,35,1200200200019,PRIORIZADO_8H,2026-04-03T13:04,1,41.14
BASE,COLAPSO_LOGISTICO-ALTA-N02,ALTA,2,16,GENETICO,true,61.066667,2d13h04min,2026-04-03T13:04,35,1200200200019,PRIORIZADO_8H,2026-04-03T13:04,1,41.14
BASE,COLAPSO_LOGISTICO-ALTA-N02,ALTA,2,16,RECOCIDO_SIMULADO,true,61.066667,2d13h04min,2026-04-03T13:04,35,1200200200019,PRIORIZADO_8H,2026-04-03T13:04,1,41.14
BASE,COLAPSO_LOGISTICO-ALTA-N02,ALTA,2,17,RECOCIDO_SIMULADO,true,61.066667,2d13h04min,2026-04-03T13:04,35,1200200200019,PRIORIZADO_8H,2026-04-03T13:04,1,41.14
BASE,COLAPSO_LOGISTICO-ALTA-N02,ALTA,2,17,GENETICO,true,61.066667,2d13h04min,2026-04-03T13:04,35,1200200200019,PRIORIZADO_8H,2026-04-03T13:04,1,41.14
BASE,COLAPSO_LOGISTICO-ALTA-N03,ALTA,3,0,GENETICO,true,80.466667,3d08h28min,2026-04-04T08:28,52,1200300300049,PRIORIZADO_4H,2026-04-04T08:28,2,45.254
BASE,COLAPSO_LOGISTICO-ALTA-N03,ALTA,3,0,RECOCIDO_SIMULADO,true,80.466667,3d08h28min,2026-04-04T08:28,52,1200300300049,PRIORIZADO_4H,2026-04-04T08:28,2,45.254
BASE,COLAPSO_LOGISTICO-ALTA-N03,ALTA,3,1,RECOCIDO_SIMULADO,true,75.066667,3d03h04min,2026-04-04T03:04,52,1200300200025,PRIORIZADO_4H,2026-04-04T03:04,2,45.254
BASE,COLAPSO_LOGISTICO-ALTA-N03,ALTA,3,1,GENETICO,true,80.466667,3d08h28min,2026-04-04T08:28,52,1200300300049,PRIORIZADO_4H,2026-04-04T08:28,2,45.254
BASE,COLAPSO_LOGISTICO-ALTA-N03,ALTA,3,2,GENETICO,true,80.466667,3d08h28min,2026-04-04T08:28,52,1200300300049,PRIORIZADO_4H,2026-04-04T08:28,2,45.254
BASE,COLAPSO_LOGISTICO-ALTA-N03,ALTA,3,2,RECOCIDO_SIMULADO,true,75.066667,3d03h04min,2026-04-04T03:04,52,1200300200025,PRIORIZADO_4H,2026-04-04T03:04,2,45.254
BASE,COLAPSO_LOGISTICO-ALTA-N03,ALTA,3,3,RECOCIDO_SIMULADO,true,75.6,3d03h36min,2026-04-04T03:36,52,1200300200036,PRIORIZADO_4H,2026-04-04T03:36,2,45.254
BASE,COLAPSO_LOGISTICO-ALTA-N03,ALTA,3,3,GENETICO,true,80.466667,3d08h28min,2026-04-04T08:28,52,1200300300049,PRIORIZADO_4H,2026-04-04T08:28,2,45.254
BASE,COLAPSO_LOGISTICO-ALTA-N03,ALTA,3,4,GENETICO,true,80.466667,3d08h28min,2026-04-04T08:28,52,1200300300049,PRIORIZADO_4H,2026-04-04T08:28,2,45.254
BASE,COLAPSO_LOGISTICO-ALTA-N03,ALTA,3,4,RECOCIDO_SIMULADO,true,75.6,3d03h36min,2026-04-04T03:36,52,1200300200036,PRIORIZADO_4H,2026-04-04T03:36,2,45.254
BASE,COLAPSO_LOGISTICO-ALTA-N03,ALTA,3,5,RECOCIDO_SIMULADO,true,75.066667,3d03h04min,2026-04-04T03:04,52,1200300200025,PRIORIZADO_4H,2026-04-04T03:04,2,45.254
BASE,COLAPSO_LOGISTICO-ALTA-N03,ALTA,3,5,GENETICO,true,80.466667,3d08h28min,2026-04-04T08:28,52,1200300300049,PRIORIZADO_4H,2026-04-04T08:28,2,45.254
BASE,COLAPSO_LOGISTICO-ALTA-N03,ALTA,3,6,GENETICO,true,80.466667,3d08h28min,2026-04-04T08:28,52,1200300300049,PRIORIZADO_4H,2026-04-04T08:28,2,45.254
BASE,COLAPSO_LOGISTICO-ALTA-N03,ALTA,3,6,RECOCIDO_SIMULADO,true,75.066667,3d03h04min,2026-04-04T03:04,52,1200300200025,PRIORIZADO_4H,2026-04-04T03:04,2,45.254
BASE,COLAPSO_LOGISTICO-ALTA-N03,ALTA,3,7,RECOCIDO_SIMULADO,true,75.066667,3d03h04min,2026-04-04T03:04,52,1200300200025,PRIORIZADO_4H,2026-04-04T03:04,2,45.254
BASE,COLAPSO_LOGISTICO-ALTA-N03,ALTA,3,7,GENETICO,true,80.466667,3d08h28min,2026-04-04T08:28,52,1200300300049,PRIORIZADO_4H,2026-04-04T08:28,2,45.254
BASE,COLAPSO_LOGISTICO-ALTA-N03,ALTA,3,8,GENETICO,true,80.466667,3d08h28min,2026-04-04T08:28,52,1200300300049,PRIORIZADO_4H,2026-04-04T08:28,2,45.254
BASE,COLAPSO_LOGISTICO-ALTA-N03,ALTA,3,8,RECOCIDO_SIMULADO,true,75.066667,3d03h04min,2026-04-04T03:04,52,1200300200025,PRIORIZADO_4H,2026-04-04T03:04,2,45.254
BASE,COLAPSO_LOGISTICO-ALTA-N03,ALTA,3,9,RECOCIDO_SIMULADO,true,80.466667,3d08h28min,2026-04-04T08:28,52,1200300300049,PRIORIZADO_4H,2026-04-04T08:28,2,45.254
BASE,COLAPSO_LOGISTICO-ALTA-N03,ALTA,3,9,GENETICO,true,80.466667,3d08h28min,2026-04-04T08:28,52,1200300300049,PRIORIZADO_4H,2026-04-04T08:28,2,45.254
BASE,COLAPSO_LOGISTICO-ALTA-N03,ALTA,3,10,GENETICO,true,80.466667,3d08h28min,2026-04-04T08:28,52,1200300300049,PRIORIZADO_4H,2026-04-04T08:28,2,45.254
BASE,COLAPSO_LOGISTICO-ALTA-N03,ALTA,3,10,RECOCIDO_SIMULADO,true,75.6,3d03h36min,2026-04-04T03:36,52,1200300200036,PRIORIZADO_4H,2026-04-04T03:36,2,45.254
BASE,COLAPSO_LOGISTICO-ALTA-N03,ALTA,3,11,RECOCIDO_SIMULADO,true,75.6,3d03h36min,2026-04-04T03:36,52,1200300200036,PRIORIZADO_4H,2026-04-04T03:36,2,45.254
BASE,COLAPSO_LOGISTICO-ALTA-N03,ALTA,3,11,GENETICO,true,80.466667,3d08h28min,2026-04-04T08:28,52,1200300300049,PRIORIZADO_4H,2026-04-04T08:28,2,45.254
BASE,COLAPSO_LOGISTICO-ALTA-N03,ALTA,3,12,GENETICO,true,80.466667,3d08h28min,2026-04-04T08:28,52,1200300300049,PRIORIZADO_4H,2026-04-04T08:28,2,45.254
BASE,COLAPSO_LOGISTICO-ALTA-N03,ALTA,3,12,RECOCIDO_SIMULADO,true,80.466667,3d08h28min,2026-04-04T08:28,52,1200300300049,PRIORIZADO_4H,2026-04-04T08:28,2,45.254
BASE,COLAPSO_LOGISTICO-ALTA-N03,ALTA,3,13,RECOCIDO_SIMULADO,true,75.6,3d03h36min,2026-04-04T03:36,52,1200300200036,PRIORIZADO_4H,2026-04-04T03:36,2,45.254
BASE,COLAPSO_LOGISTICO-ALTA-N03,ALTA,3,13,GENETICO,true,80.466667,3d08h28min,2026-04-04T08:28,52,1200300300049,PRIORIZADO_4H,2026-04-04T08:28,2,45.254
BASE,COLAPSO_LOGISTICO-ALTA-N03,ALTA,3,14,GENETICO,true,80.466667,3d08h28min,2026-04-04T08:28,52,1200300300049,PRIORIZADO_4H,2026-04-04T08:28,2,45.254
BASE,COLAPSO_LOGISTICO-ALTA-N03,ALTA,3,14,RECOCIDO_SIMULADO,true,75.6,3d03h36min,2026-04-04T03:36,52,1200300200036,PRIORIZADO_4H,2026-04-04T03:36,2,45.254
BASE,COLAPSO_LOGISTICO-ALTA-N03,ALTA,3,15,RECOCIDO_SIMULADO,true,75.6,3d03h36min,2026-04-04T03:36,52,1200300200036,PRIORIZADO_4H,2026-04-04T03:36,2,45.254
BASE,COLAPSO_LOGISTICO-ALTA-N03,ALTA,3,15,GENETICO,true,80.466667,3d08h28min,2026-04-04T08:28,52,1200300300049,PRIORIZADO_4H,2026-04-04T08:28,2,45.254
BASE,COLAPSO_LOGISTICO-ALTA-N03,ALTA,3,16,GENETICO,true,80.466667,3d08h28min,2026-04-04T08:28,52,1200300300049,PRIORIZADO_4H,2026-04-04T08:28,2,45.254
BASE,COLAPSO_LOGISTICO-ALTA-N03,ALTA,3,16,RECOCIDO_SIMULADO,true,80.466667,3d08h28min,2026-04-04T08:28,52,1200300300049,PRIORIZADO_4H,2026-04-04T08:28,2,45.254
BASE,COLAPSO_LOGISTICO-ALTA-N03,ALTA,3,17,RECOCIDO_SIMULADO,true,80.466667,3d08h28min,2026-04-04T08:28,52,1200300300049,PRIORIZADO_4H,2026-04-04T08:28,2,45.254
BASE,COLAPSO_LOGISTICO-ALTA-N03,ALTA,3,17,GENETICO,true,80.466667,3d08h28min,2026-04-04T08:28,52,1200300300049,PRIORIZADO_4H,2026-04-04T08:28,2,45.254
BASE,COLAPSO_LOGISTICO-ALTA-N04,ALTA,4,0,GENETICO,true,101.683333,4d05h41min,2026-04-05T05:41,49,1200400300035,PRIORIZADO_18H,2026-04-05T05:41,2,49.7794
BASE,COLAPSO_LOGISTICO-ALTA-N04,ALTA,4,0,RECOCIDO_SIMULADO,true,101.683333,4d05h41min,2026-04-05T05:41,49,1200400300035,PRIORIZADO_18H,2026-04-05T05:41,2,49.7794
BASE,COLAPSO_LOGISTICO-ALTA-N04,ALTA,4,1,RECOCIDO_SIMULADO,true,101.683333,4d05h41min,2026-04-05T05:41,49,1200400300035,PRIORIZADO_18H,2026-04-05T05:41,2,49.7794
BASE,COLAPSO_LOGISTICO-ALTA-N04,ALTA,4,1,GENETICO,true,101.683333,4d05h41min,2026-04-05T05:41,49,1200400300035,PRIORIZADO_18H,2026-04-05T05:41,2,49.7794
BASE,COLAPSO_LOGISTICO-ALTA-N04,ALTA,4,2,GENETICO,true,101.683333,4d05h41min,2026-04-05T05:41,49,1200400300035,PRIORIZADO_18H,2026-04-05T05:41,2,49.7794
BASE,COLAPSO_LOGISTICO-ALTA-N04,ALTA,4,2,RECOCIDO_SIMULADO,true,101.683333,4d05h41min,2026-04-05T05:41,49,1200400300035,PRIORIZADO_18H,2026-04-05T05:41,2,49.7794
BASE,COLAPSO_LOGISTICO-ALTA-N04,ALTA,4,3,RECOCIDO_SIMULADO,true,101.683333,4d05h41min,2026-04-05T05:41,49,1200400300035,PRIORIZADO_18H,2026-04-05T05:41,2,49.7794
BASE,COLAPSO_LOGISTICO-ALTA-N04,ALTA,4,3,GENETICO,true,101.683333,4d05h41min,2026-04-05T05:41,49,1200400300035,PRIORIZADO_18H,2026-04-05T05:41,2,49.7794
BASE,COLAPSO_LOGISTICO-ALTA-N04,ALTA,4,4,GENETICO,true,101.683333,4d05h41min,2026-04-05T05:41,49,1200400300035,PRIORIZADO_18H,2026-04-05T05:41,2,49.7794
BASE,COLAPSO_LOGISTICO-ALTA-N04,ALTA,4,4,RECOCIDO_SIMULADO,true,101.683333,4d05h41min,2026-04-05T05:41,49,1200400300035,PRIORIZADO_18H,2026-04-05T05:41,2,49.7794
BASE,COLAPSO_LOGISTICO-ALTA-N04,ALTA,4,5,RECOCIDO_SIMULADO,true,101.683333,4d05h41min,2026-04-05T05:41,49,1200400300035,PRIORIZADO_18H,2026-04-05T05:41,2,49.7794
BASE,COLAPSO_LOGISTICO-ALTA-N04,ALTA,4,5,GENETICO,true,101.683333,4d05h41min,2026-04-05T05:41,49,1200400300035,PRIORIZADO_18H,2026-04-05T05:41,2,49.7794
BASE,COLAPSO_LOGISTICO-ALTA-N04,ALTA,4,6,GENETICO,true,101.683333,4d05h41min,2026-04-05T05:41,49,1200400300035,PRIORIZADO_18H,2026-04-05T05:41,2,49.7794
BASE,COLAPSO_LOGISTICO-ALTA-N04,ALTA,4,6,RECOCIDO_SIMULADO,true,101.683333,4d05h41min,2026-04-05T05:41,49,1200400300035,PRIORIZADO_18H,2026-04-05T05:41,2,49.7794
BASE,COLAPSO_LOGISTICO-ALTA-N04,ALTA,4,7,RECOCIDO_SIMULADO,true,101.683333,4d05h41min,2026-04-05T05:41,49,1200400300035,PRIORIZADO_18H,2026-04-05T05:41,2,49.7794
BASE,COLAPSO_LOGISTICO-ALTA-N04,ALTA,4,7,GENETICO,true,101.683333,4d05h41min,2026-04-05T05:41,49,1200400300035,PRIORIZADO_18H,2026-04-05T05:41,2,49.7794
BASE,COLAPSO_LOGISTICO-ALTA-N04,ALTA,4,8,GENETICO,true,101.683333,4d05h41min,2026-04-05T05:41,49,1200400300035,PRIORIZADO_18H,2026-04-05T05:41,2,49.7794
BASE,COLAPSO_LOGISTICO-ALTA-N04,ALTA,4,8,RECOCIDO_SIMULADO,true,101.683333,4d05h41min,2026-04-05T05:41,49,1200400300035,PRIORIZADO_18H,2026-04-05T05:41,2,49.7794
BASE,COLAPSO_LOGISTICO-ALTA-N04,ALTA,4,9,RECOCIDO_SIMULADO,true,101.683333,4d05h41min,2026-04-05T05:41,49,1200400300035,PRIORIZADO_18H,2026-04-05T05:41,2,49.7794
BASE,COLAPSO_LOGISTICO-ALTA-N04,ALTA,4,9,GENETICO,true,101.683333,4d05h41min,2026-04-05T05:41,49,1200400300035,PRIORIZADO_18H,2026-04-05T05:41,2,49.7794
BASE,COLAPSO_LOGISTICO-ALTA-N04,ALTA,4,10,GENETICO,true,101.683333,4d05h41min,2026-04-05T05:41,49,1200400300035,PRIORIZADO_18H,2026-04-05T05:41,2,49.7794
BASE,COLAPSO_LOGISTICO-ALTA-N04,ALTA,4,10,RECOCIDO_SIMULADO,true,101.683333,4d05h41min,2026-04-05T05:41,49,1200400300035,PRIORIZADO_18H,2026-04-05T05:41,2,49.7794
BASE,COLAPSO_LOGISTICO-ALTA-N04,ALTA,4,11,RECOCIDO_SIMULADO,true,101.683333,4d05h41min,2026-04-05T05:41,49,1200400300035,PRIORIZADO_18H,2026-04-05T05:41,2,49.7794
BASE,COLAPSO_LOGISTICO-ALTA-N04,ALTA,4,11,GENETICO,true,101.683333,4d05h41min,2026-04-05T05:41,49,1200400300035,PRIORIZADO_18H,2026-04-05T05:41,2,49.7794
BASE,COLAPSO_LOGISTICO-ALTA-N04,ALTA,4,12,GENETICO,true,101.683333,4d05h41min,2026-04-05T05:41,49,1200400300035,PRIORIZADO_18H,2026-04-05T05:41,2,49.7794
BASE,COLAPSO_LOGISTICO-ALTA-N04,ALTA,4,12,RECOCIDO_SIMULADO,true,101.683333,4d05h41min,2026-04-05T05:41,49,1200400300035,PRIORIZADO_18H,2026-04-05T05:41,2,49.7794
BASE,COLAPSO_LOGISTICO-ALTA-N04,ALTA,4,13,RECOCIDO_SIMULADO,true,101.683333,4d05h41min,2026-04-05T05:41,49,1200400300035,PRIORIZADO_18H,2026-04-05T05:41,2,49.7794
BASE,COLAPSO_LOGISTICO-ALTA-N04,ALTA,4,13,GENETICO,true,101.683333,4d05h41min,2026-04-05T05:41,49,1200400300035,PRIORIZADO_18H,2026-04-05T05:41,2,49.7794
BASE,COLAPSO_LOGISTICO-ALTA-N04,ALTA,4,14,GENETICO,true,101.683333,4d05h41min,2026-04-05T05:41,49,1200400300035,PRIORIZADO_18H,2026-04-05T05:41,2,49.7794
BASE,COLAPSO_LOGISTICO-ALTA-N04,ALTA,4,14,RECOCIDO_SIMULADO,true,101.683333,4d05h41min,2026-04-05T05:41,49,1200400300035,PRIORIZADO_18H,2026-04-05T05:41,2,49.7794
BASE,COLAPSO_LOGISTICO-ALTA-N04,ALTA,4,15,RECOCIDO_SIMULADO,true,101.683333,4d05h41min,2026-04-05T05:41,49,1200400300035,PRIORIZADO_18H,2026-04-05T05:41,2,49.7794
BASE,COLAPSO_LOGISTICO-ALTA-N04,ALTA,4,15,GENETICO,true,101.683333,4d05h41min,2026-04-05T05:41,49,1200400300035,PRIORIZADO_18H,2026-04-05T05:41,2,49.7794
BASE,COLAPSO_LOGISTICO-ALTA-N04,ALTA,4,16,GENETICO,true,101.683333,4d05h41min,2026-04-05T05:41,49,1200400300035,PRIORIZADO_18H,2026-04-05T05:41,2,49.7794
BASE,COLAPSO_LOGISTICO-ALTA-N04,ALTA,4,16,RECOCIDO_SIMULADO,true,101.683333,4d05h41min,2026-04-05T05:41,49,1200400300035,PRIORIZADO_18H,2026-04-05T05:41,2,49.7794
BASE,COLAPSO_LOGISTICO-ALTA-N04,ALTA,4,17,RECOCIDO_SIMULADO,true,101.683333,4d05h41min,2026-04-05T05:41,49,1200400300035,PRIORIZADO_18H,2026-04-05T05:41,2,49.7794
BASE,COLAPSO_LOGISTICO-ALTA-N04,ALTA,4,17,GENETICO,true,101.683333,4d05h41min,2026-04-05T05:41,49,1200400300035,PRIORIZADO_18H,2026-04-05T05:41,2,49.7794
BASE,COLAPSO_LOGISTICO-ALTA-N05,ALTA,5,0,GENETICO,true,69.3,2d21h18min,2026-04-03T21:18,38,1200500200010,PRIORIZADO_4H,2026-04-03T21:18,3,41.14
BASE,COLAPSO_LOGISTICO-ALTA-N05,ALTA,5,0,RECOCIDO_SIMULADO,true,69.3,2d21h18min,2026-04-03T21:18,38,1200500200010,PRIORIZADO_4H,2026-04-03T21:18,3,41.14
BASE,COLAPSO_LOGISTICO-ALTA-N05,ALTA,5,1,RECOCIDO_SIMULADO,true,69.3,2d21h18min,2026-04-03T21:18,38,1200500200010,PRIORIZADO_4H,2026-04-03T21:18,3,41.14
BASE,COLAPSO_LOGISTICO-ALTA-N05,ALTA,5,1,GENETICO,true,69.3,2d21h18min,2026-04-03T21:18,38,1200500200010,PRIORIZADO_4H,2026-04-03T21:18,3,41.14
BASE,COLAPSO_LOGISTICO-ALTA-N05,ALTA,5,2,GENETICO,true,69.3,2d21h18min,2026-04-03T21:18,38,1200500200010,PRIORIZADO_4H,2026-04-03T21:18,3,41.14
BASE,COLAPSO_LOGISTICO-ALTA-N05,ALTA,5,2,RECOCIDO_SIMULADO,true,69.3,2d21h18min,2026-04-03T21:18,38,1200500200010,PRIORIZADO_4H,2026-04-03T21:18,3,41.14
BASE,COLAPSO_LOGISTICO-ALTA-N05,ALTA,5,3,RECOCIDO_SIMULADO,true,69.3,2d21h18min,2026-04-03T21:18,38,1200500200010,PRIORIZADO_4H,2026-04-03T21:18,3,41.14
BASE,COLAPSO_LOGISTICO-ALTA-N05,ALTA,5,3,GENETICO,true,69.3,2d21h18min,2026-04-03T21:18,38,1200500200010,PRIORIZADO_4H,2026-04-03T21:18,3,41.14
BASE,COLAPSO_LOGISTICO-ALTA-N05,ALTA,5,4,GENETICO,true,69.3,2d21h18min,2026-04-03T21:18,38,1200500200010,PRIORIZADO_4H,2026-04-03T21:18,3,41.14
BASE,COLAPSO_LOGISTICO-ALTA-N05,ALTA,5,4,RECOCIDO_SIMULADO,true,69.3,2d21h18min,2026-04-03T21:18,38,1200500200010,PRIORIZADO_4H,2026-04-03T21:18,3,41.14
BASE,COLAPSO_LOGISTICO-ALTA-N05,ALTA,5,5,RECOCIDO_SIMULADO,true,69.3,2d21h18min,2026-04-03T21:18,38,1200500200010,PRIORIZADO_4H,2026-04-03T21:18,3,41.14
BASE,COLAPSO_LOGISTICO-ALTA-N05,ALTA,5,5,GENETICO,true,69.3,2d21h18min,2026-04-03T21:18,38,1200500200010,PRIORIZADO_4H,2026-04-03T21:18,3,41.14
BASE,COLAPSO_LOGISTICO-ALTA-N05,ALTA,5,6,GENETICO,true,69.3,2d21h18min,2026-04-03T21:18,38,1200500200010,PRIORIZADO_4H,2026-04-03T21:18,3,41.14
BASE,COLAPSO_LOGISTICO-ALTA-N05,ALTA,5,6,RECOCIDO_SIMULADO,true,69.3,2d21h18min,2026-04-03T21:18,38,1200500200010,PRIORIZADO_4H,2026-04-03T21:18,3,41.14
BASE,COLAPSO_LOGISTICO-ALTA-N05,ALTA,5,7,RECOCIDO_SIMULADO,true,69.3,2d21h18min,2026-04-03T21:18,38,1200500200010,PRIORIZADO_4H,2026-04-03T21:18,3,41.14
BASE,COLAPSO_LOGISTICO-ALTA-N05,ALTA,5,7,GENETICO,true,69.3,2d21h18min,2026-04-03T21:18,38,1200500200010,PRIORIZADO_4H,2026-04-03T21:18,3,41.14
BASE,COLAPSO_LOGISTICO-ALTA-N05,ALTA,5,8,GENETICO,true,69.3,2d21h18min,2026-04-03T21:18,38,1200500200010,PRIORIZADO_4H,2026-04-03T21:18,3,41.14
BASE,COLAPSO_LOGISTICO-ALTA-N05,ALTA,5,8,RECOCIDO_SIMULADO,true,69.3,2d21h18min,2026-04-03T21:18,38,1200500200010,PRIORIZADO_4H,2026-04-03T21:18,3,41.14
BASE,COLAPSO_LOGISTICO-ALTA-N05,ALTA,5,9,RECOCIDO_SIMULADO,true,69.3,2d21h18min,2026-04-03T21:18,38,1200500200010,PRIORIZADO_4H,2026-04-03T21:18,3,41.14
BASE,COLAPSO_LOGISTICO-ALTA-N05,ALTA,5,9,GENETICO,true,69.3,2d21h18min,2026-04-03T21:18,38,1200500200010,PRIORIZADO_4H,2026-04-03T21:18,3,41.14
BASE,COLAPSO_LOGISTICO-ALTA-N05,ALTA,5,10,GENETICO,true,69.3,2d21h18min,2026-04-03T21:18,38,1200500200010,PRIORIZADO_4H,2026-04-03T21:18,3,41.14
BASE,COLAPSO_LOGISTICO-ALTA-N05,ALTA,5,10,RECOCIDO_SIMULADO,true,69.3,2d21h18min,2026-04-03T21:18,38,1200500200010,PRIORIZADO_4H,2026-04-03T21:18,3,41.14
BASE,COLAPSO_LOGISTICO-ALTA-N05,ALTA,5,11,RECOCIDO_SIMULADO,true,69.3,2d21h18min,2026-04-03T21:18,38,1200500200010,PRIORIZADO_4H,2026-04-03T21:18,3,41.14
BASE,COLAPSO_LOGISTICO-ALTA-N05,ALTA,5,11,GENETICO,true,69.3,2d21h18min,2026-04-03T21:18,38,1200500200010,PRIORIZADO_4H,2026-04-03T21:18,3,41.14
BASE,COLAPSO_LOGISTICO-ALTA-N05,ALTA,5,12,GENETICO,true,69.3,2d21h18min,2026-04-03T21:18,38,1200500200010,PRIORIZADO_4H,2026-04-03T21:18,3,41.14
BASE,COLAPSO_LOGISTICO-ALTA-N05,ALTA,5,12,RECOCIDO_SIMULADO,true,69.3,2d21h18min,2026-04-03T21:18,38,1200500200010,PRIORIZADO_4H,2026-04-03T21:18,3,41.14
BASE,COLAPSO_LOGISTICO-ALTA-N05,ALTA,5,13,RECOCIDO_SIMULADO,true,69.3,2d21h18min,2026-04-03T21:18,38,1200500200010,PRIORIZADO_4H,2026-04-03T21:18,3,41.14
BASE,COLAPSO_LOGISTICO-ALTA-N05,ALTA,5,13,GENETICO,true,69.3,2d21h18min,2026-04-03T21:18,38,1200500200010,PRIORIZADO_4H,2026-04-03T21:18,3,41.14
BASE,COLAPSO_LOGISTICO-ALTA-N05,ALTA,5,14,GENETICO,true,69.3,2d21h18min,2026-04-03T21:18,38,1200500200010,PRIORIZADO_4H,2026-04-03T21:18,3,41.14
BASE,COLAPSO_LOGISTICO-ALTA-N05,ALTA,5,14,RECOCIDO_SIMULADO,true,69.3,2d21h18min,2026-04-03T21:18,38,1200500200010,PRIORIZADO_4H,2026-04-03T21:18,3,41.14
BASE,COLAPSO_LOGISTICO-ALTA-N05,ALTA,5,15,RECOCIDO_SIMULADO,true,69.3,2d21h18min,2026-04-03T21:18,38,1200500200010,PRIORIZADO_4H,2026-04-03T21:18,3,41.14
BASE,COLAPSO_LOGISTICO-ALTA-N05,ALTA,5,15,GENETICO,true,69.3,2d21h18min,2026-04-03T21:18,38,1200500200010,PRIORIZADO_4H,2026-04-03T21:18,3,41.14
BASE,COLAPSO_LOGISTICO-ALTA-N05,ALTA,5,16,GENETICO,true,69.3,2d21h18min,2026-04-03T21:18,38,1200500200010,PRIORIZADO_4H,2026-04-03T21:18,3,41.14
BASE,COLAPSO_LOGISTICO-ALTA-N05,ALTA,5,16,RECOCIDO_SIMULADO,true,69.3,2d21h18min,2026-04-03T21:18,38,1200500200010,PRIORIZADO_4H,2026-04-03T21:18,3,41.14
BASE,COLAPSO_LOGISTICO-ALTA-N05,ALTA,5,17,RECOCIDO_SIMULADO,true,69.3,2d21h18min,2026-04-03T21:18,38,1200500200010,PRIORIZADO_4H,2026-04-03T21:18,3,41.14
BASE,COLAPSO_LOGISTICO-ALTA-N05,ALTA,5,17,GENETICO,true,69.3,2d21h18min,2026-04-03T21:18,38,1200500200010,PRIORIZADO_4H,2026-04-03T21:18,3,41.14
BASE,COLAPSO_LOGISTICO-CRITICA-N01,CRITICA,1,0,GENETICO,true,91.783333,3d19h47min,2026-04-04T19:47,62,1200100300037,PRIORIZADO_4H,2026-04-04T19:47,5,51.70975
BASE,COLAPSO_LOGISTICO-CRITICA-N01,CRITICA,1,0,RECOCIDO_SIMULADO,true,91.783333,3d19h47min,2026-04-04T19:47,62,1200100300037,PRIORIZADO_4H,2026-04-04T19:47,5,51.70975
BASE,COLAPSO_LOGISTICO-CRITICA-N01,CRITICA,1,1,RECOCIDO_SIMULADO,true,91.783333,3d19h47min,2026-04-04T19:47,62,1200100300037,PRIORIZADO_4H,2026-04-04T19:47,5,51.70975
BASE,COLAPSO_LOGISTICO-CRITICA-N01,CRITICA,1,1,GENETICO,true,91.783333,3d19h47min,2026-04-04T19:47,62,1200100300037,PRIORIZADO_4H,2026-04-04T19:47,5,51.70975
BASE,COLAPSO_LOGISTICO-CRITICA-N01,CRITICA,1,2,GENETICO,true,91.783333,3d19h47min,2026-04-04T19:47,62,1200100300037,PRIORIZADO_4H,2026-04-04T19:47,5,51.70975
BASE,COLAPSO_LOGISTICO-CRITICA-N01,CRITICA,1,2,RECOCIDO_SIMULADO,true,91.783333,3d19h47min,2026-04-04T19:47,62,1200100300037,PRIORIZADO_4H,2026-04-04T19:47,5,51.70975
BASE,COLAPSO_LOGISTICO-CRITICA-N01,CRITICA,1,3,RECOCIDO_SIMULADO,true,91.783333,3d19h47min,2026-04-04T19:47,62,1200100300037,PRIORIZADO_4H,2026-04-04T19:47,5,51.70975
BASE,COLAPSO_LOGISTICO-CRITICA-N01,CRITICA,1,3,GENETICO,true,91.783333,3d19h47min,2026-04-04T19:47,62,1200100300037,PRIORIZADO_4H,2026-04-04T19:47,5,51.70975
BASE,COLAPSO_LOGISTICO-CRITICA-N01,CRITICA,1,4,GENETICO,true,91.783333,3d19h47min,2026-04-04T19:47,62,1200100300037,PRIORIZADO_4H,2026-04-04T19:47,5,51.70975
BASE,COLAPSO_LOGISTICO-CRITICA-N01,CRITICA,1,4,RECOCIDO_SIMULADO,true,91.783333,3d19h47min,2026-04-04T19:47,62,1200100300037,PRIORIZADO_4H,2026-04-04T19:47,5,51.70975
BASE,COLAPSO_LOGISTICO-CRITICA-N01,CRITICA,1,5,RECOCIDO_SIMULADO,true,91.783333,3d19h47min,2026-04-04T19:47,62,1200100300037,PRIORIZADO_4H,2026-04-04T19:47,5,51.70975
BASE,COLAPSO_LOGISTICO-CRITICA-N01,CRITICA,1,5,GENETICO,true,91.783333,3d19h47min,2026-04-04T19:47,62,1200100300037,PRIORIZADO_4H,2026-04-04T19:47,5,51.70975
BASE,COLAPSO_LOGISTICO-CRITICA-N01,CRITICA,1,6,GENETICO,true,91.783333,3d19h47min,2026-04-04T19:47,62,1200100300037,PRIORIZADO_4H,2026-04-04T19:47,5,51.70975
BASE,COLAPSO_LOGISTICO-CRITICA-N01,CRITICA,1,6,RECOCIDO_SIMULADO,true,91.783333,3d19h47min,2026-04-04T19:47,62,1200100300037,PRIORIZADO_4H,2026-04-04T19:47,5,51.70975
BASE,COLAPSO_LOGISTICO-CRITICA-N01,CRITICA,1,7,RECOCIDO_SIMULADO,true,91.783333,3d19h47min,2026-04-04T19:47,62,1200100300037,PRIORIZADO_4H,2026-04-04T19:47,5,51.70975
BASE,COLAPSO_LOGISTICO-CRITICA-N01,CRITICA,1,7,GENETICO,true,91.783333,3d19h47min,2026-04-04T19:47,62,1200100300037,PRIORIZADO_4H,2026-04-04T19:47,5,51.70975
BASE,COLAPSO_LOGISTICO-CRITICA-N01,CRITICA,1,8,GENETICO,true,91.783333,3d19h47min,2026-04-04T19:47,62,1200100300037,PRIORIZADO_4H,2026-04-04T19:47,5,51.70975
BASE,COLAPSO_LOGISTICO-CRITICA-N01,CRITICA,1,8,RECOCIDO_SIMULADO,true,91.783333,3d19h47min,2026-04-04T19:47,62,1200100300037,PRIORIZADO_4H,2026-04-04T19:47,5,51.70975
BASE,COLAPSO_LOGISTICO-CRITICA-N01,CRITICA,1,9,RECOCIDO_SIMULADO,true,91.783333,3d19h47min,2026-04-04T19:47,62,1200100300037,PRIORIZADO_4H,2026-04-04T19:47,5,51.70975
BASE,COLAPSO_LOGISTICO-CRITICA-N01,CRITICA,1,9,GENETICO,true,91.783333,3d19h47min,2026-04-04T19:47,62,1200100300037,PRIORIZADO_4H,2026-04-04T19:47,5,51.70975
BASE,COLAPSO_LOGISTICO-CRITICA-N01,CRITICA,1,10,GENETICO,true,91.783333,3d19h47min,2026-04-04T19:47,62,1200100300037,PRIORIZADO_4H,2026-04-04T19:47,5,51.70975
BASE,COLAPSO_LOGISTICO-CRITICA-N01,CRITICA,1,10,RECOCIDO_SIMULADO,true,91.783333,3d19h47min,2026-04-04T19:47,62,1200100300037,PRIORIZADO_4H,2026-04-04T19:47,5,51.70975
BASE,COLAPSO_LOGISTICO-CRITICA-N01,CRITICA,1,11,RECOCIDO_SIMULADO,true,91.783333,3d19h47min,2026-04-04T19:47,62,1200100300037,PRIORIZADO_4H,2026-04-04T19:47,5,51.70975
BASE,COLAPSO_LOGISTICO-CRITICA-N01,CRITICA,1,11,GENETICO,true,91.783333,3d19h47min,2026-04-04T19:47,62,1200100300037,PRIORIZADO_4H,2026-04-04T19:47,5,51.70975
BASE,COLAPSO_LOGISTICO-CRITICA-N01,CRITICA,1,12,GENETICO,true,91.783333,3d19h47min,2026-04-04T19:47,62,1200100300037,PRIORIZADO_4H,2026-04-04T19:47,5,51.70975
BASE,COLAPSO_LOGISTICO-CRITICA-N01,CRITICA,1,12,RECOCIDO_SIMULADO,true,91.783333,3d19h47min,2026-04-04T19:47,62,1200100300037,PRIORIZADO_4H,2026-04-04T19:47,5,51.70975
BASE,COLAPSO_LOGISTICO-CRITICA-N01,CRITICA,1,13,RECOCIDO_SIMULADO,true,91.783333,3d19h47min,2026-04-04T19:47,62,1200100300037,PRIORIZADO_4H,2026-04-04T19:47,5,51.70975
BASE,COLAPSO_LOGISTICO-CRITICA-N01,CRITICA,1,13,GENETICO,true,91.783333,3d19h47min,2026-04-04T19:47,62,1200100300037,PRIORIZADO_4H,2026-04-04T19:47,5,51.70975
BASE,COLAPSO_LOGISTICO-CRITICA-N01,CRITICA,1,14,GENETICO,true,91.783333,3d19h47min,2026-04-04T19:47,62,1200100300037,PRIORIZADO_4H,2026-04-04T19:47,5,51.70975
BASE,COLAPSO_LOGISTICO-CRITICA-N01,CRITICA,1,14,RECOCIDO_SIMULADO,true,91.783333,3d19h47min,2026-04-04T19:47,62,1200100300037,PRIORIZADO_4H,2026-04-04T19:47,5,51.70975
BASE,COLAPSO_LOGISTICO-CRITICA-N01,CRITICA,1,15,RECOCIDO_SIMULADO,true,91.783333,3d19h47min,2026-04-04T19:47,62,1200100300037,PRIORIZADO_4H,2026-04-04T19:47,5,51.70975
BASE,COLAPSO_LOGISTICO-CRITICA-N01,CRITICA,1,15,GENETICO,true,91.783333,3d19h47min,2026-04-04T19:47,62,1200100300037,PRIORIZADO_4H,2026-04-04T19:47,5,51.70975
BASE,COLAPSO_LOGISTICO-CRITICA-N01,CRITICA,1,16,GENETICO,true,91.783333,3d19h47min,2026-04-04T19:47,62,1200100300037,PRIORIZADO_4H,2026-04-04T19:47,5,51.70975
BASE,COLAPSO_LOGISTICO-CRITICA-N01,CRITICA,1,16,RECOCIDO_SIMULADO,true,91.783333,3d19h47min,2026-04-04T19:47,62,1200100300037,PRIORIZADO_4H,2026-04-04T19:47,5,51.70975
BASE,COLAPSO_LOGISTICO-CRITICA-N01,CRITICA,1,17,RECOCIDO_SIMULADO,true,91.783333,3d19h47min,2026-04-04T19:47,62,1200100300037,PRIORIZADO_4H,2026-04-04T19:47,5,51.70975
BASE,COLAPSO_LOGISTICO-CRITICA-N01,CRITICA,1,17,GENETICO,true,91.783333,3d19h47min,2026-04-04T19:47,62,1200100300037,PRIORIZADO_4H,2026-04-04T19:47,5,51.70975
BASE,COLAPSO_LOGISTICO-CRITICA-N02,CRITICA,2,0,GENETICO,true,61.066667,2d13h04min,2026-04-03T13:04,40,1200200200019,PRIORIZADO_8H,2026-04-03T13:04,1,44.965
BASE,COLAPSO_LOGISTICO-CRITICA-N02,CRITICA,2,0,RECOCIDO_SIMULADO,true,61.066667,2d13h04min,2026-04-03T13:04,40,1200200200019,PRIORIZADO_8H,2026-04-03T13:04,1,44.965
BASE,COLAPSO_LOGISTICO-CRITICA-N02,CRITICA,2,1,RECOCIDO_SIMULADO,true,61.066667,2d13h04min,2026-04-03T13:04,40,1200200200019,PRIORIZADO_8H,2026-04-03T13:04,1,44.965
BASE,COLAPSO_LOGISTICO-CRITICA-N02,CRITICA,2,1,GENETICO,true,61.066667,2d13h04min,2026-04-03T13:04,40,1200200200019,PRIORIZADO_8H,2026-04-03T13:04,1,44.965
BASE,COLAPSO_LOGISTICO-CRITICA-N02,CRITICA,2,2,GENETICO,true,61.066667,2d13h04min,2026-04-03T13:04,40,1200200200019,PRIORIZADO_8H,2026-04-03T13:04,1,44.965
BASE,COLAPSO_LOGISTICO-CRITICA-N02,CRITICA,2,2,RECOCIDO_SIMULADO,true,61.066667,2d13h04min,2026-04-03T13:04,40,1200200200019,PRIORIZADO_8H,2026-04-03T13:04,1,44.965
BASE,COLAPSO_LOGISTICO-CRITICA-N02,CRITICA,2,3,RECOCIDO_SIMULADO,true,61.066667,2d13h04min,2026-04-03T13:04,40,1200200200019,PRIORIZADO_8H,2026-04-03T13:04,1,44.965
BASE,COLAPSO_LOGISTICO-CRITICA-N02,CRITICA,2,3,GENETICO,true,61.066667,2d13h04min,2026-04-03T13:04,40,1200200200019,PRIORIZADO_8H,2026-04-03T13:04,1,44.965
BASE,COLAPSO_LOGISTICO-CRITICA-N02,CRITICA,2,4,GENETICO,true,61.066667,2d13h04min,2026-04-03T13:04,40,1200200200019,PRIORIZADO_8H,2026-04-03T13:04,1,44.965
BASE,COLAPSO_LOGISTICO-CRITICA-N02,CRITICA,2,4,RECOCIDO_SIMULADO,true,61.066667,2d13h04min,2026-04-03T13:04,40,1200200200019,PRIORIZADO_8H,2026-04-03T13:04,1,44.965
BASE,COLAPSO_LOGISTICO-CRITICA-N02,CRITICA,2,5,RECOCIDO_SIMULADO,true,61.066667,2d13h04min,2026-04-03T13:04,40,1200200200019,PRIORIZADO_8H,2026-04-03T13:04,1,44.965
BASE,COLAPSO_LOGISTICO-CRITICA-N02,CRITICA,2,5,GENETICO,true,61.066667,2d13h04min,2026-04-03T13:04,40,1200200200019,PRIORIZADO_8H,2026-04-03T13:04,1,44.965
BASE,COLAPSO_LOGISTICO-CRITICA-N02,CRITICA,2,6,GENETICO,true,61.066667,2d13h04min,2026-04-03T13:04,40,1200200200019,PRIORIZADO_8H,2026-04-03T13:04,1,44.965
BASE,COLAPSO_LOGISTICO-CRITICA-N02,CRITICA,2,6,RECOCIDO_SIMULADO,true,61.066667,2d13h04min,2026-04-03T13:04,40,1200200200019,PRIORIZADO_8H,2026-04-03T13:04,1,44.965
BASE,COLAPSO_LOGISTICO-CRITICA-N02,CRITICA,2,7,RECOCIDO_SIMULADO,true,61.066667,2d13h04min,2026-04-03T13:04,40,1200200200019,PRIORIZADO_8H,2026-04-03T13:04,1,44.965
BASE,COLAPSO_LOGISTICO-CRITICA-N02,CRITICA,2,7,GENETICO,true,61.066667,2d13h04min,2026-04-03T13:04,40,1200200200019,PRIORIZADO_8H,2026-04-03T13:04,1,44.965
BASE,COLAPSO_LOGISTICO-CRITICA-N02,CRITICA,2,8,GENETICO,true,61.066667,2d13h04min,2026-04-03T13:04,40,1200200200019,PRIORIZADO_8H,2026-04-03T13:04,1,44.965
BASE,COLAPSO_LOGISTICO-CRITICA-N02,CRITICA,2,8,RECOCIDO_SIMULADO,true,61.066667,2d13h04min,2026-04-03T13:04,40,1200200200019,PRIORIZADO_8H,2026-04-03T13:04,1,44.965
BASE,COLAPSO_LOGISTICO-CRITICA-N02,CRITICA,2,9,RECOCIDO_SIMULADO,true,61.066667,2d13h04min,2026-04-03T13:04,40,1200200200019,PRIORIZADO_8H,2026-04-03T13:04,1,44.965
BASE,COLAPSO_LOGISTICO-CRITICA-N02,CRITICA,2,9,GENETICO,true,61.066667,2d13h04min,2026-04-03T13:04,40,1200200200019,PRIORIZADO_8H,2026-04-03T13:04,1,44.965
BASE,COLAPSO_LOGISTICO-CRITICA-N02,CRITICA,2,10,GENETICO,true,61.066667,2d13h04min,2026-04-03T13:04,40,1200200200019,PRIORIZADO_8H,2026-04-03T13:04,1,44.965
BASE,COLAPSO_LOGISTICO-CRITICA-N02,CRITICA,2,10,RECOCIDO_SIMULADO,true,61.066667,2d13h04min,2026-04-03T13:04,40,1200200200019,PRIORIZADO_8H,2026-04-03T13:04,1,44.965
BASE,COLAPSO_LOGISTICO-CRITICA-N02,CRITICA,2,11,RECOCIDO_SIMULADO,true,61.066667,2d13h04min,2026-04-03T13:04,40,1200200200019,PRIORIZADO_8H,2026-04-03T13:04,1,44.965
BASE,COLAPSO_LOGISTICO-CRITICA-N02,CRITICA,2,11,GENETICO,true,61.066667,2d13h04min,2026-04-03T13:04,40,1200200200019,PRIORIZADO_8H,2026-04-03T13:04,1,44.965
BASE,COLAPSO_LOGISTICO-CRITICA-N02,CRITICA,2,12,GENETICO,true,61.066667,2d13h04min,2026-04-03T13:04,40,1200200200019,PRIORIZADO_8H,2026-04-03T13:04,1,44.965
BASE,COLAPSO_LOGISTICO-CRITICA-N02,CRITICA,2,12,RECOCIDO_SIMULADO,true,61.066667,2d13h04min,2026-04-03T13:04,40,1200200200019,PRIORIZADO_8H,2026-04-03T13:04,1,44.965
BASE,COLAPSO_LOGISTICO-CRITICA-N02,CRITICA,2,13,RECOCIDO_SIMULADO,true,61.066667,2d13h04min,2026-04-03T13:04,40,1200200200019,PRIORIZADO_8H,2026-04-03T13:04,1,44.965
BASE,COLAPSO_LOGISTICO-CRITICA-N02,CRITICA,2,13,GENETICO,true,61.066667,2d13h04min,2026-04-03T13:04,40,1200200200019,PRIORIZADO_8H,2026-04-03T13:04,1,44.965
BASE,COLAPSO_LOGISTICO-CRITICA-N02,CRITICA,2,14,GENETICO,true,61.066667,2d13h04min,2026-04-03T13:04,40,1200200200019,PRIORIZADO_8H,2026-04-03T13:04,1,44.965
BASE,COLAPSO_LOGISTICO-CRITICA-N02,CRITICA,2,14,RECOCIDO_SIMULADO,true,61.066667,2d13h04min,2026-04-03T13:04,40,1200200200019,PRIORIZADO_8H,2026-04-03T13:04,1,44.965
BASE,COLAPSO_LOGISTICO-CRITICA-N02,CRITICA,2,15,RECOCIDO_SIMULADO,true,61.066667,2d13h04min,2026-04-03T13:04,40,1200200200019,PRIORIZADO_8H,2026-04-03T13:04,1,44.965
BASE,COLAPSO_LOGISTICO-CRITICA-N02,CRITICA,2,15,GENETICO,true,61.066667,2d13h04min,2026-04-03T13:04,40,1200200200019,PRIORIZADO_8H,2026-04-03T13:04,1,44.965
BASE,COLAPSO_LOGISTICO-CRITICA-N02,CRITICA,2,16,GENETICO,true,61.066667,2d13h04min,2026-04-03T13:04,40,1200200200019,PRIORIZADO_8H,2026-04-03T13:04,1,44.965
BASE,COLAPSO_LOGISTICO-CRITICA-N02,CRITICA,2,16,RECOCIDO_SIMULADO,true,61.066667,2d13h04min,2026-04-03T13:04,40,1200200200019,PRIORIZADO_8H,2026-04-03T13:04,1,44.965
BASE,COLAPSO_LOGISTICO-CRITICA-N02,CRITICA,2,17,RECOCIDO_SIMULADO,true,61.066667,2d13h04min,2026-04-03T13:04,40,1200200200019,PRIORIZADO_8H,2026-04-03T13:04,1,44.965
BASE,COLAPSO_LOGISTICO-CRITICA-N02,CRITICA,2,17,GENETICO,true,61.066667,2d13h04min,2026-04-03T13:04,40,1200200200019,PRIORIZADO_8H,2026-04-03T13:04,1,44.965
BASE,COLAPSO_LOGISTICO-CRITICA-N03,CRITICA,3,0,GENETICO,true,80.466667,3d08h28min,2026-04-04T08:28,66,1200300300049,PRIORIZADO_4H,2026-04-04T08:28,2,51.70975
BASE,COLAPSO_LOGISTICO-CRITICA-N03,CRITICA,3,0,RECOCIDO_SIMULADO,true,80.466667,3d08h28min,2026-04-04T08:28,67,1200300300049,PRIORIZADO_4H,2026-04-04T08:28,3,51.70975
BASE,COLAPSO_LOGISTICO-CRITICA-N03,CRITICA,3,1,RECOCIDO_SIMULADO,true,80.466667,3d08h28min,2026-04-04T08:28,66,1200300300049,PRIORIZADO_4H,2026-04-04T08:28,3,51.70975
BASE,COLAPSO_LOGISTICO-CRITICA-N03,CRITICA,3,1,GENETICO,true,75.6,3d03h36min,2026-04-04T03:36,66,1200300200036,PRIORIZADO_4H,2026-04-04T03:36,2,51.70975
BASE,COLAPSO_LOGISTICO-CRITICA-N03,CRITICA,3,2,GENETICO,true,80.466667,3d08h28min,2026-04-04T08:28,66,1200300300049,PRIORIZADO_4H,2026-04-04T08:28,2,51.70975
BASE,COLAPSO_LOGISTICO-CRITICA-N03,CRITICA,3,2,RECOCIDO_SIMULADO,true,75.066667,3d03h04min,2026-04-04T03:04,66,1200300200025,PRIORIZADO_4H,2026-04-04T03:04,3,51.70975
BASE,COLAPSO_LOGISTICO-CRITICA-N03,CRITICA,3,3,RECOCIDO_SIMULADO,true,76.75,3d04h45min,2026-04-04T04:45,66,1200300300033,PRIORIZADO_4H,2026-04-04T04:45,2,51.70975
BASE,COLAPSO_LOGISTICO-CRITICA-N03,CRITICA,3,3,GENETICO,true,75.6,3d03h36min,2026-04-04T03:36,66,1200300200036,PRIORIZADO_4H,2026-04-04T03:36,2,51.70975
BASE,COLAPSO_LOGISTICO-CRITICA-N03,CRITICA,3,4,GENETICO,true,75.6,3d03h36min,2026-04-04T03:36,66,1200300200036,PRIORIZADO_4H,2026-04-04T03:36,2,51.70975
BASE,COLAPSO_LOGISTICO-CRITICA-N03,CRITICA,3,4,RECOCIDO_SIMULADO,true,75.066667,3d03h04min,2026-04-04T03:04,66,1200300200025,PRIORIZADO_4H,2026-04-04T03:04,3,51.70975
BASE,COLAPSO_LOGISTICO-CRITICA-N03,CRITICA,3,5,RECOCIDO_SIMULADO,true,75.6,3d03h36min,2026-04-04T03:36,66,1200300200036,PRIORIZADO_4H,2026-04-04T03:36,3,51.70975
BASE,COLAPSO_LOGISTICO-CRITICA-N03,CRITICA,3,5,GENETICO,true,75.6,3d03h36min,2026-04-04T03:36,66,1200300200036,PRIORIZADO_4H,2026-04-04T03:36,2,51.70975
BASE,COLAPSO_LOGISTICO-CRITICA-N03,CRITICA,3,6,GENETICO,true,75.6,3d03h36min,2026-04-04T03:36,66,1200300200036,PRIORIZADO_4H,2026-04-04T03:36,2,51.70975
BASE,COLAPSO_LOGISTICO-CRITICA-N03,CRITICA,3,6,RECOCIDO_SIMULADO,true,80.466667,3d08h28min,2026-04-04T08:28,67,1200300300049,PRIORIZADO_4H,2026-04-04T08:28,4,51.70975
BASE,COLAPSO_LOGISTICO-CRITICA-N03,CRITICA,3,7,RECOCIDO_SIMULADO,true,75.066667,3d03h04min,2026-04-04T03:04,66,1200300200025,PRIORIZADO_4H,2026-04-04T03:04,3,51.70975
BASE,COLAPSO_LOGISTICO-CRITICA-N03,CRITICA,3,7,GENETICO,true,75.6,3d03h36min,2026-04-04T03:36,66,1200300200036,PRIORIZADO_4H,2026-04-04T03:36,2,51.70975
BASE,COLAPSO_LOGISTICO-CRITICA-N03,CRITICA,3,8,GENETICO,true,75.6,3d03h36min,2026-04-04T03:36,66,1200300200036,PRIORIZADO_4H,2026-04-04T03:36,2,51.70975
BASE,COLAPSO_LOGISTICO-CRITICA-N03,CRITICA,3,8,RECOCIDO_SIMULADO,true,80.466667,3d08h28min,2026-04-04T08:28,66,1200300300049,PRIORIZADO_4H,2026-04-04T08:28,2,51.70975
BASE,COLAPSO_LOGISTICO-CRITICA-N03,CRITICA,3,9,RECOCIDO_SIMULADO,true,75.066667,3d03h04min,2026-04-04T03:04,66,1200300200025,PRIORIZADO_4H,2026-04-04T03:04,2,51.70975
BASE,COLAPSO_LOGISTICO-CRITICA-N03,CRITICA,3,9,GENETICO,true,75.6,3d03h36min,2026-04-04T03:36,66,1200300200036,PRIORIZADO_4H,2026-04-04T03:36,2,51.70975
BASE,COLAPSO_LOGISTICO-CRITICA-N03,CRITICA,3,10,GENETICO,true,75.6,3d03h36min,2026-04-04T03:36,66,1200300200036,PRIORIZADO_4H,2026-04-04T03:36,2,51.70975
BASE,COLAPSO_LOGISTICO-CRITICA-N03,CRITICA,3,10,RECOCIDO_SIMULADO,true,80.466667,3d08h28min,2026-04-04T08:28,66,1200300300049,PRIORIZADO_4H,2026-04-04T08:28,3,51.70975
BASE,COLAPSO_LOGISTICO-CRITICA-N03,CRITICA,3,11,RECOCIDO_SIMULADO,true,75.066667,3d03h04min,2026-04-04T03:04,66,1200300200025,PRIORIZADO_4H,2026-04-04T03:04,3,51.70975
BASE,COLAPSO_LOGISTICO-CRITICA-N03,CRITICA,3,11,GENETICO,true,75.6,3d03h36min,2026-04-04T03:36,66,1200300200036,PRIORIZADO_4H,2026-04-04T03:36,2,51.70975
BASE,COLAPSO_LOGISTICO-CRITICA-N03,CRITICA,3,12,GENETICO,true,80.466667,3d08h28min,2026-04-04T08:28,66,1200300300049,PRIORIZADO_4H,2026-04-04T08:28,2,51.70975
BASE,COLAPSO_LOGISTICO-CRITICA-N03,CRITICA,3,12,RECOCIDO_SIMULADO,true,80.466667,3d08h28min,2026-04-04T08:28,66,1200300300049,PRIORIZADO_4H,2026-04-04T08:28,3,51.70975
BASE,COLAPSO_LOGISTICO-CRITICA-N03,CRITICA,3,13,RECOCIDO_SIMULADO,true,80.466667,3d08h28min,2026-04-04T08:28,66,1200300300049,PRIORIZADO_4H,2026-04-04T08:28,3,51.70975
BASE,COLAPSO_LOGISTICO-CRITICA-N03,CRITICA,3,13,GENETICO,true,75.6,3d03h36min,2026-04-04T03:36,66,1200300200036,PRIORIZADO_4H,2026-04-04T03:36,2,51.70975
BASE,COLAPSO_LOGISTICO-CRITICA-N03,CRITICA,3,14,GENETICO,true,80.466667,3d08h28min,2026-04-04T08:28,66,1200300300049,PRIORIZADO_4H,2026-04-04T08:28,2,51.70975
BASE,COLAPSO_LOGISTICO-CRITICA-N03,CRITICA,3,14,RECOCIDO_SIMULADO,true,80.466667,3d08h28min,2026-04-04T08:28,66,1200300300049,PRIORIZADO_4H,2026-04-04T08:28,2,51.70975
BASE,COLAPSO_LOGISTICO-CRITICA-N03,CRITICA,3,15,RECOCIDO_SIMULADO,true,75.6,3d03h36min,2026-04-04T03:36,66,1200300200036,PRIORIZADO_4H,2026-04-04T03:36,3,51.70975
BASE,COLAPSO_LOGISTICO-CRITICA-N03,CRITICA,3,15,GENETICO,true,80.466667,3d08h28min,2026-04-04T08:28,66,1200300300049,PRIORIZADO_4H,2026-04-04T08:28,2,51.70975
BASE,COLAPSO_LOGISTICO-CRITICA-N03,CRITICA,3,16,GENETICO,true,80.466667,3d08h28min,2026-04-04T08:28,66,1200300300049,PRIORIZADO_4H,2026-04-04T08:28,2,51.70975
BASE,COLAPSO_LOGISTICO-CRITICA-N03,CRITICA,3,16,RECOCIDO_SIMULADO,true,75.066667,3d03h04min,2026-04-04T03:04,67,1200300200025,PRIORIZADO_4H,2026-04-04T03:04,3,51.70975
BASE,COLAPSO_LOGISTICO-CRITICA-N03,CRITICA,3,17,RECOCIDO_SIMULADO,true,75.6,3d03h36min,2026-04-04T03:36,66,1200300200036,PRIORIZADO_4H,2026-04-04T03:36,3,51.70975
BASE,COLAPSO_LOGISTICO-CRITICA-N03,CRITICA,3,17,GENETICO,true,75.066667,3d03h04min,2026-04-04T03:04,66,1200300200025,PRIORIZADO_4H,2026-04-04T03:04,2,51.70975
BASE,COLAPSO_LOGISTICO-CRITICA-N04,CRITICA,4,0,GENETICO,true,101.683333,4d05h41min,2026-04-05T05:41,57,1200400300035,PRIORIZADO_18H,2026-04-05T05:41,2,59.466212
BASE,COLAPSO_LOGISTICO-CRITICA-N04,CRITICA,4,0,RECOCIDO_SIMULADO,true,101.683333,4d05h41min,2026-04-05T05:41,57,1200400300035,PRIORIZADO_18H,2026-04-05T05:41,2,59.466212
BASE,COLAPSO_LOGISTICO-CRITICA-N04,CRITICA,4,1,RECOCIDO_SIMULADO,true,101.683333,4d05h41min,2026-04-05T05:41,57,1200400300035,PRIORIZADO_18H,2026-04-05T05:41,2,59.466212
BASE,COLAPSO_LOGISTICO-CRITICA-N04,CRITICA,4,1,GENETICO,true,101.683333,4d05h41min,2026-04-05T05:41,57,1200400300035,PRIORIZADO_18H,2026-04-05T05:41,2,59.466212
BASE,COLAPSO_LOGISTICO-CRITICA-N04,CRITICA,4,2,GENETICO,true,101.683333,4d05h41min,2026-04-05T05:41,57,1200400300035,PRIORIZADO_18H,2026-04-05T05:41,2,59.466212
BASE,COLAPSO_LOGISTICO-CRITICA-N04,CRITICA,4,2,RECOCIDO_SIMULADO,true,101.683333,4d05h41min,2026-04-05T05:41,57,1200400300035,PRIORIZADO_18H,2026-04-05T05:41,2,59.466212
BASE,COLAPSO_LOGISTICO-CRITICA-N04,CRITICA,4,3,RECOCIDO_SIMULADO,true,101.683333,4d05h41min,2026-04-05T05:41,57,1200400300035,PRIORIZADO_18H,2026-04-05T05:41,2,59.466212
BASE,COLAPSO_LOGISTICO-CRITICA-N04,CRITICA,4,3,GENETICO,true,101.683333,4d05h41min,2026-04-05T05:41,57,1200400300035,PRIORIZADO_18H,2026-04-05T05:41,2,59.466212
BASE,COLAPSO_LOGISTICO-CRITICA-N04,CRITICA,4,4,GENETICO,true,101.683333,4d05h41min,2026-04-05T05:41,57,1200400300035,PRIORIZADO_18H,2026-04-05T05:41,2,59.466212
BASE,COLAPSO_LOGISTICO-CRITICA-N04,CRITICA,4,4,RECOCIDO_SIMULADO,true,101.683333,4d05h41min,2026-04-05T05:41,57,1200400300035,PRIORIZADO_18H,2026-04-05T05:41,2,59.466212
BASE,COLAPSO_LOGISTICO-CRITICA-N04,CRITICA,4,5,RECOCIDO_SIMULADO,true,101.683333,4d05h41min,2026-04-05T05:41,57,1200400300035,PRIORIZADO_18H,2026-04-05T05:41,2,59.466212
BASE,COLAPSO_LOGISTICO-CRITICA-N04,CRITICA,4,5,GENETICO,true,101.683333,4d05h41min,2026-04-05T05:41,57,1200400300035,PRIORIZADO_18H,2026-04-05T05:41,2,59.466212
BASE,COLAPSO_LOGISTICO-CRITICA-N04,CRITICA,4,6,GENETICO,true,101.683333,4d05h41min,2026-04-05T05:41,57,1200400300035,PRIORIZADO_18H,2026-04-05T05:41,2,59.466212
BASE,COLAPSO_LOGISTICO-CRITICA-N04,CRITICA,4,6,RECOCIDO_SIMULADO,true,101.683333,4d05h41min,2026-04-05T05:41,57,1200400300035,PRIORIZADO_18H,2026-04-05T05:41,2,59.466212
BASE,COLAPSO_LOGISTICO-CRITICA-N04,CRITICA,4,7,RECOCIDO_SIMULADO,true,101.683333,4d05h41min,2026-04-05T05:41,57,1200400300035,PRIORIZADO_18H,2026-04-05T05:41,2,59.466212
BASE,COLAPSO_LOGISTICO-CRITICA-N04,CRITICA,4,7,GENETICO,true,101.683333,4d05h41min,2026-04-05T05:41,57,1200400300035,PRIORIZADO_18H,2026-04-05T05:41,2,59.466212
BASE,COLAPSO_LOGISTICO-CRITICA-N04,CRITICA,4,8,GENETICO,true,101.683333,4d05h41min,2026-04-05T05:41,57,1200400300035,PRIORIZADO_18H,2026-04-05T05:41,2,59.466212
BASE,COLAPSO_LOGISTICO-CRITICA-N04,CRITICA,4,8,RECOCIDO_SIMULADO,true,101.683333,4d05h41min,2026-04-05T05:41,57,1200400300035,PRIORIZADO_18H,2026-04-05T05:41,2,59.466212
BASE,COLAPSO_LOGISTICO-CRITICA-N04,CRITICA,4,9,RECOCIDO_SIMULADO,true,101.683333,4d05h41min,2026-04-05T05:41,57,1200400300035,PRIORIZADO_18H,2026-04-05T05:41,2,59.466212
BASE,COLAPSO_LOGISTICO-CRITICA-N04,CRITICA,4,9,GENETICO,true,101.683333,4d05h41min,2026-04-05T05:41,57,1200400300035,PRIORIZADO_18H,2026-04-05T05:41,2,59.466212
BASE,COLAPSO_LOGISTICO-CRITICA-N04,CRITICA,4,10,GENETICO,true,101.683333,4d05h41min,2026-04-05T05:41,57,1200400300035,PRIORIZADO_18H,2026-04-05T05:41,2,59.466212
BASE,COLAPSO_LOGISTICO-CRITICA-N04,CRITICA,4,10,RECOCIDO_SIMULADO,true,101.683333,4d05h41min,2026-04-05T05:41,57,1200400300035,PRIORIZADO_18H,2026-04-05T05:41,2,59.466212
BASE,COLAPSO_LOGISTICO-CRITICA-N04,CRITICA,4,11,RECOCIDO_SIMULADO,true,101.683333,4d05h41min,2026-04-05T05:41,57,1200400300035,PRIORIZADO_18H,2026-04-05T05:41,2,59.466212
BASE,COLAPSO_LOGISTICO-CRITICA-N04,CRITICA,4,11,GENETICO,true,101.683333,4d05h41min,2026-04-05T05:41,57,1200400300035,PRIORIZADO_18H,2026-04-05T05:41,2,59.466212
BASE,COLAPSO_LOGISTICO-CRITICA-N04,CRITICA,4,12,GENETICO,true,101.683333,4d05h41min,2026-04-05T05:41,57,1200400300035,PRIORIZADO_18H,2026-04-05T05:41,2,59.466212
BASE,COLAPSO_LOGISTICO-CRITICA-N04,CRITICA,4,12,RECOCIDO_SIMULADO,true,101.683333,4d05h41min,2026-04-05T05:41,57,1200400300035,PRIORIZADO_18H,2026-04-05T05:41,2,59.466212
BASE,COLAPSO_LOGISTICO-CRITICA-N04,CRITICA,4,13,RECOCIDO_SIMULADO,true,101.683333,4d05h41min,2026-04-05T05:41,57,1200400300035,PRIORIZADO_18H,2026-04-05T05:41,2,59.466212
BASE,COLAPSO_LOGISTICO-CRITICA-N04,CRITICA,4,13,GENETICO,true,101.683333,4d05h41min,2026-04-05T05:41,57,1200400300035,PRIORIZADO_18H,2026-04-05T05:41,2,59.466212
BASE,COLAPSO_LOGISTICO-CRITICA-N04,CRITICA,4,14,GENETICO,true,101.683333,4d05h41min,2026-04-05T05:41,57,1200400300035,PRIORIZADO_18H,2026-04-05T05:41,2,59.466212
BASE,COLAPSO_LOGISTICO-CRITICA-N04,CRITICA,4,14,RECOCIDO_SIMULADO,true,101.683333,4d05h41min,2026-04-05T05:41,57,1200400300035,PRIORIZADO_18H,2026-04-05T05:41,2,59.466212
BASE,COLAPSO_LOGISTICO-CRITICA-N04,CRITICA,4,15,RECOCIDO_SIMULADO,true,101.683333,4d05h41min,2026-04-05T05:41,57,1200400300035,PRIORIZADO_18H,2026-04-05T05:41,2,59.466212
BASE,COLAPSO_LOGISTICO-CRITICA-N04,CRITICA,4,15,GENETICO,true,101.683333,4d05h41min,2026-04-05T05:41,57,1200400300035,PRIORIZADO_18H,2026-04-05T05:41,2,59.466212
BASE,COLAPSO_LOGISTICO-CRITICA-N04,CRITICA,4,16,GENETICO,true,101.683333,4d05h41min,2026-04-05T05:41,57,1200400300035,PRIORIZADO_18H,2026-04-05T05:41,2,59.466212
BASE,COLAPSO_LOGISTICO-CRITICA-N04,CRITICA,4,16,RECOCIDO_SIMULADO,true,101.683333,4d05h41min,2026-04-05T05:41,57,1200400300035,PRIORIZADO_18H,2026-04-05T05:41,2,59.466212
BASE,COLAPSO_LOGISTICO-CRITICA-N04,CRITICA,4,17,RECOCIDO_SIMULADO,true,101.683333,4d05h41min,2026-04-05T05:41,57,1200400300035,PRIORIZADO_18H,2026-04-05T05:41,2,59.466212
BASE,COLAPSO_LOGISTICO-CRITICA-N04,CRITICA,4,17,GENETICO,true,101.683333,4d05h41min,2026-04-05T05:41,57,1200400300035,PRIORIZADO_18H,2026-04-05T05:41,2,59.466212
BASE,COLAPSO_LOGISTICO-CRITICA-N05,CRITICA,5,0,GENETICO,true,69.3,2d21h18min,2026-04-03T21:18,42,1200500200010,PRIORIZADO_4H,2026-04-03T21:18,3,44.965
BASE,COLAPSO_LOGISTICO-CRITICA-N05,CRITICA,5,0,RECOCIDO_SIMULADO,true,69.3,2d21h18min,2026-04-03T21:18,42,1200500200010,PRIORIZADO_4H,2026-04-03T21:18,3,44.965
BASE,COLAPSO_LOGISTICO-CRITICA-N05,CRITICA,5,1,RECOCIDO_SIMULADO,true,69.3,2d21h18min,2026-04-03T21:18,42,1200500200010,PRIORIZADO_4H,2026-04-03T21:18,3,44.965
BASE,COLAPSO_LOGISTICO-CRITICA-N05,CRITICA,5,1,GENETICO,true,69.3,2d21h18min,2026-04-03T21:18,42,1200500200010,PRIORIZADO_4H,2026-04-03T21:18,3,44.965
BASE,COLAPSO_LOGISTICO-CRITICA-N05,CRITICA,5,2,GENETICO,true,69.3,2d21h18min,2026-04-03T21:18,42,1200500200010,PRIORIZADO_4H,2026-04-03T21:18,3,44.965
BASE,COLAPSO_LOGISTICO-CRITICA-N05,CRITICA,5,2,RECOCIDO_SIMULADO,true,69.3,2d21h18min,2026-04-03T21:18,42,1200500200010,PRIORIZADO_4H,2026-04-03T21:18,3,44.965
BASE,COLAPSO_LOGISTICO-CRITICA-N05,CRITICA,5,3,RECOCIDO_SIMULADO,true,69.3,2d21h18min,2026-04-03T21:18,42,1200500200010,PRIORIZADO_4H,2026-04-03T21:18,3,44.965
BASE,COLAPSO_LOGISTICO-CRITICA-N05,CRITICA,5,3,GENETICO,true,69.3,2d21h18min,2026-04-03T21:18,42,1200500200010,PRIORIZADO_4H,2026-04-03T21:18,3,44.965
BASE,COLAPSO_LOGISTICO-CRITICA-N05,CRITICA,5,4,GENETICO,true,69.3,2d21h18min,2026-04-03T21:18,42,1200500200010,PRIORIZADO_4H,2026-04-03T21:18,3,44.965
BASE,COLAPSO_LOGISTICO-CRITICA-N05,CRITICA,5,4,RECOCIDO_SIMULADO,true,69.3,2d21h18min,2026-04-03T21:18,42,1200500200010,PRIORIZADO_4H,2026-04-03T21:18,3,44.965
BASE,COLAPSO_LOGISTICO-CRITICA-N05,CRITICA,5,5,RECOCIDO_SIMULADO,true,69.3,2d21h18min,2026-04-03T21:18,42,1200500200010,PRIORIZADO_4H,2026-04-03T21:18,3,44.965
BASE,COLAPSO_LOGISTICO-CRITICA-N05,CRITICA,5,5,GENETICO,true,69.3,2d21h18min,2026-04-03T21:18,42,1200500200010,PRIORIZADO_4H,2026-04-03T21:18,3,44.965
BASE,COLAPSO_LOGISTICO-CRITICA-N05,CRITICA,5,6,GENETICO,true,69.3,2d21h18min,2026-04-03T21:18,42,1200500200010,PRIORIZADO_4H,2026-04-03T21:18,3,44.965
BASE,COLAPSO_LOGISTICO-CRITICA-N05,CRITICA,5,6,RECOCIDO_SIMULADO,true,69.3,2d21h18min,2026-04-03T21:18,42,1200500200010,PRIORIZADO_4H,2026-04-03T21:18,3,44.965
BASE,COLAPSO_LOGISTICO-CRITICA-N05,CRITICA,5,7,RECOCIDO_SIMULADO,true,69.3,2d21h18min,2026-04-03T21:18,42,1200500200010,PRIORIZADO_4H,2026-04-03T21:18,3,44.965
BASE,COLAPSO_LOGISTICO-CRITICA-N05,CRITICA,5,7,GENETICO,true,69.3,2d21h18min,2026-04-03T21:18,42,1200500200010,PRIORIZADO_4H,2026-04-03T21:18,3,44.965
BASE,COLAPSO_LOGISTICO-CRITICA-N05,CRITICA,5,8,GENETICO,true,69.3,2d21h18min,2026-04-03T21:18,42,1200500200010,PRIORIZADO_4H,2026-04-03T21:18,3,44.965
BASE,COLAPSO_LOGISTICO-CRITICA-N05,CRITICA,5,8,RECOCIDO_SIMULADO,true,69.3,2d21h18min,2026-04-03T21:18,42,1200500200010,PRIORIZADO_4H,2026-04-03T21:18,3,44.965
BASE,COLAPSO_LOGISTICO-CRITICA-N05,CRITICA,5,9,RECOCIDO_SIMULADO,true,69.3,2d21h18min,2026-04-03T21:18,42,1200500200010,PRIORIZADO_4H,2026-04-03T21:18,3,44.965
BASE,COLAPSO_LOGISTICO-CRITICA-N05,CRITICA,5,9,GENETICO,true,69.3,2d21h18min,2026-04-03T21:18,42,1200500200010,PRIORIZADO_4H,2026-04-03T21:18,3,44.965
BASE,COLAPSO_LOGISTICO-CRITICA-N05,CRITICA,5,10,GENETICO,true,69.3,2d21h18min,2026-04-03T21:18,42,1200500200010,PRIORIZADO_4H,2026-04-03T21:18,3,44.965
BASE,COLAPSO_LOGISTICO-CRITICA-N05,CRITICA,5,10,RECOCIDO_SIMULADO,true,69.3,2d21h18min,2026-04-03T21:18,42,1200500200010,PRIORIZADO_4H,2026-04-03T21:18,3,44.965
BASE,COLAPSO_LOGISTICO-CRITICA-N05,CRITICA,5,11,RECOCIDO_SIMULADO,true,69.3,2d21h18min,2026-04-03T21:18,42,1200500200010,PRIORIZADO_4H,2026-04-03T21:18,3,44.965
BASE,COLAPSO_LOGISTICO-CRITICA-N05,CRITICA,5,11,GENETICO,true,69.3,2d21h18min,2026-04-03T21:18,42,1200500200010,PRIORIZADO_4H,2026-04-03T21:18,3,44.965
BASE,COLAPSO_LOGISTICO-CRITICA-N05,CRITICA,5,12,GENETICO,true,69.3,2d21h18min,2026-04-03T21:18,42,1200500200010,PRIORIZADO_4H,2026-04-03T21:18,3,44.965
BASE,COLAPSO_LOGISTICO-CRITICA-N05,CRITICA,5,12,RECOCIDO_SIMULADO,true,69.3,2d21h18min,2026-04-03T21:18,42,1200500200010,PRIORIZADO_4H,2026-04-03T21:18,3,44.965
BASE,COLAPSO_LOGISTICO-CRITICA-N05,CRITICA,5,13,RECOCIDO_SIMULADO,true,69.3,2d21h18min,2026-04-03T21:18,42,1200500200010,PRIORIZADO_4H,2026-04-03T21:18,3,44.965
BASE,COLAPSO_LOGISTICO-CRITICA-N05,CRITICA,5,13,GENETICO,true,69.3,2d21h18min,2026-04-03T21:18,42,1200500200010,PRIORIZADO_4H,2026-04-03T21:18,3,44.965
BASE,COLAPSO_LOGISTICO-CRITICA-N05,CRITICA,5,14,GENETICO,true,69.3,2d21h18min,2026-04-03T21:18,42,1200500200010,PRIORIZADO_4H,2026-04-03T21:18,3,44.965
BASE,COLAPSO_LOGISTICO-CRITICA-N05,CRITICA,5,14,RECOCIDO_SIMULADO,true,69.3,2d21h18min,2026-04-03T21:18,42,1200500200010,PRIORIZADO_4H,2026-04-03T21:18,3,44.965
BASE,COLAPSO_LOGISTICO-CRITICA-N05,CRITICA,5,15,RECOCIDO_SIMULADO,true,69.3,2d21h18min,2026-04-03T21:18,42,1200500200010,PRIORIZADO_4H,2026-04-03T21:18,3,44.965
BASE,COLAPSO_LOGISTICO-CRITICA-N05,CRITICA,5,15,GENETICO,true,69.3,2d21h18min,2026-04-03T21:18,42,1200500200010,PRIORIZADO_4H,2026-04-03T21:18,3,44.965
BASE,COLAPSO_LOGISTICO-CRITICA-N05,CRITICA,5,16,GENETICO,true,69.3,2d21h18min,2026-04-03T21:18,42,1200500200010,PRIORIZADO_4H,2026-04-03T21:18,3,44.965
BASE,COLAPSO_LOGISTICO-CRITICA-N05,CRITICA,5,16,RECOCIDO_SIMULADO,true,69.3,2d21h18min,2026-04-03T21:18,42,1200500200010,PRIORIZADO_4H,2026-04-03T21:18,3,44.965
BASE,COLAPSO_LOGISTICO-CRITICA-N05,CRITICA,5,17,RECOCIDO_SIMULADO,true,69.3,2d21h18min,2026-04-03T21:18,42,1200500200010,PRIORIZADO_4H,2026-04-03T21:18,3,44.965
BASE,COLAPSO_LOGISTICO-CRITICA-N05,CRITICA,5,17,GENETICO,true,69.3,2d21h18min,2026-04-03T21:18,42,1200500200010,PRIORIZADO_4H,2026-04-03T21:18,3,44.965
