escenario,inicio,fin,activo_al_instante_planificacion,vertices
OPERACION_DIARIA-NORMAL-N01,2026-04-01T00:36,2026-04-01T02:49,false,"(48,9) (48,24)"
OPERACION_DIARIA-NORMAL-N01,2026-04-01T00:36,2026-04-01T02:49,false,"(15,13) (15,28)"
OPERACION_DIARIA-NORMAL-N01,2026-04-01T01:18,2026-04-01T03:27,false,"(38,39) (50,39)"
OPERACION_DIARIA-NORMAL-N01,2026-04-01T01:49,2026-04-01T05:41,false,"(49,3) (64,3) (64,11)"
OPERACION_DIARIA-NORMAL-N01,2026-04-01T02:03,2026-04-01T04:20,false,"(9,33) (21,33)"
OPERACION_DIARIA-NORMAL-N01,2026-04-01T03:49,2026-04-01T05:44,false,"(6,37) (6,22)"
OPERACION_DIARIA-NORMAL-N01,2026-04-01T04:08,2026-04-01T07:43,false,"(10,16) (10,31)"
OPERACION_DIARIA-NORMAL-N01,2026-04-01T05:42,2026-04-01T08:16,false,"(3,30) (3,45)"
OPERACION_DIARIA-NORMAL-N01,2026-04-01T07:11,2026-04-01T10:32,false,"(13,2) (18,2) (18,17)"
OPERACION_DIARIA-NORMAL-N01,2026-04-01T08:14,2026-04-01T11:16,false,"(53,33) (68,33) (68,41)"
OPERACION_DIARIA-NORMAL-N01,2026-04-01T08:17,2026-04-01T11:50,false,"(54,21) (54,28) (59,28) (59,40) (67,40)"
OPERACION_DIARIA-NORMAL-N01,2026-04-01T09:01,2026-04-01T10:23,false,"(33,34) (63,34) (63,49)"
OPERACION_DIARIA-NORMAL-N01,2026-04-01T09:46,2026-04-01T11:07,false,"(45,4) (60,4) (60,12)"
OPERACION_DIARIA-NORMAL-N01,2026-04-01T10:26,2026-04-01T13:44,false,"(7,12) (7,27)"
OPERACION_DIARIA-NORMAL-N01,2026-04-01T11:01,2026-04-01T11:57,false,"(32,41) (44,41)"
OPERACION_DIARIA-NORMAL-N01,2026-04-01T11:01,2026-04-01T12:21,false,"(56,6) (56,21)"
OPERACION_DIARIA-NORMAL-N01,2026-04-01T11:14,2026-04-01T13:33,false,"(33,18) (38,18) (38,23) (43,23)"
OPERACION_DIARIA-NORMAL-N01,2026-04-01T15:01,2026-04-01T17:34,false,"(8,3) (8,8) (13,8) (13,13) (23,13) (23,18)"
OPERACION_DIARIA-NORMAL-N01,2026-04-01T16:20,2026-04-01T18:07,false,"(63,1) (63,16)"
OPERACION_DIARIA-NORMAL-N01,2026-04-01T17:18,2026-04-01T18:34,false,"(15,31) (20,31) (20,46)"
OPERACION_DIARIA-NORMAL-N01,2026-04-01T17:27,2026-04-01T18:26,false,"(36,30) (56,30) (56,25)"
OPERACION_DIARIA-NORMAL-N01,2026-04-01T18:47,2026-04-01T22:14,false,"(25,16) (33,16)"
OPERACION_DIARIA-NORMAL-N01,2026-04-01T21:37,2026-04-02T00:59,false,"(37,7) (49,7)"
OPERACION_DIARIA-NORMAL-N01,2026-04-01T22:20,2026-04-01T22:42,false,"(41,26) (41,41)"
OPERACION_DIARIA-ALTA-N01,2026-04-01T04:28,2026-04-01T05:28,false,"(36,13) (36,28)"
OPERACION_DIARIA-ALTA-N01,2026-04-01T06:04,2026-04-01T08:26,false,"(23,23) (23,38)"
OPERACION_DIARIA-ALTA-N01,2026-04-01T06:42,2026-04-01T09:43,false,"(34,10) (34,25)"
OPERACION_DIARIA-ALTA-N01,2026-04-01T09:47,2026-04-01T13:35,false,"(7,23) (7,28) (12,28) (12,33) (22,33) (22,38)"
OPERACION_DIARIA-ALTA-N01,2026-04-01T09:53,2026-04-01T11:55,false,"(0,11) (20,11) (20,6)"
OPERACION_DIARIA-ALTA-N01,2026-04-01T10:41,2026-04-01T12:56,false,"(26,9) (26,29) (38,29)"
OPERACION_DIARIA-ALTA-N01,2026-04-01T11:40,2026-04-01T14:31,false,"(40,13) (55,13) (55,21)"
OPERACION_DIARIA-ALTA-N01,2026-04-01T12:26,2026-04-01T12:58,false,"(8,34) (13,34) (13,39) (18,39)"
OPERACION_DIARIA-ALTA-N01,2026-04-01T15:02,2026-04-01T16:05,false,"(23,42) (38,42) (38,50)"
OPERACION_DIARIA-ALTA-N01,2026-04-01T15:15,2026-04-01T16:14,false,"(49,23) (54,23) (54,28) (59,28)"
OPERACION_DIARIA-ALTA-N01,2026-04-01T17:51,2026-04-01T19:54,false,"(17,31) (22,31) (22,36) (27,36)"
OPERACION_DIARIA-ALTA-N01,2026-04-01T18:42,2026-04-01T19:09,false,"(9,21) (9,28) (14,28) (14,40) (22,40)"
OPERACION_DIARIA-ALTA-N01,2026-04-01T18:43,2026-04-01T20:12,false,"(33,20) (33,40) (45,40)"
OPERACION_DIARIA-ALTA-N01,2026-04-01T20:12,2026-04-01T22:52,false,"(11,26) (11,41)"
OPERACION_DIARIA-CRITICA-N01,2026-04-01T00:12,2026-04-01T01:39,false,"(46,42) (54,42)"
OPERACION_DIARIA-CRITICA-N01,2026-04-01T00:45,2026-04-01T04:31,false,"(42,41) (42,26)"
OPERACION_DIARIA-CRITICA-N01,2026-04-01T00:59,2026-04-01T03:59,false,"(17,14) (25,14)"
OPERACION_DIARIA-CRITICA-N01,2026-04-01T02:00,2026-04-01T04:41,false,"(32,49) (52,49) (52,44)"
OPERACION_DIARIA-CRITICA-N01,2026-04-01T02:00,2026-04-01T04:41,false,"(49,45) (69,45) (69,40)"
OPERACION_DIARIA-CRITICA-N01,2026-04-01T04:11,2026-04-01T07:19,false,"(15,26) (15,41)"
OPERACION_DIARIA-CRITICA-N01,2026-04-01T04:24,2026-04-01T06:50,false,"(68,24) (68,39)"
OPERACION_DIARIA-CRITICA-N01,2026-04-01T05:25,2026-04-01T06:27,false,"(66,2) (66,17)"
OPERACION_DIARIA-CRITICA-N01,2026-04-01T05:32,2026-04-01T07:34,false,"(22,27) (42,27) (42,22)"
OPERACION_DIARIA-CRITICA-N01,2026-04-01T05:43,2026-04-01T07:48,false,"(6,7) (6,12) (11,12) (11,17) (21,17) (21,22)"
OPERACION_DIARIA-CRITICA-N01,2026-04-01T06:22,2026-04-01T10:17,false,"(9,32) (39,32) (39,47)"
OPERACION_DIARIA-CRITICA-N01,2026-04-01T08:22,2026-04-01T09:20,false,"(1,20) (6,20) (6,35)"
OPERACION_DIARIA-CRITICA-N01,2026-04-01T08:25,2026-04-01T09:06,false,"(23,31) (35,31)"
OPERACION_DIARIA-CRITICA-N01,2026-04-01T13:18,2026-04-01T15:37,false,"(43,18) (43,33)"
OPERACION_DIARIA-CRITICA-N01,2026-04-01T13:21,2026-04-01T14:07,false,"(16,31) (23,31) (23,36) (38,36) (38,40)"
OPERACION_DIARIA-CRITICA-N01,2026-04-01T15:50,2026-04-01T17:16,false,"(55,31) (55,38) (60,38) (60,50) (68,50)"
OPERACION_DIARIA-CRITICA-N01,2026-04-01T16:50,2026-04-01T17:28,false,"(45,21) (65,21) (65,16)"
OPERACION_DIARIA-CRITICA-N01,2026-04-01T18:06,2026-04-01T20:06,false,"(57,34) (62,34) (62,49)"
OPERACION_DIARIA-CRITICA-N01,2026-04-01T18:26,2026-04-01T20:45,false,"(55,30) (70,30) (70,38)"
OPERACION_DIARIA-CRITICA-N01,2026-04-01T18:42,2026-04-01T19:09,false,"(46,15) (46,22) (51,22) (51,34) (59,34)"
OPERACION_DIARIA-CRITICA-N01,2026-04-01T18:58,2026-04-01T21:24,false,"(4,26) (9,26) (9,31) (14,31)"
OPERACION_DIARIA-CRITICA-N01,2026-04-01T19:37,2026-04-01T20:57,false,"(3,12) (33,12) (33,27)"
OPERACION_DIARIA-CRITICA-N01,2026-04-01T19:43,2026-04-01T23:05,false,"(39,27) (39,42)"
OPERACION_DIARIA-CRITICA-N01,2026-04-01T20:36,2026-04-01T23:40,false,"(7,7) (15,7)"
OPERACION_DIARIA-CRITICA-N01,2026-04-01T21:22,2026-04-01T22:27,false,"(35,12) (35,17) (40,17) (40,22) (50,22) (50,27)"
OPERACION_DIARIA-CRITICA-N01,2026-04-01T21:55,2026-04-01T22:27,false,"(12,43) (17,43) (17,48) (22,48)"
OPERACION_DIARIA-CRITICA-N01,2026-04-01T22:40,2026-04-02T01:40,false,"(39,30) (47,30)"
OPERACION_DIARIA-CRITICA-N01,2026-04-01T23:46,2026-04-02T02:41,false,"(4,22) (11,22) (11,27) (26,27) (26,31)"
SIMULACION_CINCO_DIAS-NORMAL-N01,2026-04-01T01:12,2026-04-01T03:34,false,"(3,2) (3,7) (8,7) (8,12) (18,12) (18,17)"
SIMULACION_CINCO_DIAS-NORMAL-N01,2026-04-01T02:25,2026-04-01T03:23,false,"(11,5) (11,20)"
SIMULACION_CINCO_DIAS-NORMAL-N01,2026-04-01T04:11,2026-04-01T07:19,false,"(51,2) (51,17)"
SIMULACION_CINCO_DIAS-NORMAL-N01,2026-04-01T05:38,2026-04-01T08:49,false,"(67,27) (67,12)"
SIMULACION_CINCO_DIAS-NORMAL-N01,2026-04-01T06:40,2026-04-01T08:00,false,"(67,34) (67,49)"
SIMULACION_CINCO_DIAS-NORMAL-N01,2026-04-01T07:14,2026-04-01T09:44,false,"(8,30) (28,30) (28,25)"
SIMULACION_CINCO_DIAS-NORMAL-N01,2026-04-01T07:52,2026-04-01T09:06,false,"(29,7) (49,7) (49,2)"
SIMULACION_CINCO_DIAS-NORMAL-N01,2026-04-01T08:17,2026-04-01T09:16,false,"(33,19) (33,34)"
SIMULACION_CINCO_DIAS-NORMAL-N01,2026-04-01T08:33,2026-04-01T10:38,false,"(38,33) (68,33) (68,48)"
SIMULACION_CINCO_DIAS-NORMAL-N01,2026-04-01T08:39,2026-04-01T12:23,false,"(42,44) (62,44) (62,39)"
SIMULACION_CINCO_DIAS-NORMAL-N01,2026-04-01T09:01,2026-04-01T10:33,false,"(25,35) (45,35) (45,30)"
SIMULACION_CINCO_DIAS-NORMAL-N01,2026-04-01T09:45,2026-04-01T12:23,false,"(23,32) (28,32) (28,37) (33,37)"
SIMULACION_CINCO_DIAS-NORMAL-N01,2026-04-01T10:41,2026-04-01T11:06,false,"(27,11) (57,11) (57,26)"
SIMULACION_CINCO_DIAS-NORMAL-N01,2026-04-01T14:11,2026-04-01T15:15,false,"(48,22) (63,22) (63,30)"
SIMULACION_CINCO_DIAS-NORMAL-N01,2026-04-01T14:36,2026-04-01T15:58,false,"(42,22) (54,22)"
SIMULACION_CINCO_DIAS-NORMAL-N01,2026-04-01T15:13,2026-04-01T18:05,false,"(5,18) (5,38) (17,38)"
SIMULACION_CINCO_DIAS-NORMAL-N01,2026-04-01T15:49,2026-04-01T18:06,false,"(39,12) (44,12) (44,27)"
SIMULACION_CINCO_DIAS-NORMAL-N01,2026-04-01T16:47,2026-04-01T18:35,false,"(51,7) (51,22)"
SIMULACION_CINCO_DIAS-NORMAL-N01,2026-04-01T18:15,2026-04-01T22:00,false,"(5,13) (17,13)"
SIMULACION_CINCO_DIAS-NORMAL-N01,2026-04-01T18:31,2026-04-01T21:27,false,"(28,22) (40,22)"
SIMULACION_CINCO_DIAS-NORMAL-N01,2026-04-01T20:48,2026-04-01T23:28,false,"(1,17) (1,37) (13,37)"
SIMULACION_CINCO_DIAS-NORMAL-N01,2026-04-02T01:10,2026-04-02T02:40,false,"(10,24) (10,44) (22,44)"
SIMULACION_CINCO_DIAS-NORMAL-N01,2026-04-02T01:58,2026-04-02T05:22,false,"(44,20) (49,20) (49,25) (54,25)"
SIMULACION_CINCO_DIAS-NORMAL-N01,2026-04-02T02:27,2026-04-02T05:26,false,"(38,24) (46,24)"
SIMULACION_CINCO_DIAS-NORMAL-N01,2026-04-02T03:40,2026-04-02T05:16,false,"(7,27) (14,27) (14,32) (29,32) (29,36)"
SIMULACION_CINCO_DIAS-NORMAL-N01,2026-04-02T04:12,2026-04-02T04:48,false,"(47,5) (55,5)"
SIMULACION_CINCO_DIAS-NORMAL-N01,2026-04-02T05:16,2026-04-02T07:03,false,"(17,15) (17,30)"
SIMULACION_CINCO_DIAS-NORMAL-N01,2026-04-02T07:07,2026-04-02T10:47,false,"(41,21) (41,36)"
SIMULACION_CINCO_DIAS-NORMAL-N01,2026-04-02T08:03,2026-04-02T10:10,false,"(47,3) (47,18)"
SIMULACION_CINCO_DIAS-NORMAL-N01,2026-04-02T09:28,2026-04-02T12:20,false,"(12,19) (24,19)"
SIMULACION_CINCO_DIAS-NORMAL-N01,2026-04-02T10:20,2026-04-02T11:50,false,"(19,25) (19,10)"
SIMULACION_CINCO_DIAS-NORMAL-N01,2026-04-02T10:43,2026-04-02T14:31,false,"(57,2) (57,9) (62,9) (62,21) (70,21)"
SIMULACION_CINCO_DIAS-NORMAL-N01,2026-04-02T10:56,2026-04-02T12:54,false,"(46,23) (53,23) (53,28) (68,28) (68,32)"
SIMULACION_CINCO_DIAS-NORMAL-N01,2026-04-02T11:05,2026-04-02T13:40,false,"(56,16) (61,16) (61,21) (66,21)"
SIMULACION_CINCO_DIAS-NORMAL-N01,2026-04-02T11:50,2026-04-02T13:16,false,"(56,43) (56,28)"
SIMULACION_CINCO_DIAS-NORMAL-N01,2026-04-02T12:46,2026-04-02T15:05,false,"(14,36) (26,36)"
SIMULACION_CINCO_DIAS-NORMAL-N01,2026-04-02T14:37,2026-04-02T16:42,false,"(6,36) (26,36) (26,31)"
SIMULACION_CINCO_DIAS-NORMAL-N01,2026-04-02T15:14,2026-04-02T17:08,false,"(2,35) (32,35) (32,50)"
SIMULACION_CINCO_DIAS-NORMAL-N01,2026-04-02T16:49,2026-04-02T17:57,false,"(31,35) (31,50)"
SIMULACION_CINCO_DIAS-NORMAL-N01,2026-04-02T18:26,2026-04-02T20:45,false,"(49,8) (64,8) (64,16)"
SIMULACION_CINCO_DIAS-NORMAL-N01,2026-04-02T19:11,2026-04-02T19:53,false,"(45,14) (50,14) (50,29)"
SIMULACION_CINCO_DIAS-NORMAL-N01,2026-04-02T19:55,2026-04-02T23:49,false,"(17,32) (25,32)"
SIMULACION_CINCO_DIAS-NORMAL-N01,2026-04-02T20:03,2026-04-02T22:21,false,"(33,22) (33,29) (38,29) (38,41) (46,41)"
SIMULACION_CINCO_DIAS-NORMAL-N01,2026-04-02T20:10,2026-04-02T20:38,false,"(17,1) (25,1)"
SIMULACION_CINCO_DIAS-NORMAL-N01,2026-04-02T21:57,2026-04-03T00:51,false,"(22,17) (52,17) (52,32)"
SIMULACION_CINCO_DIAS-NORMAL-N01,2026-04-02T22:31,2026-04-03T02:31,false,"(48,32) (55,32) (55,37) (70,37) (70,41)"
SIMULACION_CINCO_DIAS-NORMAL-N01,2026-04-03T00:17,2026-04-03T03:36,false,"(11,30) (16,30) (16,35) (21,35)"
SIMULACION_CINCO_DIAS-NORMAL-N01,2026-04-03T00:54,2026-04-03T02:26,false,"(5,21) (10,21) (10,36)"
SIMULACION_CINCO_DIAS-NORMAL-N01,2026-04-03T02:02,2026-04-03T03:55,false,"(17,25) (17,45) (29,45)"
SIMULACION_CINCO_DIAS-NORMAL-N01,2026-04-03T02:29,2026-04-03T05:26,false,"(18,15) (25,15) (25,20) (40,20) (40,24)"
SIMULACION_CINCO_DIAS-NORMAL-N01,2026-04-03T02:59,2026-04-03T05:46,false,"(58,13) (58,28)"
SIMULACION_CINCO_DIAS-NORMAL-N01,2026-04-03T03:03,2026-04-03T04:46,false,"(36,16) (48,16)"
SIMULACION_CINCO_DIAS-NORMAL-N01,2026-04-03T03:26,2026-04-03T04:29,false,"(27,16) (34,16) (34,21) (49,21) (49,25)"
SIMULACION_CINCO_DIAS-NORMAL-N01,2026-04-03T03:39,2026-04-03T06:49,false,"(43,30) (51,30)"
SIMULACION_CINCO_DIAS-NORMAL-N01,2026-04-03T04:19,2026-04-03T07:48,false,"(30,20) (38,20)"
SIMULACION_CINCO_DIAS-NORMAL-N01,2026-04-03T05:17,2026-04-03T06:30,false,"(35,27) (35,32) (40,32) (40,37) (50,37) (50,42)"
SIMULACION_CINCO_DIAS-NORMAL-N01,2026-04-03T06:59,2026-04-03T10:50,false,"(1,12) (1,27)"
SIMULACION_CINCO_DIAS-NORMAL-N01,2026-04-03T07:14,2026-04-03T09:44,false,"(13,46) (33,46) (33,41)"
SIMULACION_CINCO_DIAS-NORMAL-N01,2026-04-03T08:25,2026-04-03T10:33,false,"(46,3) (46,23) (58,23)"
SIMULACION_CINCO_DIAS-NORMAL-N01,2026-04-03T09:45,2026-04-03T12:23,false,"(5,1) (10,1) (10,6) (15,6)"
SIMULACION_CINCO_DIAS-NORMAL-N01,2026-04-03T12:45,2026-04-03T13:09,false,"(61,15) (69,15)"
SIMULACION_CINCO_DIAS-NORMAL-N01,2026-04-03T15:46,2026-04-03T16:14,false,"(53,16) (53,23) (58,23) (58,35) (66,35)"
SIMULACION_CINCO_DIAS-NORMAL-N01,2026-04-03T16:21,2026-04-03T19:27,false,"(6,35) (18,35)"
SIMULACION_CINCO_DIAS-NORMAL-N01,2026-04-03T16:31,2026-04-03T19:09,false,"(40,3) (40,18)"
SIMULACION_CINCO_DIAS-NORMAL-N01,2026-04-03T17:12,2026-04-03T18:32,false,"(35,28) (35,43)"
SIMULACION_CINCO_DIAS-NORMAL-N01,2026-04-03T17:55,2026-04-03T20:50,false,"(15,2) (45,2) (45,17)"
SIMULACION_CINCO_DIAS-NORMAL-N01,2026-04-03T19:05,2026-04-03T19:40,false,"(13,8) (13,23)"
SIMULACION_CINCO_DIAS-NORMAL-N01,2026-04-03T19:25,2026-04-03T21:35,false,"(30,14) (38,14)"
SIMULACION_CINCO_DIAS-NORMAL-N01,2026-04-03T19:25,2026-04-03T22:56,false,"(58,2) (63,2) (63,7) (68,7)"
SIMULACION_CINCO_DIAS-NORMAL-N01,2026-04-03T20:41,2026-04-03T22:20,false,"(26,23) (26,28) (31,28) (31,33) (41,33) (41,38)"
SIMULACION_CINCO_DIAS-NORMAL-N01,2026-04-03T22:25,2026-04-03T22:47,false,"(30,29) (30,44)"
SIMULACION_CINCO_DIAS-NORMAL-N01,2026-04-03T22:42,2026-04-04T02:34,false,"(53,17) (65,17)"
SIMULACION_CINCO_DIAS-NORMAL-N01,2026-04-04T00:03,2026-04-04T03:45,false,"(41,34) (41,49)"
SIMULACION_CINCO_DIAS-NORMAL-N01,2026-04-04T02:35,2026-04-04T05:23,false,"(52,13) (57,13) (57,28)"
SIMULACION_CINCO_DIAS-NORMAL-N01,2026-04-04T03:56,2026-04-04T07:53,false,"(24,10) (39,10) (39,18)"
SIMULACION_CINCO_DIAS-NORMAL-N01,2026-04-04T04:35,2026-04-04T04:53,false,"(16,21) (16,26) (21,26) (21,31) (31,31) (31,36)"
SIMULACION_CINCO_DIAS-NORMAL-N01,2026-04-04T06:31,2026-04-04T07:16,false,"(38,24) (46,24)"
SIMULACION_CINCO_DIAS-NORMAL-N01,2026-04-04T06:36,2026-04-04T09:36,false,"(56,19) (61,19) (61,34)"
SIMULACION_CINCO_DIAS-NORMAL-N01,2026-04-04T07:52,2026-04-04T08:11,false,"(52,43) (64,43)"
SIMULACION_CINCO_DIAS-NORMAL-N01,2026-04-04T08:23,2026-04-04T10:01,false,"(32,31) (32,46)"
SIMULACION_CINCO_DIAS-NORMAL-N01,2026-04-04T10:20,2026-04-04T11:50,false,"(56,36) (56,21)"
SIMULACION_CINCO_DIAS-NORMAL-N01,2026-04-04T12:01,2026-04-04T13:49,false,"(10,26) (10,46) (22,46)"
SIMULACION_CINCO_DIAS-NORMAL-N01,2026-04-04T12:02,2026-04-04T12:22,false,"(13,3) (18,3) (18,8) (23,8)"
SIMULACION_CINCO_DIAS-NORMAL-N01,2026-04-04T12:36,2026-04-04T13:15,false,"(34,8) (34,23)"
SIMULACION_CINCO_DIAS-NORMAL-N01,2026-04-04T16:25,2026-04-04T17:17,false,"(35,6) (50,6) (50,14)"
SIMULACION_CINCO_DIAS-NORMAL-N01,2026-04-04T17:21,2026-04-04T18:59,false,"(8,35) (8,40) (13,40) (13,45) (23,45) (23,50)"
SIMULACION_CINCO_DIAS-NORMAL-N01,2026-04-04T17:54,2026-04-04T20:01,false,"(16,30) (21,30) (21,35) (26,35)"
SIMULACION_CINCO_DIAS-NORMAL-N01,2026-04-04T18:43,2026-04-04T21:09,false,"(9,13) (14,13) (14,28)"
SIMULACION_CINCO_DIAS-NORMAL-N01,2026-04-04T20:18,2026-04-04T22:08,false,"(30,19) (37,19) (37,24) (52,24) (52,28)"
SIMULACION_CINCO_DIAS-NORMAL-N01,2026-04-04T20:26,2026-04-04T23:01,false,"(7,36) (7,21)"
SIMULACION_CINCO_DIAS-NORMAL-N01,2026-04-04T20:48,2026-04-04T23:35,false,"(44,28) (49,28) (49,43)"
SIMULACION_CINCO_DIAS-NORMAL-N01,2026-04-05T01:20,2026-04-05T02:58,false,"(9,34) (39,34) (39,49)"
SIMULACION_CINCO_DIAS-NORMAL-N01,2026-04-05T04:03,2026-04-05T06:05,false,"(8,16) (13,16) (13,31)"
SIMULACION_CINCO_DIAS-NORMAL-N01,2026-04-05T04:12,2026-04-05T07:01,false,"(3,12) (8,12) (8,17) (13,17)"
SIMULACION_CINCO_DIAS-NORMAL-N01,2026-04-05T04:31,2026-04-05T08:28,false,"(63,11) (63,26)"
SIMULACION_CINCO_DIAS-NORMAL-N01,2026-04-05T04:40,2026-04-05T07:13,false,"(19,8) (49,8) (49,23)"
SIMULACION_CINCO_DIAS-NORMAL-N01,2026-04-05T05:47,2026-04-05T07:28,false,"(25,50) (45,50) (45,45)"
SIMULACION_CINCO_DIAS-NORMAL-N01,2026-04-05T06:04,2026-04-05T06:52,false,"(26,28) (26,35) (31,35) (31,47) (39,47)"
SIMULACION_CINCO_DIAS-NORMAL-N01,2026-04-05T08:58,2026-04-05T11:39,false,"(4,10) (4,30) (16,30)"
SIMULACION_CINCO_DIAS-NORMAL-N01,2026-04-05T09:41,2026-04-05T11:14,false,"(39,4) (69,4) (69,19)"
SIMULACION_CINCO_DIAS-NORMAL-N01,2026-04-05T10:18,2026-04-05T10:44,false,"(32,7) (52,7) (52,2)"
SIMULACION_CINCO_DIAS-NORMAL-N01,2026-04-05T10:36,2026-04-05T13:01,false,"(38,23) (38,30) (43,30) (43,42) (51,42)"
SIMULACION_CINCO_DIAS-NORMAL-N01,2026-04-05T12:05,2026-04-05T14:01,false,"(46,9) (51,9) (51,14) (56,14)"
SIMULACION_CINCO_DIAS-NORMAL-N01,2026-04-05T13:38,2026-04-05T17:37,false,"(37,28) (44,28) (44,33) (59,33) (59,37)"
SIMULACION_CINCO_DIAS-NORMAL-N01,2026-04-05T14:35,2026-04-05T17:21,false,"(36,21) (36,36)"
SIMULACION_CINCO_DIAS-NORMAL-N01,2026-04-05T16:10,2026-04-05T18:43,false,"(50,13) (58,13)"
SIMULACION_CINCO_DIAS-NORMAL-N01,2026-04-05T18:47,2026-04-05T22:14,false,"(61,19) (69,19)"
SIMULACION_CINCO_DIAS-NORMAL-N01,2026-04-05T19:23,2026-04-05T23:02,false,"(17,24) (17,39)"
SIMULACION_CINCO_DIAS-NORMAL-N01,2026-04-05T20:06,2026-04-05T23:24,false,"(51,20) (51,35)"
SIMULACION_CINCO_DIAS-NORMAL-N01,2026-04-05T23:03,2026-04-06T02:36,false,"(37,10) (49,10)"
SIMULACION_CINCO_DIAS-NORMAL-N01,2026-04-05T23:17,2026-04-06T00:33,false,"(51,15) (63,15)"
SIMULACION_CINCO_DIAS-ALTA-N01,2026-04-01T01:49,2026-04-01T02:07,false,"(18,23) (18,38)"
SIMULACION_CINCO_DIAS-ALTA-N01,2026-04-01T02:21,2026-04-01T04:03,false,"(22,23) (22,8)"
SIMULACION_CINCO_DIAS-ALTA-N01,2026-04-01T03:49,2026-04-01T06:53,false,"(2,14) (32,14) (32,29)"
SIMULACION_CINCO_DIAS-ALTA-N01,2026-04-01T04:14,2026-04-01T05:01,false,"(13,35) (13,50)"
SIMULACION_CINCO_DIAS-ALTA-N01,2026-04-01T04:18,2026-04-01T06:02,false,"(52,25) (52,40)"
SIMULACION_CINCO_DIAS-ALTA-N01,2026-04-01T05:41,2026-04-01T08:13,false,"(30,47) (42,47)"
SIMULACION_CINCO_DIAS-ALTA-N01,2026-04-01T06:40,2026-04-01T07:31,false,"(63,23) (63,8)"
SIMULACION_CINCO_DIAS-ALTA-N01,2026-04-01T07:22,2026-04-01T08:36,false,"(61,42) (61,27)"
SIMULACION_CINCO_DIAS-ALTA-N01,2026-04-01T08:58,2026-04-01T11:39,false,"(7,11) (7,31) (19,31)"
SIMULACION_CINCO_DIAS-ALTA-N01,2026-04-01T09:04,2026-04-01T12:11,false,"(17,29) (22,29) (22,44)"
SIMULACION_CINCO_DIAS-ALTA-N01,2026-04-01T09:45,2026-04-01T12:23,false,"(8,21) (13,21) (13,26) (18,26)"
SIMULACION_CINCO_DIAS-ALTA-N01,2026-04-01T10:42,2026-04-01T14:29,false,"(25,27) (25,12)"
SIMULACION_CINCO_DIAS-ALTA-N01,2026-04-01T11:01,2026-04-01T13:28,false,"(27,29) (42,29) (42,37)"
SIMULACION_CINCO_DIAS-ALTA-N01,2026-04-01T11:14,2026-04-01T13:02,false,"(19,12) (19,27)"
SIMULACION_CINCO_DIAS-ALTA-N01,2026-04-01T12:50,2026-04-01T15:35,false,"(4,44) (4,29)"
SIMULACION_CINCO_DIAS-ALTA-N01,2026-04-01T13:32,2026-04-01T16:01,false,"(55,25) (67,25)"
SIMULACION_CINCO_DIAS-ALTA-N01,2026-04-01T13:40,2026-04-01T14:09,false,"(11,11) (11,16) (16,16) (16,21) (26,21) (26,26)"
SIMULACION_CINCO_DIAS-ALTA-N01,2026-04-01T17:43,2026-04-01T19:30,false,"(35,4) (65,4) (65,19)"
SIMULACION_CINCO_DIAS-ALTA-N01,2026-04-01T19:58,2026-04-01T23:46,false,"(21,30) (33,30)"
SIMULACION_CINCO_DIAS-ALTA-N01,2026-04-01T20:43,2026-04-01T23:56,false,"(35,18) (43,18)"
SIMULACION_CINCO_DIAS-ALTA-N01,2026-04-01T21:33,2026-04-01T22:50,false,"(33,4) (38,4) (38,19)"
SIMULACION_CINCO_DIAS-ALTA-N01,2026-04-01T22:15,2026-04-01T22:58,false,"(25,13) (25,28)"
SIMULACION_CINCO_DIAS-ALTA-N01,2026-04-01T22:20,2026-04-01T22:42,false,"(64,30) (64,45)"
SIMULACION_CINCO_DIAS-ALTA-N01,2026-04-02T00:17,2026-04-02T03:36,false,"(25,44) (30,44) (30,49) (35,49)"
SIMULACION_CINCO_DIAS-ALTA-N01,2026-04-02T01:10,2026-04-02T04:19,false,"(21,34) (51,34) (51,49)"
SIMULACION_CINCO_DIAS-ALTA-N01,2026-04-02T03:09,2026-04-02T06:36,false,"(46,23) (46,30) (51,30) (51,42) (59,42)"
SIMULACION_CINCO_DIAS-ALTA-N01,2026-04-02T04:04,2026-04-02T05:23,false,"(16,13) (36,13) (36,8)"
SIMULACION_CINCO_DIAS-ALTA-N01,2026-04-02T05:00,2026-04-02T06:17,false,"(49,7) (64,7) (64,15)"
SIMULACION_CINCO_DIAS-ALTA-N01,2026-04-02T05:52,2026-04-02T08:48,false,"(38,21) (38,36)"
SIMULACION_CINCO_DIAS-ALTA-N01,2026-04-02T06:36,2026-04-02T09:36,false,"(12,17) (17,17) (17,32)"
SIMULACION_CINCO_DIAS-ALTA-N01,2026-04-02T06:42,2026-04-02T09:43,false,"(31,14) (31,29)"
SIMULACION_CINCO_DIAS-ALTA-N01,2026-04-02T07:19,2026-04-02T11:09,false,"(26,10) (31,10) (31,15) (36,15)"
SIMULACION_CINCO_DIAS-ALTA-N01,2026-04-02T09:45,2026-04-02T12:29,false,"(55,14) (55,29)"
SIMULACION_CINCO_DIAS-ALTA-N01,2026-04-02T10:20,2026-04-02T12:32,false,"(55,7) (67,7)"
SIMULACION_CINCO_DIAS-ALTA-N01,2026-04-02T12:48,2026-04-02T14:31,false,"(32,17) (62,17) (62,32)"
SIMULACION_CINCO_DIAS-ALTA-N01,2026-04-02T14:19,2026-04-02T16:19,false,"(18,24) (18,39)"
SIMULACION_CINCO_DIAS-ALTA-N01,2026-04-02T14:57,2026-04-02T18:01,false,"(37,9) (37,29) (49,29)"
SIMULACION_CINCO_DIAS-ALTA-N01,2026-04-02T15:57,2026-04-02T17:36,false,"(6,29) (11,29) (11,34) (16,34)"
SIMULACION_CINCO_DIAS-ALTA-N01,2026-04-02T16:38,2026-04-02T17:32,false,"(18,27) (18,42)"
SIMULACION_CINCO_DIAS-ALTA-N01,2026-04-02T17:44,2026-04-02T19:57,false,"(13,29) (20,29) (20,34) (35,34) (35,38)"
SIMULACION_CINCO_DIAS-ALTA-N01,2026-04-02T19:00,2026-04-02T21:07,false,"(21,13) (26,13) (26,28)"
SIMULACION_CINCO_DIAS-ALTA-N01,2026-04-02T19:22,2026-04-02T23:09,false,"(55,4) (55,11) (60,11) (60,23) (68,23)"
SIMULACION_CINCO_DIAS-ALTA-N01,2026-04-02T19:25,2026-04-02T21:35,false,"(53,31) (61,31)"
SIMULACION_CINCO_DIAS-ALTA-N01,2026-04-02T20:32,2026-04-02T23:19,false,"(6,16) (6,31)"
SIMULACION_CINCO_DIAS-ALTA-N01,2026-04-02T21:15,2026-04-02T23:06,false,"(21,9) (29,9)"
SIMULACION_CINCO_DIAS-ALTA-N01,2026-04-02T23:21,2026-04-03T00:19,false,"(16,4) (31,4) (31,12)"
SIMULACION_CINCO_DIAS-ALTA-N01,2026-04-02T23:40,2026-04-03T01:34,false,"(2,23) (9,23) (9,28) (24,28) (24,32)"
SIMULACION_CINCO_DIAS-ALTA-N01,2026-04-03T00:12,2026-04-03T01:56,false,"(3,41) (18,41) (18,49)"
SIMULACION_CINCO_DIAS-ALTA-N01,2026-04-03T02:54,2026-04-03T05:55,false,"(23,3) (30,3) (30,8) (45,8) (45,12)"
SIMULACION_CINCO_DIAS-ALTA-N01,2026-04-03T03:11,2026-04-03T05:24,false,"(49,37) (54,37) (54,42) (59,42)"
SIMULACION_CINCO_DIAS-ALTA-N01,2026-04-03T03:34,2026-04-03T05:34,false,"(3,3) (3,10) (8,10) (8,22) (16,22)"
SIMULACION_CINCO_DIAS-ALTA-N01,2026-04-03T06:27,2026-04-03T07:44,false,"(34,5) (49,5) (49,13)"
SIMULACION_CINCO_DIAS-ALTA-N01,2026-04-03T07:39,2026-04-03T09:09,false,"(26,21) (31,21) (31,26) (36,26)"
SIMULACION_CINCO_DIAS-ALTA-N01,2026-04-03T09:41,2026-04-03T11:14,false,"(14,10) (44,10) (44,25)"
SIMULACION_CINCO_DIAS-ALTA-N01,2026-04-03T10:37,2026-04-03T11:16,false,"(45,6) (45,13) (50,13) (50,25) (58,25)"
SIMULACION_CINCO_DIAS-ALTA-N01,2026-04-03T11:17,2026-04-03T12:04,false,"(41,32) (41,47)"
SIMULACION_CINCO_DIAS-ALTA-N01,2026-04-03T12:22,2026-04-03T15:21,false,"(66,23) (66,38)"
SIMULACION_CINCO_DIAS-ALTA-N01,2026-04-03T12:40,2026-04-03T15:14,false,"(50,14) (50,29)"
SIMULACION_CINCO_DIAS-ALTA-N01,2026-04-03T13:21,2026-04-03T16:07,false,"(37,15) (37,0)"
SIMULACION_CINCO_DIAS-ALTA-N01,2026-04-03T16:24,2026-04-03T17:16,false,"(6,13) (18,13)"
SIMULACION_CINCO_DIAS-ALTA-N01,2026-04-03T16:28,2026-04-03T17:44,false,"(39,16) (39,21) (44,21) (44,26) (54,26) (54,31)"
SIMULACION_CINCO_DIAS-ALTA-N01,2026-04-03T18:32,2026-04-03T21:17,false,"(35,29) (35,49) (47,49)"
SIMULACION_CINCO_DIAS-ALTA-N01,2026-04-03T18:40,2026-04-03T22:25,false,"(42,14) (42,29)"
SIMULACION_CINCO_DIAS-ALTA-N01,2026-04-03T18:55,2026-04-03T21:23,false,"(35,27) (35,12)"
SIMULACION_CINCO_DIAS-ALTA-N01,2026-04-03T21:33,2026-04-03T22:50,false,"(28,32) (33,32) (33,47)"
SIMULACION_CINCO_DIAS-ALTA-N01,2026-04-03T21:57,2026-04-04T00:51,false,"(30,10) (60,10) (60,25)"
SIMULACION_CINCO_DIAS-ALTA-N01,2026-04-04T01:33,2026-04-04T03:32,false,"(30,31) (60,31) (60,46)"
SIMULACION_CINCO_DIAS-ALTA-N01,2026-04-04T02:21,2026-04-04T03:02,false,"(6,4) (6,24) (18,24)"
SIMULACION_CINCO_DIAS-ALTA-N01,2026-04-04T02:34,2026-04-04T06:19,false,"(64,21) (64,36)"
SIMULACION_CINCO_DIAS-ALTA-N01,2026-04-04T02:41,2026-04-04T04:13,false,"(40,21) (52,21)"
SIMULACION_CINCO_DIAS-ALTA-N01,2026-04-04T05:23,2026-04-04T05:51,false,"(37,33) (37,18)"
SIMULACION_CINCO_DIAS-ALTA-N01,2026-04-04T06:42,2026-04-04T09:43,false,"(58,17) (58,32)"
SIMULACION_CINCO_DIAS-ALTA-N01,2026-04-04T07:17,2026-04-04T08:15,false,"(17,21) (17,36)"
SIMULACION_CINCO_DIAS-ALTA-N01,2026-04-04T07:38,2026-04-04T10:11,false,"(38,27) (45,27) (45,32) (60,32) (60,36)"
SIMULACION_CINCO_DIAS-ALTA-N01,2026-04-04T08:14,2026-04-04T12:14,false,"(65,19) (65,34)"
SIMULACION_CINCO_DIAS-ALTA-N01,2026-04-04T09:51,2026-04-04T11:28,false,"(1,22) (1,27) (6,27) (6,32) (16,32) (16,37)"
SIMULACION_CINCO_DIAS-ALTA-N01,2026-04-04T11:40,2026-04-04T14:31,false,"(46,6) (61,6) (61,14)"
SIMULACION_CINCO_DIAS-ALTA-N01,2026-04-04T12:24,2026-04-04T14:06,false,"(39,47) (59,47) (59,42)"
SIMULACION_CINCO_DIAS-ALTA-N01,2026-04-04T12:48,2026-04-04T14:31,false,"(23,3) (53,3) (53,18)"
SIMULACION_CINCO_DIAS-ALTA-N01,2026-04-04T13:01,2026-04-04T15:48,false,"(43,30) (50,30) (50,35) (65,35) (65,39)"
SIMULACION_CINCO_DIAS-ALTA-N01,2026-04-04T13:33,2026-04-04T17:06,false,"(21,17) (21,32)"
SIMULACION_CINCO_DIAS-ALTA-N01,2026-04-04T14:03,2026-04-04T15:20,false,"(9,43) (17,43)"
SIMULACION_CINCO_DIAS-ALTA-N01,2026-04-04T14:10,2026-04-04T15:34,false,"(19,19) (34,19) (34,27)"
SIMULACION_CINCO_DIAS-ALTA-N01,2026-04-04T14:59,2026-04-04T18:53,false,"(66,20) (66,5)"
SIMULACION_CINCO_DIAS-ALTA-N01,2026-04-04T15:33,2026-04-04T19:06,false,"(19,30) (19,35) (24,35) (24,40) (34,40) (34,45)"
SIMULACION_CINCO_DIAS-ALTA-N01,2026-04-04T17:00,2026-04-04T17:15,false,"(48,26) (48,41)"
SIMULACION_CINCO_DIAS-ALTA-N01,2026-04-04T18:56,2026-04-04T19:30,false,"(17,17) (17,22) (22,22) (22,27) (32,27) (32,32)"
SIMULACION_CINCO_DIAS-ALTA-N01,2026-04-04T19:01,2026-04-04T20:41,false,"(19,15) (19,35) (31,35)"
SIMULACION_CINCO_DIAS-ALTA-N01,2026-04-04T19:45,2026-04-04T23:31,false,"(30,37) (45,37) (45,45)"
SIMULACION_CINCO_DIAS-ALTA-N01,2026-04-04T21:34,2026-04-04T23:25,false,"(39,16) (59,16) (59,11)"
SIMULACION_CINCO_DIAS-ALTA-N01,2026-04-04T22:52,2026-04-05T01:25,false,"(35,9) (65,9) (65,24)"
SIMULACION_CINCO_DIAS-ALTA-N01,2026-04-05T01:11,2026-04-05T02:38,false,"(19,29) (24,29) (24,34) (29,34)"
SIMULACION_CINCO_DIAS-ALTA-N01,2026-04-05T01:38,2026-04-05T03:03,false,"(29,26) (29,41)"
SIMULACION_CINCO_DIAS-ALTA-N01,2026-04-05T02:25,2026-04-05T03:23,false,"(4,14) (4,29)"
SIMULACION_CINCO_DIAS-ALTA-N01,2026-04-05T02:37,2026-04-05T03:27,false,"(2,38) (14,38)"
SIMULACION_CINCO_DIAS-ALTA-N01,2026-04-05T02:52,2026-04-05T04:54,false,"(21,22) (26,22) (26,37)"
SIMULACION_CINCO_DIAS-ALTA-N01,2026-04-05T02:57,2026-04-05T05:22,false,"(2,1) (32,1) (32,16)"
SIMULACION_CINCO_DIAS-ALTA-N01,2026-04-05T03:38,2026-04-05T04:39,false,"(22,32) (29,32) (29,37) (44,37) (44,41)"
SIMULACION_CINCO_DIAS-ALTA-N01,2026-04-05T04:02,2026-04-05T05:51,false,"(36,33) (51,33) (51,41)"
SIMULACION_CINCO_DIAS-ALTA-N01,2026-04-05T05:44,2026-04-05T06:29,false,"(11,33) (31,33) (31,28)"
SIMULACION_CINCO_DIAS-ALTA-N01,2026-04-05T06:19,2026-04-05T07:53,false,"(41,24) (46,24) (46,39)"
SIMULACION_CINCO_DIAS-ALTA-N01,2026-04-05T08:04,2026-04-05T10:51,false,"(43,31) (43,36) (48,36) (48,41) (58,41) (58,46)"
SIMULACION_CINCO_DIAS-ALTA-N01,2026-04-05T08:46,2026-04-05T09:37,false,"(8,11) (28,11) (28,6)"
SIMULACION_CINCO_DIAS-ALTA-N01,2026-04-05T09:16,2026-04-05T09:54,false,"(36,17) (43,17) (43,22) (58,22) (58,26)"
SIMULACION_CINCO_DIAS-ALTA-N01,2026-04-05T09:54,2026-04-05T11:45,false,"(8,28) (23,28) (23,36)"
SIMULACION_CINCO_DIAS-ALTA-N01,2026-04-05T09:57,2026-04-05T10:33,false,"(65,28) (65,13)"
SIMULACION_CINCO_DIAS-ALTA-N01,2026-04-05T12:44,2026-04-05T15:45,false,"(48,22) (60,22)"
SIMULACION_CINCO_DIAS-ALTA-N01,2026-04-05T12:47,2026-04-05T16:06,false,"(53,33) (68,33) (68,41)"
SIMULACION_CINCO_DIAS-ALTA-N01,2026-04-05T13:13,2026-04-05T15:38,false,"(31,18) (31,25) (36,25) (36,37) (44,37)"
SIMULACION_CINCO_DIAS-ALTA-N01,2026-04-05T14:59,2026-04-05T16:49,false,"(24,21) (24,28) (29,28) (29,40) (37,40)"
SIMULACION_CINCO_DIAS-ALTA-N01,2026-04-05T16:21,2026-04-05T18:33,false,"(6,18) (6,33)"
SIMULACION_CINCO_DIAS-ALTA-N01,2026-04-05T17:20,2026-04-05T20:27,false,"(29,7) (34,7) (34,22)"
SIMULACION_CINCO_DIAS-ALTA-N01,2026-04-05T17:25,2026-04-05T18:03,false,"(43,14) (51,14)"
SIMULACION_CINCO_DIAS-ALTA-N01,2026-04-05T17:43,2026-04-05T20:27,false,"(12,47) (24,47)"
SIMULACION_CINCO_DIAS-ALTA-N01,2026-04-05T17:49,2026-04-05T18:52,false,"(41,29) (41,49) (53,49)"
SIMULACION_CINCO_DIAS-ALTA-N01,2026-04-05T17:55,2026-04-05T20:50,false,"(16,34) (46,34) (46,49)"
SIMULACION_CINCO_DIAS-ALTA-N01,2026-04-05T18:32,2026-04-05T20:16,false,"(16,29) (36,29) (36,24)"
SIMULACION_CINCO_DIAS-ALTA-N01,2026-04-05T19:09,2026-04-05T22:16,false,"(1,18) (16,18) (16,26)"
SIMULACION_CINCO_DIAS-ALTA-N01,2026-04-05T19:32,2026-04-05T23:20,false,"(19,39) (26,39) (26,44) (41,44) (41,48)"
SIMULACION_CINCO_DIAS-ALTA-N01,2026-04-05T20:17,2026-04-05T21:50,false,"(11,25) (11,40)"
SIMULACION_CINCO_DIAS-ALTA-N01,2026-04-05T22:01,2026-04-05T22:20,false,"(55,24) (60,24) (60,29) (65,29)"
SIMULACION_CINCO_DIAS-ALTA-N01,2026-04-05T22:03,2026-04-05T23:30,false,"(1,11) (31,11) (31,26)"
SIMULACION_CINCO_DIAS-ALTA-N01,2026-04-05T23:30,2026-04-06T01:40,false,"(31,2) (31,9) (36,9) (36,21) (44,21)"
SIMULACION_CINCO_DIAS-ALTA-N01,2026-04-05T23:46,2026-04-06T02:22,false,"(0,3) (0,18)"
SIMULACION_CINCO_DIAS-ALTA-N01,2026-04-05T23:51,2026-04-06T02:10,false,"(50,20) (50,35)"
SIMULACION_CINCO_DIAS-CRITICA-N01,2026-04-01T00:32,2026-04-01T04:13,false,"(19,27) (19,47) (31,47)"
SIMULACION_CINCO_DIAS-CRITICA-N01,2026-04-01T01:50,2026-04-01T03:28,false,"(70,28) (70,43)"
SIMULACION_CINCO_DIAS-CRITICA-N01,2026-04-01T01:59,2026-04-01T05:03,false,"(22,18) (22,23) (27,23) (27,28) (37,28) (37,33)"
SIMULACION_CINCO_DIAS-CRITICA-N01,2026-04-01T02:27,2026-04-01T03:38,false,"(51,34) (63,34)"
SIMULACION_CINCO_DIAS-CRITICA-N01,2026-04-01T02:35,2026-04-01T03:09,false,"(14,22) (14,37)"
SIMULACION_CINCO_DIAS-CRITICA-N01,2026-04-01T02:55,2026-04-01T05:59,false,"(39,24) (59,24) (59,19)"
SIMULACION_CINCO_DIAS-CRITICA-N01,2026-04-01T04:59,2026-04-01T07:33,false,"(28,0) (28,5) (33,5) (33,10) (43,10) (43,15)"
SIMULACION_CINCO_DIAS-CRITICA-N01,2026-04-01T07:10,2026-04-01T10:01,false,"(25,33) (25,48)"
SIMULACION_CINCO_DIAS-CRITICA-N01,2026-04-01T08:14,2026-04-01T10:06,false,"(20,43) (25,43) (25,48) (30,48)"
SIMULACION_CINCO_DIAS-CRITICA-N01,2026-04-01T08:35,2026-04-01T11:52,false,"(35,46) (47,46)"
SIMULACION_CINCO_DIAS-CRITICA-N01,2026-04-01T09:02,2026-04-01T12:17,false,"(33,34) (63,34) (63,49)"
SIMULACION_CINCO_DIAS-CRITICA-N01,2026-04-01T09:21,2026-04-01T12:05,false,"(56,41) (64,41)"
SIMULACION_CINCO_DIAS-CRITICA-N01,2026-04-01T10:35,2026-04-01T13:13,false,"(39,43) (59,43) (59,38)"
SIMULACION_CINCO_DIAS-CRITICA-N01,2026-04-01T13:09,2026-04-01T15:09,false,"(12,23) (19,23) (19,28) (34,28) (34,32)"
SIMULACION_CINCO_DIAS-CRITICA-N01,2026-04-01T15:31,2026-04-01T17:23,false,"(21,6) (51,6) (51,21)"
SIMULACION_CINCO_DIAS-CRITICA-N01,2026-04-01T16:45,2026-04-01T19:52,false,"(51,23) (63,23)"
SIMULACION_CINCO_DIAS-CRITICA-N01,2026-04-01T17:55,2026-04-01T19:37,false,"(49,5) (64,5) (64,13)"
SIMULACION_CINCO_DIAS-CRITICA-N01,2026-04-01T18:26,2026-04-01T19:40,false,"(31,45) (51,45) (51,40)"
SIMULACION_CINCO_DIAS-CRITICA-N01,2026-04-01T22:42,2026-04-01T23:03,false,"(4,37) (24,37) (24,32)"
SIMULACION_CINCO_DIAS-CRITICA-N01,2026-04-01T23:05,2026-04-02T00:06,false,"(38,35) (38,40) (43,40) (43,45) (53,45) (53,50)"
SIMULACION_CINCO_DIAS-CRITICA-N01,2026-04-02T00:30,2026-04-02T02:25,false,"(2,16) (2,31)"
SIMULACION_CINCO_DIAS-CRITICA-N01,2026-04-02T00:33,2026-04-02T02:50,false,"(45,6) (45,26) (57,26)"
SIMULACION_CINCO_DIAS-CRITICA-N01,2026-04-02T01:03,2026-04-02T04:39,false,"(19,30) (19,37) (24,37) (24,49) (32,49)"
SIMULACION_CINCO_DIAS-CRITICA-N01,2026-04-02T01:50,2026-04-02T03:28,false,"(70,4) (70,19)"
SIMULACION_CINCO_DIAS-CRITICA-N01,2026-04-02T02:11,2026-04-02T05:47,false,"(19,22) (49,22) (49,37)"
SIMULACION_CINCO_DIAS-CRITICA-N01,2026-04-02T02:32,2026-04-02T05:13,false,"(6,0) (36,0) (36,15)"
SIMULACION_CINCO_DIAS-CRITICA-N01,2026-04-02T04:19,2026-04-02T07:48,false,"(34,28) (42,28)"
SIMULACION_CINCO_DIAS-CRITICA-N01,2026-04-02T05:52,2026-04-02T08:34,false,"(70,2) (70,17)"
SIMULACION_CINCO_DIAS-CRITICA-N01,2026-04-02T06:14,2026-04-02T09:42,false,"(21,24) (28,24) (28,29) (43,29) (43,33)"
SIMULACION_CINCO_DIAS-CRITICA-N01,2026-04-02T06:32,2026-04-02T09:10,false,"(57,22) (57,42) (69,42)"
SIMULACION_CINCO_DIAS-CRITICA-N01,2026-04-02T07:14,2026-04-02T09:44,false,"(37,7) (57,7) (57,2)"
SIMULACION_CINCO_DIAS-CRITICA-N01,2026-04-02T08:34,2026-04-02T12:03,false,"(34,28) (34,35) (39,35) (39,47) (47,47)"
SIMULACION_CINCO_DIAS-CRITICA-N01,2026-04-02T08:34,2026-04-02T12:03,false,"(4,8) (4,15) (9,15) (9,27) (17,27)"
SIMULACION_CINCO_DIAS-CRITICA-N01,2026-04-02T10:26,2026-04-02T13:25,false,"(42,19) (62,19) (62,14)"
SIMULACION_CINCO_DIAS-CRITICA-N01,2026-04-02T10:36,2026-04-02T14:30,false,"(51,31) (66,31) (66,39)"
SIMULACION_CINCO_DIAS-CRITICA-N01,2026-04-02T10:44,2026-04-02T14:20,false,"(1,42) (16,42) (16,50)"
SIMULACION_CINCO_DIAS-CRITICA-N01,2026-04-02T12:58,2026-04-02T16:28,false,"(3,40) (8,40) (8,45) (13,45)"
SIMULACION_CINCO_DIAS-CRITICA-N01,2026-04-02T15:15,2026-04-02T17:10,false,"(57,19) (57,39) (69,39)"
SIMULACION_CINCO_DIAS-CRITICA-N01,2026-04-02T15:25,2026-04-02T17:31,false,"(4,16) (34,16) (34,31)"
SIMULACION_CINCO_DIAS-CRITICA-N01,2026-04-02T15:54,2026-04-02T19:30,false,"(32,11) (40,11)"
SIMULACION_CINCO_DIAS-CRITICA-N01,2026-04-02T17:00,2026-04-02T17:15,false,"(7,14) (7,29)"
SIMULACION_CINCO_DIAS-CRITICA-N01,2026-04-02T18:10,2026-04-02T20:58,false,"(23,2) (30,2) (30,7) (45,7) (45,11)"
SIMULACION_CINCO_DIAS-CRITICA-N01,2026-04-02T18:23,2026-04-02T18:56,false,"(24,4) (24,19)"
SIMULACION_CINCO_DIAS-CRITICA-N01,2026-04-02T20:05,2026-04-02T22:42,false,"(14,30) (14,45)"
SIMULACION_CINCO_DIAS-CRITICA-N01,2026-04-02T21:33,2026-04-02T22:33,false,"(30,0) (35,0) (35,5) (40,5)"
SIMULACION_CINCO_DIAS-CRITICA-N01,2026-04-02T21:45,2026-04-02T23:27,false,"(1,10) (1,17) (6,17) (6,29) (14,29)"
SIMULACION_CINCO_DIAS-CRITICA-N01,2026-04-02T22:28,2026-04-02T23:24,false,"(5,31) (17,31)"
SIMULACION_CINCO_DIAS-CRITICA-N01,2026-04-02T22:42,2026-04-02T23:03,false,"(6,35) (26,35) (26,30)"
SIMULACION_CINCO_DIAS-CRITICA-N01,2026-04-02T22:52,2026-04-02T23:47,false,"(43,34) (58,34) (58,42)"
SIMULACION_CINCO_DIAS-CRITICA-N01,2026-04-02T23:17,2026-04-03T01:58,false,"(60,21) (65,21) (65,36)"
SIMULACION_CINCO_DIAS-CRITICA-N01,2026-04-02T23:31,2026-04-03T02:51,false,"(29,23) (36,23) (36,28) (51,28) (51,32)"
SIMULACION_CINCO_DIAS-CRITICA-N01,2026-04-02T23:54,2026-04-03T01:01,false,"(31,2) (36,2) (36,17)"
SIMULACION_CINCO_DIAS-CRITICA-N01,2026-04-03T03:31,2026-04-03T04:38,false,"(32,6) (37,6) (37,21)"
SIMULACION_CINCO_DIAS-CRITICA-N01,2026-04-03T03:53,2026-04-03T05:56,false,"(30,2) (60,2) (60,17)"
SIMULACION_CINCO_DIAS-CRITICA-N01,2026-04-03T04:12,2026-04-03T07:01,false,"(38,40) (43,40) (43,45) (48,45)"
SIMULACION_CINCO_DIAS-CRITICA-N01,2026-04-03T05:12,2026-04-03T07:08,false,"(13,10) (13,17) (18,17) (18,29) (26,29)"
SIMULACION_CINCO_DIAS-CRITICA-N01,2026-04-03T05:49,2026-04-03T09:33,false,"(11,25) (11,40)"
SIMULACION_CINCO_DIAS-CRITICA-N01,2026-04-03T06:16,2026-04-03T08:39,false,"(50,33) (50,48)"
SIMULACION_CINCO_DIAS-CRITICA-N01,2026-04-03T06:31,2026-04-03T07:16,false,"(41,8) (49,8)"
SIMULACION_CINCO_DIAS-CRITICA-N01,2026-04-03T07:17,2026-04-03T09:32,false,"(14,17) (14,32)"
SIMULACION_CINCO_DIAS-CRITICA-N01,2026-04-03T08:04,2026-04-03T10:51,false,"(48,27) (48,32) (53,32) (53,37) (63,37) (63,42)"
SIMULACION_CINCO_DIAS-CRITICA-N01,2026-04-03T08:34,2026-04-03T12:03,false,"(30,23) (30,30) (35,30) (35,42) (43,42)"
SIMULACION_CINCO_DIAS-CRITICA-N01,2026-04-03T08:34,2026-04-03T12:03,false,"(8,23) (8,30) (13,30) (13,42) (21,42)"
SIMULACION_CINCO_DIAS-CRITICA-N01,2026-04-03T09:06,2026-04-03T11:43,false,"(30,23) (30,28) (35,28) (35,33) (45,33) (45,38)"
SIMULACION_CINCO_DIAS-CRITICA-N01,2026-04-03T09:18,2026-04-03T12:16,false,"(11,7) (11,22)"
SIMULACION_CINCO_DIAS-CRITICA-N01,2026-04-03T09:34,2026-04-03T12:44,false,"(58,14) (58,29)"
SIMULACION_CINCO_DIAS-CRITICA-N01,2026-04-03T10:10,2026-04-03T12:02,false,"(22,18) (22,25) (27,25) (27,37) (35,37)"
SIMULACION_CINCO_DIAS-CRITICA-N01,2026-04-03T11:01,2026-04-03T12:21,false,"(46,32) (46,47)"
SIMULACION_CINCO_DIAS-CRITICA-N01,2026-04-03T11:31,2026-04-03T14:22,false,"(3,17) (3,2)"
SIMULACION_CINCO_DIAS-CRITICA-N01,2026-04-03T12:11,2026-04-03T15:15,false,"(29,30) (29,35) (34,35) (34,40) (44,40) (44,45)"
SIMULACION_CINCO_DIAS-CRITICA-N01,2026-04-03T12:44,2026-04-03T15:45,false,"(35,35) (47,35)"
SIMULACION_CINCO_DIAS-CRITICA-N01,2026-04-03T14:56,2026-04-03T18:44,false,"(33,13) (33,28)"
SIMULACION_CINCO_DIAS-CRITICA-N01,2026-04-03T17:43,2026-04-03T20:27,false,"(2,38) (14,38)"
SIMULACION_CINCO_DIAS-CRITICA-N01,2026-04-03T18:23,2026-04-03T21:03,false,"(42,45) (54,45)"
SIMULACION_CINCO_DIAS-CRITICA-N01,2026-04-03T19:09,2026-04-03T22:02,false,"(9,7) (29,7) (29,2)"
SIMULACION_CINCO_DIAS-CRITICA-N01,2026-04-03T19:43,2026-04-03T22:00,false,"(10,11) (10,26)"
SIMULACION_CINCO_DIAS-CRITICA-N01,2026-04-03T21:23,2026-04-03T22:50,false,"(2,18) (2,25) (7,25) (7,37) (15,37)"
SIMULACION_CINCO_DIAS-CRITICA-N01,2026-04-03T21:55,2026-04-03T22:27,false,"(55,3) (60,3) (60,8) (65,8)"
SIMULACION_CINCO_DIAS-CRITICA-N01,2026-04-03T23:24,2026-04-04T00:46,false,"(33,20) (38,20) (38,35)"
SIMULACION_CINCO_DIAS-CRITICA-N01,2026-04-03T23:30,2026-04-04T01:40,false,"(30,5) (30,12) (35,12) (35,24) (43,24)"
SIMULACION_CINCO_DIAS-CRITICA-N01,2026-04-04T00:24,2026-04-04T00:44,false,"(3,6) (3,21)"
SIMULACION_CINCO_DIAS-CRITICA-N01,2026-04-04T01:20,2026-04-04T02:48,false,"(3,12) (8,12) (8,27)"
SIMULACION_CINCO_DIAS-CRITICA-N01,2026-04-04T01:55,2026-04-04T04:50,false,"(14,30) (14,50) (26,50)"
SIMULACION_CINCO_DIAS-CRITICA-N01,2026-04-04T02:42,2026-04-04T06:37,false,"(36,1) (36,6) (41,6) (41,11) (51,11) (51,16)"
SIMULACION_CINCO_DIAS-CRITICA-N01,2026-04-04T04:10,2026-04-04T07:09,false,"(12,3) (42,3) (42,18)"
SIMULACION_CINCO_DIAS-CRITICA-N01,2026-04-04T04:21,2026-04-04T04:40,false,"(34,14) (46,14)"
SIMULACION_CINCO_DIAS-CRITICA-N01,2026-04-04T04:53,2026-04-04T06:33,false,"(25,18) (55,18) (55,33)"
SIMULACION_CINCO_DIAS-CRITICA-N01,2026-04-04T06:37,2026-04-04T09:34,false,"(37,6) (37,21)"
SIMULACION_CINCO_DIAS-CRITICA-N01,2026-04-04T09:05,2026-04-04T10:49,false,"(66,15) (66,30)"
SIMULACION_CINCO_DIAS-CRITICA-N01,2026-04-04T11:40,2026-04-04T14:03,false,"(11,31) (11,46)"
SIMULACION_CINCO_DIAS-CRITICA-N01,2026-04-04T13:30,2026-04-04T16:00,false,"(38,18) (43,18) (43,23) (48,23)"
SIMULACION_CINCO_DIAS-CRITICA-N01,2026-04-04T13:44,2026-04-04T17:30,false,"(9,35) (39,35) (39,50)"
SIMULACION_CINCO_DIAS-CRITICA-N01,2026-04-04T14:14,2026-04-04T16:40,false,"(57,2) (62,2) (62,17)"
SIMULACION_CINCO_DIAS-CRITICA-N01,2026-04-04T14:35,2026-04-04T15:34,false,"(16,23) (28,23)"
SIMULACION_CINCO_DIAS-CRITICA-N01,2026-04-04T15:57,2026-04-04T17:36,false,"(26,8) (31,8) (31,13) (36,13)"
SIMULACION_CINCO_DIAS-CRITICA-N01,2026-04-04T16:20,2026-04-04T18:07,false,"(31,31) (31,46)"
SIMULACION_CINCO_DIAS-CRITICA-N01,2026-04-04T16:42,2026-04-04T19:53,false,"(28,8) (58,8) (58,23)"
SIMULACION_CINCO_DIAS-CRITICA-N01,2026-04-04T18:30,2026-04-04T20:41,false,"(40,11) (40,26)"
SIMULACION_CINCO_DIAS-CRITICA-N01,2026-04-04T18:30,2026-04-04T21:28,false,"(40,25) (40,30) (45,30) (45,35) (55,35) (55,40)"
SIMULACION_CINCO_DIAS-CRITICA-N01,2026-04-04T18:35,2026-04-04T19:19,false,"(41,27) (41,47) (53,47)"
SIMULACION_CINCO_DIAS-CRITICA-N01,2026-04-04T19:58,2026-04-04T23:46,false,"(19,31) (31,31)"
SIMULACION_CINCO_DIAS-CRITICA-N01,2026-04-04T19:58,2026-04-04T23:46,false,"(9,34) (39,34) (39,49)"
SIMULACION_CINCO_DIAS-CRITICA-N01,2026-04-04T20:20,2026-04-04T20:49,false,"(30,5) (42,5)"
SIMULACION_CINCO_DIAS-CRITICA-N01,2026-04-04T21:29,2026-04-04T21:46,false,"(10,0) (18,0)"
SIMULACION_CINCO_DIAS-CRITICA-N01,2026-04-04T21:35,2026-04-04T22:36,false,"(33,3) (33,8) (38,8) (38,13) (48,13) (48,18)"
SIMULACION_CINCO_DIAS-CRITICA-N01,2026-04-04T23:07,2026-04-05T03:05,false,"(59,16) (64,16) (64,31)"
SIMULACION_CINCO_DIAS-CRITICA-N01,2026-04-04T23:15,2026-04-05T03:07,false,"(21,3) (21,18)"
SIMULACION_CINCO_DIAS-CRITICA-N01,2026-04-04T23:40,2026-04-05T01:34,false,"(21,39) (28,39) (28,44) (43,44) (43,48)"
SIMULACION_CINCO_DIAS-CRITICA-N01,2026-04-05T00:55,2026-04-05T03:18,false,"(20,21) (20,41) (32,41)"
SIMULACION_CINCO_DIAS-CRITICA-N01,2026-04-05T02:11,2026-04-05T05:47,false,"(0,21) (30,21) (30,36)"
SIMULACION_CINCO_DIAS-CRITICA-N01,2026-04-05T03:04,2026-04-05T04:36,false,"(48,24) (56,24)"
SIMULACION_CINCO_DIAS-CRITICA-N01,2026-04-05T03:06,2026-04-05T06:15,false,"(47,2) (47,9) (52,9) (52,21) (60,21)"
SIMULACION_CINCO_DIAS-CRITICA-N01,2026-04-05T08:45,2026-04-05T12:26,false,"(42,0) (42,20) (54,20)"
SIMULACION_CINCO_DIAS-CRITICA-N01,2026-04-05T08:47,2026-04-05T09:42,false,"(52,29) (52,49) (64,49)"
SIMULACION_CINCO_DIAS-CRITICA-N01,2026-04-05T09:11,2026-04-05T12:26,false,"(23,16) (23,31)"
SIMULACION_CINCO_DIAS-CRITICA-N01,2026-04-05T09:25,2026-04-05T10:20,false,"(9,22) (14,22) (14,27) (19,27)"
SIMULACION_CINCO_DIAS-CRITICA-N01,2026-04-05T09:33,2026-04-05T12:52,false,"(24,30) (24,50) (36,50)"
SIMULACION_CINCO_DIAS-CRITICA-N01,2026-04-05T10:11,2026-04-05T10:36,false,"(53,4) (68,4) (68,12)"
SIMULACION_CINCO_DIAS-CRITICA-N01,2026-04-05T10:20,2026-04-05T13:33,false,"(43,3) (43,8) (48,8) (48,13) (58,13) (58,18)"
SIMULACION_CINCO_DIAS-CRITICA-N01,2026-04-05T11:58,2026-04-05T14:19,false,"(4,36) (9,36) (9,41) (14,41)"
SIMULACION_CINCO_DIAS-CRITICA-N01,2026-04-05T12:22,2026-04-05T15:21,false,"(28,13) (28,28)"
SIMULACION_CINCO_DIAS-CRITICA-N01,2026-04-05T13:03,2026-04-05T13:48,false,"(34,10) (39,10) (39,15) (44,15)"
SIMULACION_CINCO_DIAS-CRITICA-N01,2026-04-05T13:21,2026-04-05T14:07,false,"(16,9) (23,9) (23,14) (38,14) (38,18)"
SIMULACION_CINCO_DIAS-CRITICA-N01,2026-04-05T14:30,2026-04-05T18:25,false,"(0,19) (0,26) (5,26) (5,38) (13,38)"
SIMULACION_CINCO_DIAS-CRITICA-N01,2026-04-05T15:20,2026-04-05T16:19,false,"(3,29) (3,44)"
SIMULACION_CINCO_DIAS-CRITICA-N01,2026-04-05T15:43,2026-04-05T17:24,false,"(50,6) (50,21)"
SIMULACION_CINCO_DIAS-CRITICA-N01,2026-04-05T15:47,2026-04-05T16:37,false,"(32,22) (32,42) (44,42)"
SIMULACION_CINCO_DIAS-CRITICA-N01,2026-04-05T16:44,2026-04-05T17:07,false,"(17,10) (22,10) (22,25)"
SIMULACION_CINCO_DIAS-CRITICA-N01,2026-04-05T16:48,2026-04-05T20:19,false,"(35,34) (35,49)"
SIMULACION_CINCO_DIAS-CRITICA-N01,2026-04-05T17:10,2026-04-05T18:00,false,"(5,34) (10,34) (10,39) (15,39)"
SIMULACION_CINCO_DIAS-CRITICA-N01,2026-04-05T17:15,2026-04-05T19:11,false,"(10,43) (10,28)"
SIMULACION_CINCO_DIAS-CRITICA-N01,2026-04-05T17:17,2026-04-05T17:53,false,"(10,26) (10,33) (15,33) (15,45) (23,45)"
SIMULACION_CINCO_DIAS-CRITICA-N01,2026-04-05T17:41,2026-04-05T21:14,false,"(6,4) (36,4) (36,19)"
SIMULACION_CINCO_DIAS-CRITICA-N01,2026-04-05T18:16,2026-04-05T20:41,false,"(28,6) (33,6) (33,21)"
SIMULACION_CINCO_DIAS-CRITICA-N01,2026-04-05T18:18,2026-04-05T20:21,false,"(31,36) (46,36) (46,44)"
SIMULACION_CINCO_DIAS-CRITICA-N01,2026-04-05T18:32,2026-04-05T20:16,false,"(20,14) (40,14) (40,9)"
SIMULACION_CINCO_DIAS-CRITICA-N01,2026-04-05T21:22,2026-04-05T21:49,false,"(20,5) (27,5) (27,10) (42,10) (42,14)"
SIMULACION_CINCO_DIAS-CRITICA-N01,2026-04-05T21:31,2026-04-05T23:55,false,"(15,11) (35,11) (35,6)"
SIMULACION_CINCO_DIAS-CRITICA-N01,2026-04-05T21:37,2026-04-06T00:59,false,"(39,30) (51,30)"
SIMULACION_CINCO_DIAS-CRITICA-N01,2026-04-05T22:19,2026-04-06T00:05,false,"(7,7) (15,7)"
SIMULACION_CINCO_DIAS-CRITICA-N01,2026-04-05T22:50,2026-04-05T23:16,false,"(38,34) (43,34) (43,39) (48,39)"
SIMULACION_CINCO_DIAS-CRITICA-N01,2026-04-05T23:50,2026-04-06T01:48,false,"(43,39) (50,39) (50,44) (65,44) (65,48)"
COLAPSO_LOGISTICO-NORMAL-N01,2026-04-01T02:15,2026-04-01T03:49,false,"(22,35) (29,35) (29,40) (44,40) (44,44)"
COLAPSO_LOGISTICO-NORMAL-N01,2026-04-01T03:04,2026-04-01T05:13,false,"(30,21) (60,21) (60,36)"
COLAPSO_LOGISTICO-NORMAL-N01,2026-04-01T04:30,2026-04-01T06:41,false,"(17,27) (17,42)"
COLAPSO_LOGISTICO-NORMAL-N01,2026-04-01T05:51,2026-04-01T08:00,false,"(17,34) (25,34)"
COLAPSO_LOGISTICO-NORMAL-N01,2026-04-01T07:33,2026-04-01T10:47,false,"(34,11) (34,31) (46,31)"
COLAPSO_LOGISTICO-NORMAL-N01,2026-04-01T07:34,2026-04-01T07:55,false,"(8,34) (16,34)"
COLAPSO_LOGISTICO-NORMAL-N01,2026-04-01T07:55,2026-04-01T11:47,false,"(38,11) (38,31) (50,31)"
COLAPSO_LOGISTICO-NORMAL-N01,2026-04-01T09:23,2026-04-01T09:50,false,"(3,4) (33,4) (33,19)"
COLAPSO_LOGISTICO-NORMAL-N01,2026-04-01T09:34,2026-04-01T12:44,false,"(50,16) (50,31)"
COLAPSO_LOGISTICO-NORMAL-N01,2026-04-01T12:01,2026-04-01T14:40,false,"(11,35) (16,35) (16,50)"
COLAPSO_LOGISTICO-NORMAL-N01,2026-04-01T12:40,2026-04-01T14:04,false,"(19,34) (19,49)"
COLAPSO_LOGISTICO-NORMAL-N01,2026-04-01T12:50,2026-04-01T15:35,false,"(64,21) (64,6)"
COLAPSO_LOGISTICO-NORMAL-N01,2026-04-01T13:12,2026-04-01T14:18,false,"(38,11) (50,11)"
COLAPSO_LOGISTICO-NORMAL-N01,2026-04-01T13:18,2026-04-01T15:55,false,"(42,20) (42,35)"
COLAPSO_LOGISTICO-NORMAL-N01,2026-04-01T13:29,2026-04-01T14:55,false,"(2,6) (7,6) (7,11) (12,11)"
COLAPSO_LOGISTICO-NORMAL-N01,2026-04-01T14:13,2026-04-01T15:09,false,"(70,9) (70,24)"
COLAPSO_LOGISTICO-NORMAL-N01,2026-04-01T20:08,2026-04-01T21:18,false,"(63,18) (68,18) (68,33)"
COLAPSO_LOGISTICO-NORMAL-N01,2026-04-01T21:51,2026-04-01T23:28,false,"(62,34) (70,34)"
COLAPSO_LOGISTICO-NORMAL-N01,2026-04-01T23:20,2026-04-01T23:55,false,"(70,7) (70,22)"
COLAPSO_LOGISTICO-NORMAL-N01,2026-04-01T23:28,2026-04-02T02:01,false,"(56,18) (61,18) (61,33)"
COLAPSO_LOGISTICO-ALTA-N01,2026-04-01T00:54,2026-04-01T04:29,false,"(21,33) (21,48)"
COLAPSO_LOGISTICO-ALTA-N01,2026-04-01T00:59,2026-04-01T04:30,false,"(18,30) (38,30) (38,25)"
COLAPSO_LOGISTICO-ALTA-N01,2026-04-01T01:12,2026-04-01T03:34,false,"(31,3) (31,8) (36,8) (36,13) (46,13) (46,18)"
COLAPSO_LOGISTICO-ALTA-N01,2026-04-01T02:09,2026-04-01T04:10,false,"(29,12) (29,27)"
COLAPSO_LOGISTICO-ALTA-N01,2026-04-01T04:04,2026-04-01T07:02,false,"(26,25) (41,25) (41,33)"
COLAPSO_LOGISTICO-ALTA-N01,2026-04-01T05:44,2026-04-01T06:29,false,"(30,7) (50,7) (50,2)"
COLAPSO_LOGISTICO-ALTA-N01,2026-04-01T06:03,2026-04-01T09:03,false,"(13,16) (13,21) (18,21) (18,26) (28,26) (28,31)"
COLAPSO_LOGISTICO-ALTA-N01,2026-04-01T06:30,2026-04-01T09:46,false,"(31,1) (39,1)"
COLAPSO_LOGISTICO-ALTA-N01,2026-04-01T06:58,2026-04-01T09:59,false,"(49,22) (54,22) (54,37)"
COLAPSO_LOGISTICO-ALTA-N01,2026-04-01T07:33,2026-04-01T08:50,false,"(38,33) (68,33) (68,48)"
COLAPSO_LOGISTICO-ALTA-N01,2026-04-01T08:11,2026-04-01T12:04,false,"(60,2) (68,2)"
COLAPSO_LOGISTICO-ALTA-N01,2026-04-01T10:37,2026-04-01T13:29,false,"(27,9) (27,24)"
COLAPSO_LOGISTICO-ALTA-N01,2026-04-01T12:20,2026-04-01T14:19,false,"(54,3) (54,10) (59,10) (59,22) (67,22)"
COLAPSO_LOGISTICO-ALTA-N01,2026-04-01T12:57,2026-04-01T16:06,false,"(44,5) (44,20)"
COLAPSO_LOGISTICO-ALTA-N01,2026-04-01T12:58,2026-04-01T16:35,false,"(42,17) (62,17) (62,12)"
COLAPSO_LOGISTICO-ALTA-N01,2026-04-01T13:14,2026-04-01T15:51,false,"(29,9) (29,24)"
COLAPSO_LOGISTICO-ALTA-N01,2026-04-01T13:21,2026-04-01T16:46,false,"(34,20) (64,20) (64,35)"
COLAPSO_LOGISTICO-ALTA-N01,2026-04-01T13:46,2026-04-01T15:27,false,"(5,22) (35,22) (35,37)"
COLAPSO_LOGISTICO-ALTA-N01,2026-04-01T14:14,2026-04-01T16:40,false,"(11,25) (16,25) (16,40)"
COLAPSO_LOGISTICO-ALTA-N01,2026-04-01T14:44,2026-04-01T18:09,false,"(58,30) (58,45)"
COLAPSO_LOGISTICO-ALTA-N01,2026-04-01T14:44,2026-04-01T18:09,false,"(27,21) (27,36)"
COLAPSO_LOGISTICO-ALTA-N01,2026-04-01T16:54,2026-04-01T17:49,false,"(36,43) (36,28)"
COLAPSO_LOGISTICO-ALTA-N01,2026-04-01T17:21,2026-04-01T20:21,false,"(57,31) (62,31) (62,46)"
COLAPSO_LOGISTICO-ALTA-N01,2026-04-01T17:26,2026-04-01T18:02,false,"(14,9) (14,24)"
COLAPSO_LOGISTICO-ALTA-N01,2026-04-01T17:43,2026-04-01T20:27,false,"(12,40) (24,40)"
COLAPSO_LOGISTICO-ALTA-N01,2026-04-01T17:57,2026-04-01T21:50,false,"(20,10) (20,30) (32,30)"
COLAPSO_LOGISTICO-ALTA-N01,2026-04-01T18:10,2026-04-01T20:58,false,"(7,32) (14,32) (14,37) (29,37) (29,41)"
COLAPSO_LOGISTICO-ALTA-N01,2026-04-01T18:30,2026-04-01T21:28,false,"(18,34) (18,39) (23,39) (23,44) (33,44) (33,49)"
COLAPSO_LOGISTICO-ALTA-N01,2026-04-01T18:37,2026-04-01T19:51,false,"(42,41) (57,41) (57,49)"
COLAPSO_LOGISTICO-ALTA-N01,2026-04-01T19:58,2026-04-01T21:12,false,"(10,0) (10,7) (15,7) (15,19) (23,19)"
COLAPSO_LOGISTICO-ALTA-N01,2026-04-01T20:21,2026-04-01T22:53,false,"(4,1) (4,8) (9,8) (9,20) (17,20)"
COLAPSO_LOGISTICO-ALTA-N01,2026-04-01T20:22,2026-04-01T23:44,false,"(47,4) (52,4) (52,9) (57,9)"
COLAPSO_LOGISTICO-ALTA-N01,2026-04-01T20:47,2026-04-01T23:27,false,"(25,27) (25,47) (37,47)"
COLAPSO_LOGISTICO-ALTA-N01,2026-04-01T20:48,2026-04-01T23:28,false,"(6,21) (6,41) (18,41)"
COLAPSO_LOGISTICO-CRITICA-N01,2026-04-01T00:20,2026-04-01T03:10,false,"(20,31) (25,31) (25,36) (30,36)"
COLAPSO_LOGISTICO-CRITICA-N01,2026-04-01T00:55,2026-04-01T01:10,false,"(14,45) (22,45)"
COLAPSO_LOGISTICO-CRITICA-N01,2026-04-01T01:07,2026-04-01T01:51,false,"(55,9) (55,29) (67,29)"
COLAPSO_LOGISTICO-CRITICA-N01,2026-04-01T01:12,2026-04-01T02:00,false,"(35,15) (65,15) (65,30)"
COLAPSO_LOGISTICO-CRITICA-N01,2026-04-01T02:32,2026-04-01T05:13,false,"(21,33) (51,33) (51,48)"
COLAPSO_LOGISTICO-CRITICA-N01,2026-04-01T04:50,2026-04-01T05:41,false,"(37,35) (67,35) (67,50)"
COLAPSO_LOGISTICO-CRITICA-N01,2026-04-01T06:37,2026-04-01T08:53,false,"(48,6) (53,6) (53,11) (58,11)"
COLAPSO_LOGISTICO-CRITICA-N01,2026-04-01T06:40,2026-04-01T08:32,false,"(1,14) (1,29)"
COLAPSO_LOGISTICO-CRITICA-N01,2026-04-01T07:05,2026-04-01T08:43,false,"(47,18) (47,33)"
COLAPSO_LOGISTICO-CRITICA-N01,2026-04-01T08:25,2026-04-01T09:06,false,"(44,34) (56,34)"
COLAPSO_LOGISTICO-CRITICA-N01,2026-04-01T08:36,2026-04-01T11:55,false,"(41,17) (41,32)"
COLAPSO_LOGISTICO-CRITICA-N01,2026-04-01T09:41,2026-04-01T11:14,false,"(8,11) (38,11) (38,26)"
COLAPSO_LOGISTICO-CRITICA-N01,2026-04-01T09:45,2026-04-01T12:29,false,"(70,29) (70,44)"
COLAPSO_LOGISTICO-CRITICA-N01,2026-04-01T10:18,2026-04-01T11:35,false,"(52,31) (64,31)"
COLAPSO_LOGISTICO-CRITICA-N01,2026-04-01T11:19,2026-04-01T14:55,false,"(58,48) (70,48)"
COLAPSO_LOGISTICO-CRITICA-N01,2026-04-01T12:14,2026-04-01T16:14,false,"(18,4) (18,9) (23,9) (23,14) (33,14) (33,19)"
COLAPSO_LOGISTICO-CRITICA-N01,2026-04-01T12:16,2026-04-01T15:32,false,"(42,3) (49,3) (49,8) (64,8) (64,12)"
COLAPSO_LOGISTICO-CRITICA-N01,2026-04-01T12:36,2026-04-01T14:44,false,"(56,19) (56,34)"
COLAPSO_LOGISTICO-CRITICA-N01,2026-04-01T12:40,2026-04-01T16:03,false,"(14,21) (14,36)"
COLAPSO_LOGISTICO-CRITICA-N01,2026-04-01T12:47,2026-04-01T16:06,false,"(46,29) (61,29) (61,37)"
COLAPSO_LOGISTICO-CRITICA-N01,2026-04-01T13:29,2026-04-01T14:55,false,"(0,4) (5,4) (5,9) (10,9)"
COLAPSO_LOGISTICO-CRITICA-N01,2026-04-01T14:37,2026-04-01T16:42,false,"(36,42) (56,42) (56,37)"
COLAPSO_LOGISTICO-CRITICA-N01,2026-04-01T14:54,2026-04-01T17:04,false,"(55,10) (70,10) (70,18)"
COLAPSO_LOGISTICO-CRITICA-N01,2026-04-01T16:44,2026-04-01T17:07,false,"(13,33) (18,33) (18,48)"
COLAPSO_LOGISTICO-CRITICA-N01,2026-04-01T18:50,2026-04-01T20:52,false,"(10,29) (22,29)"
COLAPSO_LOGISTICO-CRITICA-N01,2026-04-01T20:53,2026-04-01T21:10,false,"(18,11) (18,18) (23,18) (23,30) (31,30)"
COLAPSO_LOGISTICO-CRITICA-N01,2026-04-01T21:35,2026-04-01T22:36,false,"(17,11) (17,16) (22,16) (22,21) (32,21) (32,26)"
COLAPSO_LOGISTICO-CRITICA-N01,2026-04-01T22:52,2026-04-01T23:47,false,"(0,8) (15,8) (15,16)"
COLAPSO_LOGISTICO-CRITICA-N01,2026-04-01T23:46,2026-04-02T02:41,false,"(46,4) (53,4) (53,9) (68,9) (68,13)"
COLAPSO_LOGISTICO-CRITICA-N01,2026-04-01T23:51,2026-04-02T02:10,false,"(18,31) (18,46)"
COLAPSO_LOGISTICO-CRITICA-N01,2026-04-01T23:51,2026-04-02T02:10,false,"(9,22) (9,37)"
