variante,escenario,escenario_operativo,perfil_presion,nivel,algoritmo,tamanio,corridas,factibles_pct,metrica,media,mediana,desviacion_muestral,mejor,peor
BASE,OPERACION_DIARIA-NORMAL-N01,OPERACION_DIARIA,NORMAL,1,GENETICO,25,30,100,objetivo,84.5685,84.568333,0.105311,84.448333,84.823333
BASE,OPERACION_DIARIA-NORMAL-N01,OPERACION_DIARIA,NORMAL,1,GENETICO,25,30,100,tiempoMs,653.386117,640.48825,108.467397,491.8055,974.8343
BASE,OPERACION_DIARIA-NORMAL-N01,OPERACION_DIARIA,NORMAL,1,GENETICO,25,30,100,evaluaciones,9060,9060,0,9060,9060
BASE,OPERACION_DIARIA-NORMAL-N01,OPERACION_DIARIA,NORMAL,1,GENETICO,25,30,100,cumplimientoPct,100,100,0,100,100
BASE,OPERACION_DIARIA-NORMAL-N01,OPERACION_DIARIA,NORMAL,1,GENETICO,25,30,100,cumplimientoPrioritariosPct,100,100,0,100,100
BASE,OPERACION_DIARIA-NORMAL-N01,OPERACION_DIARIA,NORMAL,1,GENETICO,25,30,100,retrasoHoras,0,0,0,0,0
BASE,OPERACION_DIARIA-NORMAL-N01,OPERACION_DIARIA,NORMAL,1,GENETICO,25,30,100,tiempoAtencionHoras,84.5685,84.568333,0.105311,84.448333,84.823333
BASE,OPERACION_DIARIA-NORMAL-N01,OPERACION_DIARIA,NORMAL,1,GENETICO,25,30,100,noAsignados,0,0,0,0,0
BASE,OPERACION_DIARIA-NORMAL-N01,OPERACION_DIARIA,NORMAL,1,GENETICO,25,30,100,costo,10416.133333,10412,37.968892,10352,10536
BASE,OPERACION_DIARIA-NORMAL-N01,OPERACION_DIARIA,NORMAL,1,GENETICO,25,30,100,distanciaKm,1471.466667,1470,3.104317,1470,1486
BASE,OPERACION_DIARIA-NORMAL-N01,OPERACION_DIARIA,NORMAL,1,GENETICO,25,30,100,utilizacionPct,29.947917,29.947917,0,29.947917,29.947917
BASE,OPERACION_DIARIA-NORMAL-N01,OPERACION_DIARIA,NORMAL,1,RECOCIDO_SIMULADO,25,30,100,objetivo,86.263333,86.263333,0,86.263333,86.263333
BASE,OPERACION_DIARIA-NORMAL-N01,OPERACION_DIARIA,NORMAL,1,RECOCIDO_SIMULADO,25,30,100,tiempoMs,8.421683,8.2539,1.233753,5.6815,11.4568
BASE,OPERACION_DIARIA-NORMAL-N01,OPERACION_DIARIA,NORMAL,1,RECOCIDO_SIMULADO,25,30,100,evaluaciones,902.333333,881,133.899945,581,1181
BASE,OPERACION_DIARIA-NORMAL-N01,OPERACION_DIARIA,NORMAL,1,RECOCIDO_SIMULADO,25,30,100,cumplimientoPct,100,100,0,100,100
BASE,OPERACION_DIARIA-NORMAL-N01,OPERACION_DIARIA,NORMAL,1,RECOCIDO_SIMULADO,25,30,100,cumplimientoPrioritariosPct,100,100,0,100,100
BASE,OPERACION_DIARIA-NORMAL-N01,OPERACION_DIARIA,NORMAL,1,RECOCIDO_SIMULADO,25,30,100,retrasoHoras,0,0,0,0,0
BASE,OPERACION_DIARIA-NORMAL-N01,OPERACION_DIARIA,NORMAL,1,RECOCIDO_SIMULADO,25,30,100,tiempoAtencionHoras,86.263333,86.263333,0,86.263333,86.263333
BASE,OPERACION_DIARIA-NORMAL-N01,OPERACION_DIARIA,NORMAL,1,RECOCIDO_SIMULADO,25,30,100,noAsignados,0,0,0,0,0
BASE,OPERACION_DIARIA-NORMAL-N01,OPERACION_DIARIA,NORMAL,1,RECOCIDO_SIMULADO,25,30,100,costo,9984,9984,0,9984,9984
BASE,OPERACION_DIARIA-NORMAL-N01,OPERACION_DIARIA,NORMAL,1,RECOCIDO_SIMULADO,25,30,100,distanciaKm,1474,1474,0,1474,1474
BASE,OPERACION_DIARIA-NORMAL-N01,OPERACION_DIARIA,NORMAL,1,RECOCIDO_SIMULADO,25,30,100,utilizacionPct,29.947917,29.947917,0,29.947917,29.947917
BASE,OPERACION_DIARIA-NORMAL-N02,OPERACION_DIARIA,NORMAL,2,GENETICO,25,30,100,objetivo,94.884333,94.915,0.173398,94.59,95.34
BASE,OPERACION_DIARIA-NORMAL-N02,OPERACION_DIARIA,NORMAL,2,GENETICO,25,30,100,tiempoMs,587.341853,584.7756,114.162231,371.7558,888.4567
BASE,OPERACION_DIARIA-NORMAL-N02,OPERACION_DIARIA,NORMAL,2,GENETICO,25,30,100,evaluaciones,9060,9060,0,9060,9060
BASE,OPERACION_DIARIA-NORMAL-N02,OPERACION_DIARIA,NORMAL,2,GENETICO,25,30,100,cumplimientoPct,100,100,0,100,100
BASE,OPERACION_DIARIA-NORMAL-N02,OPERACION_DIARIA,NORMAL,2,GENETICO,25,30,100,cumplimientoPrioritariosPct,100,100,0,100,100
BASE,OPERACION_DIARIA-NORMAL-N02,OPERACION_DIARIA,NORMAL,2,GENETICO,25,30,100,retrasoHoras,0,0,0,0,0
BASE,OPERACION_DIARIA-NORMAL-N02,OPERACION_DIARIA,NORMAL,2,GENETICO,25,30,100,tiempoAtencionHoras,94.884333,94.915,0.173398,94.59,95.34
BASE,OPERACION_DIARIA-NORMAL-N02,OPERACION_DIARIA,NORMAL,2,GENETICO,25,30,100,noAsignados,0,0,0,0,0
BASE,OPERACION_DIARIA-NORMAL-N02,OPERACION_DIARIA,NORMAL,2,GENETICO,25,30,100,costo,11470.666667,11396,165.899291,11188,11696
BASE,OPERACION_DIARIA-NORMAL-N02,OPERACION_DIARIA,NORMAL,2,GENETICO,25,30,100,distanciaKm,1626.533333,1612,21.276073,1586,1656
BASE,OPERACION_DIARIA-NORMAL-N02,OPERACION_DIARIA,NORMAL,2,GENETICO,25,30,100,utilizacionPct,30.46875,30.46875,0,30.46875,30.46875
BASE,OPERACION_DIARIA-NORMAL-N02,OPERACION_DIARIA,NORMAL,2,RECOCIDO_SIMULADO,25,30,100,objetivo,95.85,95.85,0,95.85,95.85
BASE,OPERACION_DIARIA-NORMAL-N02,OPERACION_DIARIA,NORMAL,2,RECOCIDO_SIMULADO,25,30,100,tiempoMs,30.508737,29.99165,3.14835,23.0625,42.3265
BASE,OPERACION_DIARIA-NORMAL-N02,OPERACION_DIARIA,NORMAL,2,RECOCIDO_SIMULADO,25,30,100,evaluaciones,3770.333333,3821,257.935214,2941,4181
BASE,OPERACION_DIARIA-NORMAL-N02,OPERACION_DIARIA,NORMAL,2,RECOCIDO_SIMULADO,25,30,100,cumplimientoPct,100,100,0,100,100
BASE,OPERACION_DIARIA-NORMAL-N02,OPERACION_DIARIA,NORMAL,2,RECOCIDO_SIMULADO,25,30,100,cumplimientoPrioritariosPct,100,100,0,100,100
BASE,OPERACION_DIARIA-NORMAL-N02,OPERACION_DIARIA,NORMAL,2,RECOCIDO_SIMULADO,25,30,100,retrasoHoras,0,0,0,0,0
BASE,OPERACION_DIARIA-NORMAL-N02,OPERACION_DIARIA,NORMAL,2,RECOCIDO_SIMULADO,25,30,100,tiempoAtencionHoras,95.85,95.85,0,95.85,95.85
BASE,OPERACION_DIARIA-NORMAL-N02,OPERACION_DIARIA,NORMAL,2,RECOCIDO_SIMULADO,25,30,100,noAsignados,0,0,0,0,0
BASE,OPERACION_DIARIA-NORMAL-N02,OPERACION_DIARIA,NORMAL,2,RECOCIDO_SIMULADO,25,30,100,costo,11448,11448,0,11448,11448
BASE,OPERACION_DIARIA-NORMAL-N02,OPERACION_DIARIA,NORMAL,2,RECOCIDO_SIMULADO,25,30,100,distanciaKm,1656,1656,0,1656,1656
BASE,OPERACION_DIARIA-NORMAL-N02,OPERACION_DIARIA,NORMAL,2,RECOCIDO_SIMULADO,25,30,100,utilizacionPct,30.46875,30.46875,0,30.46875,30.46875
BASE,OPERACION_DIARIA-NORMAL-N03,OPERACION_DIARIA,NORMAL,3,GENETICO,25,30,100,objetivo,201.374333,201.378333,0.215408,201.048333,201.828333
BASE,OPERACION_DIARIA-NORMAL-N03,OPERACION_DIARIA,NORMAL,3,GENETICO,25,30,100,tiempoMs,591.944293,600.77895,177.774633,332.1862,1043.3634
BASE,OPERACION_DIARIA-NORMAL-N03,OPERACION_DIARIA,NORMAL,3,GENETICO,25,30,100,evaluaciones,9060,9060,0,9060,9060
BASE,OPERACION_DIARIA-NORMAL-N03,OPERACION_DIARIA,NORMAL,3,GENETICO,25,30,100,cumplimientoPct,92,92,0,92,92
BASE,OPERACION_DIARIA-NORMAL-N03,OPERACION_DIARIA,NORMAL,3,GENETICO,25,30,100,cumplimientoPrioritariosPct,87.5,87.5,0,87.5,87.5
BASE,OPERACION_DIARIA-NORMAL-N03,OPERACION_DIARIA,NORMAL,3,GENETICO,25,30,100,retrasoHoras,0.958333,0.958333,0,0.958333,0.958333
BASE,OPERACION_DIARIA-NORMAL-N03,OPERACION_DIARIA,NORMAL,3,GENETICO,25,30,100,tiempoAtencionHoras,105.541,105.545,0.215408,105.215,105.995
BASE,OPERACION_DIARIA-NORMAL-N03,OPERACION_DIARIA,NORMAL,3,GENETICO,25,30,100,noAsignados,0,0,0,0,0
BASE,OPERACION_DIARIA-NORMAL-N03,OPERACION_DIARIA,NORMAL,3,GENETICO,25,30,100,costo,11068.533333,11088,166.977953,10800,11316
BASE,OPERACION_DIARIA-NORMAL-N03,OPERACION_DIARIA,NORMAL,3,GENETICO,25,30,100,distanciaKm,1600.6,1604,26.606455,1570,1656
BASE,OPERACION_DIARIA-NORMAL-N03,OPERACION_DIARIA,NORMAL,3,GENETICO,25,30,100,utilizacionPct,34.114583,34.114583,0,34.114583,34.114583
BASE,OPERACION_DIARIA-NORMAL-N03,OPERACION_DIARIA,NORMAL,3,RECOCIDO_SIMULADO,25,30,100,objetivo,202.848333,202.848333,0,202.848333,202.848333
BASE,OPERACION_DIARIA-NORMAL-N03,OPERACION_DIARIA,NORMAL,3,RECOCIDO_SIMULADO,25,30,100,tiempoMs,15.925277,15.78385,3.736306,9.0922,24.224
BASE,OPERACION_DIARIA-NORMAL-N03,OPERACION_DIARIA,NORMAL,3,RECOCIDO_SIMULADO,25,30,100,evaluaciones,1898.333333,1861,512.458128,1061,3141
BASE,OPERACION_DIARIA-NORMAL-N03,OPERACION_DIARIA,NORMAL,3,RECOCIDO_SIMULADO,25,30,100,cumplimientoPct,92,92,0,92,92
BASE,OPERACION_DIARIA-NORMAL-N03,OPERACION_DIARIA,NORMAL,3,RECOCIDO_SIMULADO,25,30,100,cumplimientoPrioritariosPct,87.5,87.5,0,87.5,87.5
BASE,OPERACION_DIARIA-NORMAL-N03,OPERACION_DIARIA,NORMAL,3,RECOCIDO_SIMULADO,25,30,100,retrasoHoras,0.958333,0.958333,0,0.958333,0.958333
BASE,OPERACION_DIARIA-NORMAL-N03,OPERACION_DIARIA,NORMAL,3,RECOCIDO_SIMULADO,25,30,100,tiempoAtencionHoras,107.015,107.015,0,107.015,107.015
BASE,OPERACION_DIARIA-NORMAL-N03,OPERACION_DIARIA,NORMAL,3,RECOCIDO_SIMULADO,25,30,100,noAsignados,0,0,0,0,0
BASE,OPERACION_DIARIA-NORMAL-N03,OPERACION_DIARIA,NORMAL,3,RECOCIDO_SIMULADO,25,30,100,costo,10988,10988,0,10988,10988
BASE,OPERACION_DIARIA-NORMAL-N03,OPERACION_DIARIA,NORMAL,3,RECOCIDO_SIMULADO,25,30,100,distanciaKm,1594,1594,0,1594,1594
BASE,OPERACION_DIARIA-NORMAL-N03,OPERACION_DIARIA,NORMAL,3,RECOCIDO_SIMULADO,25,30,100,utilizacionPct,34.114583,34.114583,0,34.114583,34.114583
BASE,OPERACION_DIARIA-ALTA-N01,OPERACION_DIARIA,ALTA,1,GENETICO,38,30,100,objetivo,350.355778,349.0325,42.348371,294.956667,525.391667
BASE,OPERACION_DIARIA-ALTA-N01,OPERACION_DIARIA,ALTA,1,GENETICO,38,30,100,tiempoMs,848.38924,841.4357,181.786308,571.3983,1169.8944
BASE,OPERACION_DIARIA-ALTA-N01,OPERACION_DIARIA,ALTA,1,GENETICO,38,30,100,evaluaciones,9060,9060,0,9060,9060
BASE,OPERACION_DIARIA-ALTA-N01,OPERACION_DIARIA,ALTA,1,GENETICO,38,30,100,cumplimientoPct,94.736842,94.736842,0,94.736842,94.736842
BASE,OPERACION_DIARIA-ALTA-N01,OPERACION_DIARIA,ALTA,1,GENETICO,38,30,100,cumplimientoPrioritariosPct,92,92,0,92,92
BASE,OPERACION_DIARIA-ALTA-N01,OPERACION_DIARIA,ALTA,1,GENETICO,38,30,100,retrasoHoras,1.747333,1.74,0.421106,1.2,3.49
BASE,OPERACION_DIARIA-ALTA-N01,OPERACION_DIARIA,ALTA,1,GENETICO,38,30,100,tiempoAtencionHoras,175.622444,175.736667,1.162042,173.516667,178.081667
BASE,OPERACION_DIARIA-ALTA-N01,OPERACION_DIARIA,ALTA,1,GENETICO,38,30,100,noAsignados,0,0,0,0,0
BASE,OPERACION_DIARIA-ALTA-N01,OPERACION_DIARIA,ALTA,1,GENETICO,38,30,100,costo,12168.4,12186,307.090192,11626,12888
BASE,OPERACION_DIARIA-ALTA-N01,OPERACION_DIARIA,ALTA,1,GENETICO,38,30,100,distanciaKm,1877.6,1883,70.894579,1746,2082
BASE,OPERACION_DIARIA-ALTA-N01,OPERACION_DIARIA,ALTA,1,GENETICO,38,30,100,utilizacionPct,45.277778,45.277778,0,45.277778,45.277778
BASE,OPERACION_DIARIA-ALTA-N01,OPERACION_DIARIA,ALTA,1,GENETICO,38,30,100,tiempoReplanificacionMs,189.193697,178.7936,48.27928,134.3362,376.724
BASE,OPERACION_DIARIA-ALTA-N01,OPERACION_DIARIA,ALTA,1,GENETICO,38,30,100,tasaReplanificacionExitosaPct,100,100,,100,100
BASE,OPERACION_DIARIA-ALTA-N01,OPERACION_DIARIA,ALTA,1,RECOCIDO_SIMULADO,38,30,100,objetivo,354.249444,357.796667,37.919738,302.725,483.648333
BASE,OPERACION_DIARIA-ALTA-N01,OPERACION_DIARIA,ALTA,1,RECOCIDO_SIMULADO,38,30,100,tiempoMs,18.37708,17.9015,2.240803,14.4938,23.8639
BASE,OPERACION_DIARIA-ALTA-N01,OPERACION_DIARIA,ALTA,1,RECOCIDO_SIMULADO,38,30,100,evaluaciones,838.333333,761,309.604122,341,1701
BASE,OPERACION_DIARIA-ALTA-N01,OPERACION_DIARIA,ALTA,1,RECOCIDO_SIMULADO,38,30,100,cumplimientoPct,94.736842,94.736842,0,94.736842,94.736842
BASE,OPERACION_DIARIA-ALTA-N01,OPERACION_DIARIA,ALTA,1,RECOCIDO_SIMULADO,38,30,100,cumplimientoPrioritariosPct,92,92,0,92,92
BASE,OPERACION_DIARIA-ALTA-N01,OPERACION_DIARIA,ALTA,1,RECOCIDO_SIMULADO,38,30,100,retrasoHoras,1.681333,1.74,0.385117,1.2,2.95
BASE,OPERACION_DIARIA-ALTA-N01,OPERACION_DIARIA,ALTA,1,RECOCIDO_SIMULADO,38,30,100,tiempoAtencionHoras,186.116111,185.018333,4.402643,180.268333,199.586667
BASE,OPERACION_DIARIA-ALTA-N01,OPERACION_DIARIA,ALTA,1,RECOCIDO_SIMULADO,38,30,100,noAsignados,0,0,0,0,0
BASE,OPERACION_DIARIA-ALTA-N01,OPERACION_DIARIA,ALTA,1,RECOCIDO_SIMULADO,38,30,100,costo,12322.8,12307,489.33131,11316,13300
BASE,OPERACION_DIARIA-ALTA-N01,OPERACION_DIARIA,ALTA,1,RECOCIDO_SIMULADO,38,30,100,distanciaKm,1860.733333,1852,89.938651,1632,2028
BASE,OPERACION_DIARIA-ALTA-N01,OPERACION_DIARIA,ALTA,1,RECOCIDO_SIMULADO,38,30,100,utilizacionPct,45.277778,45.277778,0,45.277778,45.277778
BASE,OPERACION_DIARIA-ALTA-N01,OPERACION_DIARIA,ALTA,1,RECOCIDO_SIMULADO,38,30,100,tiempoReplanificacionMs,9.828043,9.0574,2.811876,5.0831,17.2658
BASE,OPERACION_DIARIA-ALTA-N01,OPERACION_DIARIA,ALTA,1,RECOCIDO_SIMULADO,38,30,100,tasaReplanificacionExitosaPct,100,100,,100,100
BASE,OPERACION_DIARIA-ALTA-N02,OPERACION_DIARIA,ALTA,2,GENETICO,38,30,100,objetivo,711.888778,712.295833,69.29152,632.683333,879.083333
BASE,OPERACION_DIARIA-ALTA-N02,OPERACION_DIARIA,ALTA,2,GENETICO,38,30,100,tiempoMs,622.74465,635.1648,157.943492,294.3111,935.6089
BASE,OPERACION_DIARIA-ALTA-N02,OPERACION_DIARIA,ALTA,2,GENETICO,38,30,100,evaluaciones,9060,9060,0,9060,9060
BASE,OPERACION_DIARIA-ALTA-N02,OPERACION_DIARIA,ALTA,2,GENETICO,38,30,100,cumplimientoPct,90.350877,89.473684,1.261746,92.105263,89.473684
BASE,OPERACION_DIARIA-ALTA-N02,OPERACION_DIARIA,ALTA,2,GENETICO,38,30,100,cumplimientoPrioritariosPct,84.057971,82.608696,2.084623,86.956522,82.608696
BASE,OPERACION_DIARIA-ALTA-N02,OPERACION_DIARIA,ALTA,2,GENETICO,38,30,100,retrasoHoras,4.892778,4.9,0.694363,4.108333,6.55
BASE,OPERACION_DIARIA-ALTA-N02,OPERACION_DIARIA,ALTA,2,GENETICO,38,30,100,tiempoAtencionHoras,222.611,222.63,1.351379,220.515,226.111667
BASE,OPERACION_DIARIA-ALTA-N02,OPERACION_DIARIA,ALTA,2,GENETICO,38,30,100,noAsignados,0,0,0,0,0
BASE,OPERACION_DIARIA-ALTA-N02,OPERACION_DIARIA,ALTA,2,GENETICO,38,30,100,costo,12994.533333,12964,354.427341,12190,13694
BASE,OPERACION_DIARIA-ALTA-N02,OPERACION_DIARIA,ALTA,2,GENETICO,38,30,100,distanciaKm,1999.133333,1994,71.876682,1824,2160
BASE,OPERACION_DIARIA-ALTA-N02,OPERACION_DIARIA,ALTA,2,GENETICO,38,30,100,utilizacionPct,57.222222,57.222222,0,57.222222,57.222222
BASE,OPERACION_DIARIA-ALTA-N02,OPERACION_DIARIA,ALTA,2,GENETICO,38,30,100,tiempoReplanificacionMs,192.760363,176.07615,62.410885,119.9585,408.9656
BASE,OPERACION_DIARIA-ALTA-N02,OPERACION_DIARIA,ALTA,2,GENETICO,38,30,100,tasaReplanificacionExitosaPct,100,100,,100,100
BASE,OPERACION_DIARIA-ALTA-N02,OPERACION_DIARIA,ALTA,2,RECOCIDO_SIMULADO,38,30,100,objetivo,665.838278,651.9475,32.272485,637.88,745.51
BASE,OPERACION_DIARIA-ALTA-N02,OPERACION_DIARIA,ALTA,2,RECOCIDO_SIMULADO,38,30,100,tiempoMs,26.22418,24.2203,5.640116,18.7933,39.2728
BASE,OPERACION_DIARIA-ALTA-N02,OPERACION_DIARIA,ALTA,2,RECOCIDO_SIMULADO,38,30,100,evaluaciones,1891.666667,1921,698.505465,301,3061
BASE,OPERACION_DIARIA-ALTA-N02,OPERACION_DIARIA,ALTA,2,RECOCIDO_SIMULADO,38,30,100,cumplimientoPct,90.701754,89.473684,1.335306,92.105263,89.473684
BASE,OPERACION_DIARIA-ALTA-N02,OPERACION_DIARIA,ALTA,2,RECOCIDO_SIMULADO,38,30,100,cumplimientoPrioritariosPct,84.637681,82.608696,2.206158,86.956522,82.608696
BASE,OPERACION_DIARIA-ALTA-N02,OPERACION_DIARIA,ALTA,2,RECOCIDO_SIMULADO,38,30,100,retrasoHoras,4.317611,4.175,0.330387,4.108333,5.146667
BASE,OPERACION_DIARIA-ALTA-N02,OPERACION_DIARIA,ALTA,2,RECOCIDO_SIMULADO,38,30,100,tiempoAtencionHoras,234.077167,233.813333,3.928734,227.046667,243.693333
BASE,OPERACION_DIARIA-ALTA-N02,OPERACION_DIARIA,ALTA,2,RECOCIDO_SIMULADO,38,30,100,noAsignados,0,0,0,0,0
BASE,OPERACION_DIARIA-ALTA-N02,OPERACION_DIARIA,ALTA,2,RECOCIDO_SIMULADO,38,30,100,costo,13755.733333,13761,601.362071,12338,14930
BASE,OPERACION_DIARIA-ALTA-N02,OPERACION_DIARIA,ALTA,2,RECOCIDO_SIMULADO,38,30,100,distanciaKm,2099.6,2098,114.792046,1880,2308
BASE,OPERACION_DIARIA-ALTA-N02,OPERACION_DIARIA,ALTA,2,RECOCIDO_SIMULADO,38,30,100,utilizacionPct,57.222222,57.222222,0,57.222222,57.222222
BASE,OPERACION_DIARIA-ALTA-N02,OPERACION_DIARIA,ALTA,2,RECOCIDO_SIMULADO,38,30,100,tiempoReplanificacionMs,20.461893,21.98045,6.99787,4.2651,32.4089
BASE,OPERACION_DIARIA-ALTA-N02,OPERACION_DIARIA,ALTA,2,RECOCIDO_SIMULADO,38,30,100,tasaReplanificacionExitosaPct,100,100,,100,100
BASE,OPERACION_DIARIA-ALTA-N03,OPERACION_DIARIA,ALTA,3,GENETICO,38,30,100,objetivo,174.003889,160.746667,34.267521,159.096667,261.43
BASE,OPERACION_DIARIA-ALTA-N03,OPERACION_DIARIA,ALTA,3,GENETICO,38,30,100,tiempoMs,390.135163,361.15385,113.044768,236.8955,609.6319
BASE,OPERACION_DIARIA-ALTA-N03,OPERACION_DIARIA,ALTA,3,GENETICO,38,30,100,evaluaciones,9060,9060,0,9060,9060
BASE,OPERACION_DIARIA-ALTA-N03,OPERACION_DIARIA,ALTA,3,GENETICO,38,30,100,cumplimientoPct,99.649123,100,0.909858,100,97.368421
BASE,OPERACION_DIARIA-ALTA-N03,OPERACION_DIARIA,ALTA,3,GENETICO,38,30,100,cumplimientoPrioritariosPct,99.42029,100,1.503243,100,95.652174
BASE,OPERACION_DIARIA-ALTA-N03,OPERACION_DIARIA,ALTA,3,GENETICO,38,30,100,retrasoHoras,0.13,0,0.337102,0,0.975
BASE,OPERACION_DIARIA-ALTA-N03,OPERACION_DIARIA,ALTA,3,GENETICO,38,30,100,tiempoAtencionHoras,161.003889,160.746667,0.997147,159.096667,163.93
BASE,OPERACION_DIARIA-ALTA-N03,OPERACION_DIARIA,ALTA,3,GENETICO,38,30,100,noAsignados,0,0,0,0,0
BASE,OPERACION_DIARIA-ALTA-N03,OPERACION_DIARIA,ALTA,3,GENETICO,38,30,100,costo,12687.333333,12640,245.662136,12052,13156
BASE,OPERACION_DIARIA-ALTA-N03,OPERACION_DIARIA,ALTA,3,GENETICO,38,30,100,distanciaKm,1949.866667,1952,47.511692,1824,2058
BASE,OPERACION_DIARIA-ALTA-N03,OPERACION_DIARIA,ALTA,3,GENETICO,38,30,100,utilizacionPct,53.333333,53.333333,0,53.333333,53.333333
BASE,OPERACION_DIARIA-ALTA-N03,OPERACION_DIARIA,ALTA,3,GENETICO,38,30,100,tiempoReplanificacionMs,195.4189,186.43845,49.69025,138.9348,297.3193
BASE,OPERACION_DIARIA-ALTA-N03,OPERACION_DIARIA,ALTA,3,GENETICO,38,30,100,tasaReplanificacionExitosaPct,100,100,,100,100
BASE,OPERACION_DIARIA-ALTA-N03,OPERACION_DIARIA,ALTA,3,RECOCIDO_SIMULADO,38,30,100,objetivo,181.873167,169.213333,32.705729,163.766667,266.51
BASE,OPERACION_DIARIA-ALTA-N03,OPERACION_DIARIA,ALTA,3,RECOCIDO_SIMULADO,38,30,100,tiempoMs,18.134657,17.5501,2.895091,13.899,26.8688
BASE,OPERACION_DIARIA-ALTA-N03,OPERACION_DIARIA,ALTA,3,RECOCIDO_SIMULADO,38,30,100,evaluaciones,637,621,235.732168,181,1061
BASE,OPERACION_DIARIA-ALTA-N03,OPERACION_DIARIA,ALTA,3,RECOCIDO_SIMULADO,38,30,100,cumplimientoPct,99.649123,100,0.909858,100,97.368421
BASE,OPERACION_DIARIA-ALTA-N03,OPERACION_DIARIA,ALTA,3,RECOCIDO_SIMULADO,38,30,100,cumplimientoPrioritariosPct,99.42029,100,1.503243,100,95.652174
BASE,OPERACION_DIARIA-ALTA-N03,OPERACION_DIARIA,ALTA,3,RECOCIDO_SIMULADO,38,30,100,retrasoHoras,0.13,0,0.337102,0,0.975
BASE,OPERACION_DIARIA-ALTA-N03,OPERACION_DIARIA,ALTA,3,RECOCIDO_SIMULADO,38,30,100,tiempoAtencionHoras,168.873167,168.85,3.860146,162.468333,179.845
BASE,OPERACION_DIARIA-ALTA-N03,OPERACION_DIARIA,ALTA,3,RECOCIDO_SIMULADO,38,30,100,noAsignados,0,0,0,0,0
BASE,OPERACION_DIARIA-ALTA-N03,OPERACION_DIARIA,ALTA,3,RECOCIDO_SIMULADO,38,30,100,costo,12299.666667,12278,412.392543,11202,13212
BASE,OPERACION_DIARIA-ALTA-N03,OPERACION_DIARIA,ALTA,3,RECOCIDO_SIMULADO,38,30,100,distanciaKm,1858.133333,1867,68.032311,1692,1996
BASE,OPERACION_DIARIA-ALTA-N03,OPERACION_DIARIA,ALTA,3,RECOCIDO_SIMULADO,38,30,100,utilizacionPct,53.333333,53.333333,0,53.333333,53.333333
BASE,OPERACION_DIARIA-ALTA-N03,OPERACION_DIARIA,ALTA,3,RECOCIDO_SIMULADO,38,30,100,tiempoReplanificacionMs,7.955907,7.8524,2.31563,3.0873,11.8065
BASE,OPERACION_DIARIA-ALTA-N03,OPERACION_DIARIA,ALTA,3,RECOCIDO_SIMULADO,38,30,100,tasaReplanificacionExitosaPct,100,100,,100,100
BASE,OPERACION_DIARIA-CRITICA-N01,OPERACION_DIARIA,CRITICA,1,GENETICO,55,30,100,objetivo,1204.078111,1189.389167,133.416887,1041.66,1483.405
BASE,OPERACION_DIARIA-CRITICA-N01,OPERACION_DIARIA,CRITICA,1,GENETICO,55,30,100,tiempoMs,517.76576,459.2243,179.254389,308.18,936.9417
BASE,OPERACION_DIARIA-CRITICA-N01,OPERACION_DIARIA,CRITICA,1,GENETICO,55,30,100,evaluaciones,9060,9060,0,9060,9060
BASE,OPERACION_DIARIA-CRITICA-N01,OPERACION_DIARIA,CRITICA,1,GENETICO,55,30,100,cumplimientoPct,92.060606,92.727273,1.687014,94.545455,87.272727
BASE,OPERACION_DIARIA-CRITICA-N01,OPERACION_DIARIA,CRITICA,1,GENETICO,55,30,100,cumplimientoPrioritariosPct,87.52381,88.571429,2.651021,91.428571,80
BASE,OPERACION_DIARIA-CRITICA-N01,OPERACION_DIARIA,CRITICA,1,GENETICO,55,30,100,retrasoHoras,8.376278,8.248333,1.334722,6.74,11.183333
BASE,OPERACION_DIARIA-CRITICA-N01,OPERACION_DIARIA,CRITICA,1,GENETICO,55,30,100,tiempoAtencionHoras,366.450333,366.765,3.278877,360.148333,374.33
BASE,OPERACION_DIARIA-CRITICA-N01,OPERACION_DIARIA,CRITICA,1,GENETICO,55,30,100,noAsignados,0,0,0,0,0
BASE,OPERACION_DIARIA-CRITICA-N01,OPERACION_DIARIA,CRITICA,1,GENETICO,55,30,100,costo,15279.333333,15255,480.351117,14336,16464
BASE,OPERACION_DIARIA-CRITICA-N01,OPERACION_DIARIA,CRITICA,1,GENETICO,55,30,100,distanciaKm,2546.733333,2544,104.164966,2330,2778
BASE,OPERACION_DIARIA-CRITICA-N01,OPERACION_DIARIA,CRITICA,1,GENETICO,55,30,100,utilizacionPct,77.97619,77.97619,0,77.97619,77.97619
BASE,OPERACION_DIARIA-CRITICA-N01,OPERACION_DIARIA,CRITICA,1,GENETICO,55,30,100,tiempoReplanificacionMs,247.192973,233.72915,68.862479,145.465,395.4282
BASE,OPERACION_DIARIA-CRITICA-N01,OPERACION_DIARIA,CRITICA,1,GENETICO,55,30,100,tasaReplanificacionExitosaPct,100,100,,100,100
BASE,OPERACION_DIARIA-CRITICA-N01,OPERACION_DIARIA,CRITICA,1,RECOCIDO_SIMULADO,55,30,100,objetivo,1224.732,1222.34,81.545871,1101.731667,1482.458333
BASE,OPERACION_DIARIA-CRITICA-N01,OPERACION_DIARIA,CRITICA,1,RECOCIDO_SIMULADO,55,30,100,tiempoMs,41.188343,39.108,9.138417,27.4756,64.8871
BASE,OPERACION_DIARIA-CRITICA-N01,OPERACION_DIARIA,CRITICA,1,RECOCIDO_SIMULADO,55,30,100,evaluaciones,1533,1441,684.359252,381,3101
BASE,OPERACION_DIARIA-CRITICA-N01,OPERACION_DIARIA,CRITICA,1,RECOCIDO_SIMULADO,55,30,100,cumplimientoPct,92.363636,92.727273,1.612151,94.545455,89.090909
BASE,OPERACION_DIARIA-CRITICA-N01,OPERACION_DIARIA,CRITICA,1,RECOCIDO_SIMULADO,55,30,100,cumplimientoPrioritariosPct,88,88.571429,2.53338,91.428571,82.857143
BASE,OPERACION_DIARIA-CRITICA-N01,OPERACION_DIARIA,CRITICA,1,RECOCIDO_SIMULADO,55,30,100,retrasoHoras,8.382667,8.335,0.826925,7.19,10.98
BASE,OPERACION_DIARIA-CRITICA-N01,OPERACION_DIARIA,CRITICA,1,RECOCIDO_SIMULADO,55,30,100,tiempoAtencionHoras,386.465333,385.74,4.880494,377.721667,395.135
BASE,OPERACION_DIARIA-CRITICA-N01,OPERACION_DIARIA,CRITICA,1,RECOCIDO_SIMULADO,55,30,100,noAsignados,0,0,0,0,0
BASE,OPERACION_DIARIA-CRITICA-N01,OPERACION_DIARIA,CRITICA,1,RECOCIDO_SIMULADO,55,30,100,costo,16609.066667,16709,841.959411,14848,17958
BASE,OPERACION_DIARIA-CRITICA-N01,OPERACION_DIARIA,CRITICA,1,RECOCIDO_SIMULADO,55,30,100,distanciaKm,2686.866667,2696,153.250467,2404,2986
BASE,OPERACION_DIARIA-CRITICA-N01,OPERACION_DIARIA,CRITICA,1,RECOCIDO_SIMULADO,55,30,100,utilizacionPct,77.97619,77.97619,0,77.97619,77.97619
BASE,OPERACION_DIARIA-CRITICA-N01,OPERACION_DIARIA,CRITICA,1,RECOCIDO_SIMULADO,55,30,100,tiempoReplanificacionMs,24.624843,21.82235,12.880205,6.3984,58.5062
BASE,OPERACION_DIARIA-CRITICA-N01,OPERACION_DIARIA,CRITICA,1,RECOCIDO_SIMULADO,55,30,100,tasaReplanificacionExitosaPct,100,100,,100,100
BASE,OPERACION_DIARIA-CRITICA-N02,OPERACION_DIARIA,CRITICA,2,GENETICO,55,30,100,objetivo,1517.245944,1522.9025,100.73309,1326.135,1790.446667
BASE,OPERACION_DIARIA-CRITICA-N02,OPERACION_DIARIA,CRITICA,2,GENETICO,55,30,100,tiempoMs,446.434757,422.3244,138.916271,289.9802,906.4429
BASE,OPERACION_DIARIA-CRITICA-N02,OPERACION_DIARIA,CRITICA,2,GENETICO,55,30,100,evaluaciones,9060,9060,0,9060,9060
BASE,OPERACION_DIARIA-CRITICA-N02,OPERACION_DIARIA,CRITICA,2,GENETICO,55,30,100,cumplimientoPct,91.030303,90.909091,1.717151,92.727273,87.272727
BASE,OPERACION_DIARIA-CRITICA-N02,OPERACION_DIARIA,CRITICA,2,GENETICO,55,30,100,cumplimientoPrioritariosPct,85.904762,85.714286,2.698381,88.571429,80
BASE,OPERACION_DIARIA-CRITICA-N02,OPERACION_DIARIA,CRITICA,2,GENETICO,55,30,100,retrasoHoras,11.911667,11.963333,1.008175,10.011667,14.625
BASE,OPERACION_DIARIA-CRITICA-N02,OPERACION_DIARIA,CRITICA,2,GENETICO,55,30,100,tiempoAtencionHoras,326.079278,325.83,2.369363,321.1,331.005
BASE,OPERACION_DIARIA-CRITICA-N02,OPERACION_DIARIA,CRITICA,2,GENETICO,55,30,100,noAsignados,0,0,0,0,0
BASE,OPERACION_DIARIA-CRITICA-N02,OPERACION_DIARIA,CRITICA,2,GENETICO,55,30,100,costo,15439.133333,15458,476.039605,14472,16450
BASE,OPERACION_DIARIA-CRITICA-N02,OPERACION_DIARIA,CRITICA,2,GENETICO,55,30,100,distanciaKm,2556.666667,2569,70.115832,2386,2676
BASE,OPERACION_DIARIA-CRITICA-N02,OPERACION_DIARIA,CRITICA,2,GENETICO,55,30,100,utilizacionPct,78.571429,78.571429,0,78.571429,78.571429
BASE,OPERACION_DIARIA-CRITICA-N02,OPERACION_DIARIA,CRITICA,2,GENETICO,55,30,100,tiempoReplanificacionMs,350.302703,338.10835,132.696849,164.9905,667.6119
BASE,OPERACION_DIARIA-CRITICA-N02,OPERACION_DIARIA,CRITICA,2,GENETICO,55,30,100,tasaReplanificacionExitosaPct,100,100,,100,100
BASE,OPERACION_DIARIA-CRITICA-N02,OPERACION_DIARIA,CRITICA,2,RECOCIDO_SIMULADO,55,30,100,objetivo,1516.526278,1510.01,77.071364,1357.925,1722.88
BASE,OPERACION_DIARIA-CRITICA-N02,OPERACION_DIARIA,CRITICA,2,RECOCIDO_SIMULADO,55,30,100,tiempoMs,45.55888,42.7539,10.761475,31.4139,78.0451
BASE,OPERACION_DIARIA-CRITICA-N02,OPERACION_DIARIA,CRITICA,2,RECOCIDO_SIMULADO,55,30,100,evaluaciones,1190.333333,1101,420.926182,541,2301
BASE,OPERACION_DIARIA-CRITICA-N02,OPERACION_DIARIA,CRITICA,2,RECOCIDO_SIMULADO,55,30,100,cumplimientoPct,90.424242,90.909091,1.427119,92.727273,87.272727
BASE,OPERACION_DIARIA-CRITICA-N02,OPERACION_DIARIA,CRITICA,2,RECOCIDO_SIMULADO,55,30,100,cumplimientoPrioritariosPct,84.952381,85.714286,2.242615,88.571429,80
BASE,OPERACION_DIARIA-CRITICA-N02,OPERACION_DIARIA,CRITICA,2,RECOCIDO_SIMULADO,55,30,100,retrasoHoras,11.680444,11.6175,0.773297,10.011667,13.74
BASE,OPERACION_DIARIA-CRITICA-N02,OPERACION_DIARIA,CRITICA,2,RECOCIDO_SIMULADO,55,30,100,tiempoAtencionHoras,348.481833,347.929167,4.316842,340.02,357.058333
BASE,OPERACION_DIARIA-CRITICA-N02,OPERACION_DIARIA,CRITICA,2,RECOCIDO_SIMULADO,55,30,100,noAsignados,0,0,0,0,0
BASE,OPERACION_DIARIA-CRITICA-N02,OPERACION_DIARIA,CRITICA,2,RECOCIDO_SIMULADO,55,30,100,costo,16832.733333,16950,671.283995,15636,18042
BASE,OPERACION_DIARIA-CRITICA-N02,OPERACION_DIARIA,CRITICA,2,RECOCIDO_SIMULADO,55,30,100,distanciaKm,2723.533333,2709,109.289471,2500,2960
BASE,OPERACION_DIARIA-CRITICA-N02,OPERACION_DIARIA,CRITICA,2,RECOCIDO_SIMULADO,55,30,100,utilizacionPct,78.571429,78.571429,0,78.571429,78.571429
BASE,OPERACION_DIARIA-CRITICA-N02,OPERACION_DIARIA,CRITICA,2,RECOCIDO_SIMULADO,55,30,100,tiempoReplanificacionMs,19.136917,17.01,6.394739,8.5273,36.0221
BASE,OPERACION_DIARIA-CRITICA-N02,OPERACION_DIARIA,CRITICA,2,RECOCIDO_SIMULADO,55,30,100,tasaReplanificacionExitosaPct,100,100,,100,100
BASE,OPERACION_DIARIA-CRITICA-N03,OPERACION_DIARIA,CRITICA,3,GENETICO,55,30,100,objetivo,25386.409278,26396.39,3742.455858,16417.56,31518.863333
BASE,OPERACION_DIARIA-CRITICA-N03,OPERACION_DIARIA,CRITICA,3,GENETICO,55,30,100,tiempoMs,703.238313,709.1366,85.61975,547.432,863.5763
BASE,OPERACION_DIARIA-CRITICA-N03,OPERACION_DIARIA,CRITICA,3,GENETICO,55,30,100,evaluaciones,9060,9060,0,9060,9060
BASE,OPERACION_DIARIA-CRITICA-N03,OPERACION_DIARIA,CRITICA,3,GENETICO,55,30,100,cumplimientoPct,83.030303,83.636364,1.743503,85.454545,80
BASE,OPERACION_DIARIA-CRITICA-N03,OPERACION_DIARIA,CRITICA,3,GENETICO,55,30,100,cumplimientoPrioritariosPct,78.952381,80,3.046285,85.714286,74.285714
BASE,OPERACION_DIARIA-CRITICA-N03,OPERACION_DIARIA,CRITICA,3,GENETICO,55,30,100,retrasoHoras,10.572944,10.998333,1.758764,4.53,13.075
BASE,OPERACION_DIARIA-CRITICA-N03,OPERACION_DIARIA,CRITICA,3,GENETICO,55,30,100,tiempoAtencionHoras,329.114833,329.975833,10.478332,310.361667,351.56
BASE,OPERACION_DIARIA-CRITICA-N03,OPERACION_DIARIA,CRITICA,3,GENETICO,55,30,100,noAsignados,4.8,5,0.761124,3,6
BASE,OPERACION_DIARIA-CRITICA-N03,OPERACION_DIARIA,CRITICA,3,GENETICO,55,30,100,costo,16309.133333,16324,486.215699,15556,17356
BASE,OPERACION_DIARIA-CRITICA-N03,OPERACION_DIARIA,CRITICA,3,GENETICO,55,30,100,distanciaKm,2608.266667,2630,90.977426,2448,2808
BASE,OPERACION_DIARIA-CRITICA-N03,OPERACION_DIARIA,CRITICA,3,GENETICO,55,30,100,utilizacionPct,84.791667,84.22619,2.106443,89.880952,81.25
BASE,OPERACION_DIARIA-CRITICA-N03,OPERACION_DIARIA,CRITICA,3,GENETICO,55,30,100,tiempoReplanificacionMs,324.30701,315.41095,50.957272,250.6184,484.1658
BASE,OPERACION_DIARIA-CRITICA-N03,OPERACION_DIARIA,CRITICA,3,GENETICO,55,30,100,tasaReplanificacionExitosaPct,0,0,,0,0
BASE,OPERACION_DIARIA-CRITICA-N03,OPERACION_DIARIA,CRITICA,3,RECOCIDO_SIMULADO,55,30,100,objetivo,24606.582222,25971.713333,6017.662429,16540.623333,47368.02
BASE,OPERACION_DIARIA-CRITICA-N03,OPERACION_DIARIA,CRITICA,3,RECOCIDO_SIMULADO,55,30,100,tiempoMs,53.064573,52.45815,7.366474,40.3365,82.1576
BASE,OPERACION_DIARIA-CRITICA-N03,OPERACION_DIARIA,CRITICA,3,RECOCIDO_SIMULADO,55,30,100,evaluaciones,1146.333333,1101,645.898109,101,2461
BASE,OPERACION_DIARIA-CRITICA-N03,OPERACION_DIARIA,CRITICA,3,RECOCIDO_SIMULADO,55,30,100,cumplimientoPct,83.030303,83.636364,2.8781,87.272727,72.727273
BASE,OPERACION_DIARIA-CRITICA-N03,OPERACION_DIARIA,CRITICA,3,RECOCIDO_SIMULADO,55,30,100,cumplimientoPrioritariosPct,77.619048,77.142857,3.362528,85.714286,68.571429
BASE,OPERACION_DIARIA-CRITICA-N03,OPERACION_DIARIA,CRITICA,3,RECOCIDO_SIMULADO,55,30,100,retrasoHoras,10.964556,11.323333,2.56252,4.985,20.623333
BASE,OPERACION_DIARIA-CRITICA-N03,OPERACION_DIARIA,CRITICA,3,RECOCIDO_SIMULADO,55,30,100,tiempoAtencionHoras,343.46,344.369167,10.906322,305.686667,361.108333
BASE,OPERACION_DIARIA-CRITICA-N03,OPERACION_DIARIA,CRITICA,3,RECOCIDO_SIMULADO,55,30,100,noAsignados,4.633333,5,1.188547,3,9
BASE,OPERACION_DIARIA-CRITICA-N03,OPERACION_DIARIA,CRITICA,3,RECOCIDO_SIMULADO,55,30,100,costo,16824.666667,16665,655.136381,15554,18202
BASE,OPERACION_DIARIA-CRITICA-N03,OPERACION_DIARIA,CRITICA,3,RECOCIDO_SIMULADO,55,30,100,distanciaKm,2706.4,2709,148.539928,2388,2948
BASE,OPERACION_DIARIA-CRITICA-N03,OPERACION_DIARIA,CRITICA,3,RECOCIDO_SIMULADO,55,30,100,utilizacionPct,85.337302,84.52381,2.956558,89.880952,75.892857
BASE,OPERACION_DIARIA-CRITICA-N03,OPERACION_DIARIA,CRITICA,3,RECOCIDO_SIMULADO,55,30,100,tiempoReplanificacionMs,22.579297,21.51305,11.236052,4.0377,45.0133
BASE,OPERACION_DIARIA-CRITICA-N03,OPERACION_DIARIA,CRITICA,3,RECOCIDO_SIMULADO,55,30,100,tasaReplanificacionExitosaPct,0,0,,0,0
BASE,SIMULACION_CINCO_DIAS-NORMAL-N01,SIMULACION_CINCO_DIAS,NORMAL,1,GENETICO,125,30,100,objetivo,465165.416056,466386.594167,9368.830078,443328.576667,480981.03
BASE,SIMULACION_CINCO_DIAS-NORMAL-N01,SIMULACION_CINCO_DIAS,NORMAL,1,GENETICO,125,30,100,tiempoMs,1591.39816,1573.8321,107.133549,1369.683,1914.6507
BASE,SIMULACION_CINCO_DIAS-NORMAL-N01,SIMULACION_CINCO_DIAS,NORMAL,1,GENETICO,125,30,100,evaluaciones,9060,9060,0,9060,9060
BASE,SIMULACION_CINCO_DIAS-NORMAL-N01,SIMULACION_CINCO_DIAS,NORMAL,1,GENETICO,125,30,100,cumplimientoPct,22.32,22.4,1.334528,24.8,20
BASE,SIMULACION_CINCO_DIAS-NORMAL-N01,SIMULACION_CINCO_DIAS,NORMAL,1,GENETICO,125,30,100,cumplimientoPrioritariosPct,15.225225,14.864865,1.736145,17.567568,12.162162
BASE,SIMULACION_CINCO_DIAS-NORMAL-N01,SIMULACION_CINCO_DIAS,NORMAL,1,GENETICO,125,30,100,retrasoHoras,2315.579278,2320.715,104.130955,2048.505,2518.713333
BASE,SIMULACION_CINCO_DIAS-NORMAL-N01,SIMULACION_CINCO_DIAS,NORMAL,1,GENETICO,125,30,100,tiempoAtencionHoras,3774.154944,3769.706667,129.648072,3478.076667,4109.696667
BASE,SIMULACION_CINCO_DIAS-NORMAL-N01,SIMULACION_CINCO_DIAS,NORMAL,1,GENETICO,125,30,100,noAsignados,45.966667,46,1.129032,44,48
BASE,SIMULACION_CINCO_DIAS-NORMAL-N01,SIMULACION_CINCO_DIAS,NORMAL,1,GENETICO,125,30,100,costo,21555.2,21390,903.610322,20258,23738
BASE,SIMULACION_CINCO_DIAS-NORMAL-N01,SIMULACION_CINCO_DIAS,NORMAL,1,GENETICO,125,30,100,distanciaKm,3544.466667,3518,139.431044,3320,3872
BASE,SIMULACION_CINCO_DIAS-NORMAL-N01,SIMULACION_CINCO_DIAS,NORMAL,1,GENETICO,125,30,100,utilizacionPct,92.761438,93.259804,2.008519,97.794118,89.705882
BASE,SIMULACION_CINCO_DIAS-NORMAL-N01,SIMULACION_CINCO_DIAS,NORMAL,1,RECOCIDO_SIMULADO,125,30,100,objetivo,618996.499333,618149.8425,2244.801159,612967.158333,623464.745
BASE,SIMULACION_CINCO_DIAS-NORMAL-N01,SIMULACION_CINCO_DIAS,NORMAL,1,RECOCIDO_SIMULADO,125,30,100,tiempoMs,388.335447,387.6597,18.282512,365.4002,466.6775
BASE,SIMULACION_CINCO_DIAS-NORMAL-N01,SIMULACION_CINCO_DIAS,NORMAL,1,RECOCIDO_SIMULADO,125,30,100,evaluaciones,4733,4721,130.526784,4501,4941
BASE,SIMULACION_CINCO_DIAS-NORMAL-N01,SIMULACION_CINCO_DIAS,NORMAL,1,RECOCIDO_SIMULADO,125,30,100,cumplimientoPct,8.88,8.8,0.384528,9.6,8
BASE,SIMULACION_CINCO_DIAS-NORMAL-N01,SIMULACION_CINCO_DIAS,NORMAL,1,RECOCIDO_SIMULADO,125,30,100,cumplimientoPrioritariosPct,8.063063,8.108108,0.432219,9.459459,6.756757
BASE,SIMULACION_CINCO_DIAS-NORMAL-N01,SIMULACION_CINCO_DIAS,NORMAL,1,RECOCIDO_SIMULADO,125,30,100,retrasoHoras,4062.707167,4057.170833,10.51128,4048.178333,4079.058333
BASE,SIMULACION_CINCO_DIAS-NORMAL-N01,SIMULACION_CINCO_DIAS,NORMAL,1,RECOCIDO_SIMULADO,125,30,100,tiempoAtencionHoras,5559.116,5563.028333,29.26566,5515.06,5618.325
BASE,SIMULACION_CINCO_DIAS-NORMAL-N01,SIMULACION_CINCO_DIAS,NORMAL,1,RECOCIDO_SIMULADO,125,30,100,noAsignados,41.433333,41,0.568321,40,42
BASE,SIMULACION_CINCO_DIAS-NORMAL-N01,SIMULACION_CINCO_DIAS,NORMAL,1,RECOCIDO_SIMULADO,125,30,100,costo,22726,22754,731.820404,21292,24466
BASE,SIMULACION_CINCO_DIAS-NORMAL-N01,SIMULACION_CINCO_DIAS,NORMAL,1,RECOCIDO_SIMULADO,125,30,100,distanciaKm,3708.133333,3711,109.957902,3482,3976
BASE,SIMULACION_CINCO_DIAS-NORMAL-N01,SIMULACION_CINCO_DIAS,NORMAL,1,RECOCIDO_SIMULADO,125,30,100,utilizacionPct,96.707516,97.058824,0.73581,98.529412,95.833333
BASE,SIMULACION_CINCO_DIAS-NORMAL-N02,SIMULACION_CINCO_DIAS,NORMAL,2,GENETICO,125,30,100,objetivo,458386.146833,458885.0425,8220.513662,439159.435,476209.446667
BASE,SIMULACION_CINCO_DIAS-NORMAL-N02,SIMULACION_CINCO_DIAS,NORMAL,2,GENETICO,125,30,100,tiempoMs,1551.301553,1558.0317,95.10983,1408.6869,1807.4939
BASE,SIMULACION_CINCO_DIAS-NORMAL-N02,SIMULACION_CINCO_DIAS,NORMAL,2,GENETICO,125,30,100,evaluaciones,9060,9060,0,9060,9060
BASE,SIMULACION_CINCO_DIAS-NORMAL-N02,SIMULACION_CINCO_DIAS,NORMAL,2,GENETICO,125,30,100,cumplimientoPct,21.546667,21.6,1.04905,23.2,19.2
BASE,SIMULACION_CINCO_DIAS-NORMAL-N02,SIMULACION_CINCO_DIAS,NORMAL,2,GENETICO,125,30,100,cumplimientoPrioritariosPct,13.71308,13.924051,1.761624,17.721519,10.126582
BASE,SIMULACION_CINCO_DIAS-NORMAL-N02,SIMULACION_CINCO_DIAS,NORMAL,2,GENETICO,125,30,100,retrasoHoras,2137.282611,2141.965,101.413788,1810.24,2339.293333
BASE,SIMULACION_CINCO_DIAS-NORMAL-N02,SIMULACION_CINCO_DIAS,NORMAL,2,GENETICO,125,30,100,tiempoAtencionHoras,3491.219056,3506.299167,130.336712,3135.435,3781.556667
BASE,SIMULACION_CINCO_DIAS-NORMAL-N02,SIMULACION_CINCO_DIAS,NORMAL,2,GENETICO,125,30,100,noAsignados,48.233333,48,1.165106,46,51
BASE,SIMULACION_CINCO_DIAS-NORMAL-N02,SIMULACION_CINCO_DIAS,NORMAL,2,GENETICO,125,30,100,costo,21158.333333,21091,701.87062,19966,22668
BASE,SIMULACION_CINCO_DIAS-NORMAL-N02,SIMULACION_CINCO_DIAS,NORMAL,2,GENETICO,125,30,100,distanciaKm,3433.066667,3436,87.065149,3252,3572
BASE,SIMULACION_CINCO_DIAS-NORMAL-N02,SIMULACION_CINCO_DIAS,NORMAL,2,GENETICO,125,30,100,utilizacionPct,93.063725,93.014706,1.440919,95.833333,90.686275
BASE,SIMULACION_CINCO_DIAS-NORMAL-N02,SIMULACION_CINCO_DIAS,NORMAL,2,RECOCIDO_SIMULADO,125,30,100,objetivo,625937.903222,625976.805833,2468.633502,619690.523333,629897.495
BASE,SIMULACION_CINCO_DIAS-NORMAL-N02,SIMULACION_CINCO_DIAS,NORMAL,2,RECOCIDO_SIMULADO,125,30,100,tiempoMs,400.343923,400.2526,13.352794,366.1693,425.5569
BASE,SIMULACION_CINCO_DIAS-NORMAL-N02,SIMULACION_CINCO_DIAS,NORMAL,2,RECOCIDO_SIMULADO,125,30,100,evaluaciones,4603.666667,4601,145.054885,4221,4901
BASE,SIMULACION_CINCO_DIAS-NORMAL-N02,SIMULACION_CINCO_DIAS,NORMAL,2,RECOCIDO_SIMULADO,125,30,100,cumplimientoPct,6.933333,7.2,0.383571,7.2,6.4
BASE,SIMULACION_CINCO_DIAS-NORMAL-N02,SIMULACION_CINCO_DIAS,NORMAL,2,RECOCIDO_SIMULADO,125,30,100,cumplimientoPrioritariosPct,2.067511,2.531646,0.620421,2.531646,1.265823
BASE,SIMULACION_CINCO_DIAS-NORMAL-N02,SIMULACION_CINCO_DIAS,NORMAL,2,RECOCIDO_SIMULADO,125,30,100,retrasoHoras,3940.409778,3942.956667,15.086777,3914.673333,3968.603333
BASE,SIMULACION_CINCO_DIAS-NORMAL-N02,SIMULACION_CINCO_DIAS,NORMAL,2,RECOCIDO_SIMULADO,125,30,100,tiempoAtencionHoras,5396.925444,5393.318333,26.153439,5357.288333,5445.666667
BASE,SIMULACION_CINCO_DIAS-NORMAL-N02,SIMULACION_CINCO_DIAS,NORMAL,2,RECOCIDO_SIMULADO,125,30,100,noAsignados,45.3,45,0.595963,44,46
BASE,SIMULACION_CINCO_DIAS-NORMAL-N02,SIMULACION_CINCO_DIAS,NORMAL,2,RECOCIDO_SIMULADO,125,30,100,costo,21737.2,21806,572.789568,20394,23326
BASE,SIMULACION_CINCO_DIAS-NORMAL-N02,SIMULACION_CINCO_DIAS,NORMAL,2,RECOCIDO_SIMULADO,125,30,100,distanciaKm,3562.533333,3557,106.135805,3378,3876
BASE,SIMULACION_CINCO_DIAS-NORMAL-N02,SIMULACION_CINCO_DIAS,NORMAL,2,RECOCIDO_SIMULADO,125,30,100,utilizacionPct,97.44281,97.54902,0.74142,99.019608,96.323529
BASE,SIMULACION_CINCO_DIAS-NORMAL-N03,SIMULACION_CINCO_DIAS,NORMAL,3,GENETICO,125,30,100,objetivo,427699.974611,428849.975,8001.517154,409446.386667,439404.101667
BASE,SIMULACION_CINCO_DIAS-NORMAL-N03,SIMULACION_CINCO_DIAS,NORMAL,3,GENETICO,125,30,100,tiempoMs,1447.893453,1455.4195,101.13146,1259.5736,1665.182
BASE,SIMULACION_CINCO_DIAS-NORMAL-N03,SIMULACION_CINCO_DIAS,NORMAL,3,GENETICO,125,30,100,evaluaciones,9060,9060,0,9060,9060
BASE,SIMULACION_CINCO_DIAS-NORMAL-N03,SIMULACION_CINCO_DIAS,NORMAL,3,GENETICO,125,30,100,cumplimientoPct,24.213333,24,1.936177,28,20
BASE,SIMULACION_CINCO_DIAS-NORMAL-N03,SIMULACION_CINCO_DIAS,NORMAL,3,GENETICO,125,30,100,cumplimientoPrioritariosPct,13.285024,13.043478,2.317695,17.391304,8.695652
BASE,SIMULACION_CINCO_DIAS-NORMAL-N03,SIMULACION_CINCO_DIAS,NORMAL,3,GENETICO,125,30,100,retrasoHoras,2328.383667,2327.565833,121.665807,2008.716667,2529.268333
BASE,SIMULACION_CINCO_DIAS-NORMAL-N03,SIMULACION_CINCO_DIAS,NORMAL,3,GENETICO,125,30,100,tiempoAtencionHoras,4028.274611,4033.141667,173.349166,3574.72,4365.623333
BASE,SIMULACION_CINCO_DIAS-NORMAL-N03,SIMULACION_CINCO_DIAS,NORMAL,3,GENETICO,125,30,100,noAsignados,38.166667,38,1.205829,36,41
BASE,SIMULACION_CINCO_DIAS-NORMAL-N03,SIMULACION_CINCO_DIAS,NORMAL,3,GENETICO,125,30,100,costo,22327.4,22366,894.777206,20560,24340
BASE,SIMULACION_CINCO_DIAS-NORMAL-N03,SIMULACION_CINCO_DIAS,NORMAL,3,GENETICO,125,30,100,distanciaKm,3590.4,3586,123.544659,3380,3836
BASE,SIMULACION_CINCO_DIAS-NORMAL-N03,SIMULACION_CINCO_DIAS,NORMAL,3,GENETICO,125,30,100,utilizacionPct,95.416667,95.625,1.475859,98.25,93
BASE,SIMULACION_CINCO_DIAS-NORMAL-N03,SIMULACION_CINCO_DIAS,NORMAL,3,RECOCIDO_SIMULADO,125,30,100,objetivo,588982.502444,587402.614167,2415.400082,586817.853333,592414.713333
BASE,SIMULACION_CINCO_DIAS-NORMAL-N03,SIMULACION_CINCO_DIAS,NORMAL,3,RECOCIDO_SIMULADO,125,30,100,tiempoMs,358.334463,357.0942,10.666052,336.8266,380.887
BASE,SIMULACION_CINCO_DIAS-NORMAL-N03,SIMULACION_CINCO_DIAS,NORMAL,3,RECOCIDO_SIMULADO,125,30,100,evaluaciones,4829,4861,129.678648,4581,5061
BASE,SIMULACION_CINCO_DIAS-NORMAL-N03,SIMULACION_CINCO_DIAS,NORMAL,3,RECOCIDO_SIMULADO,125,30,100,cumplimientoPct,9.493333,9.6,0.545156,10.4,8.8
BASE,SIMULACION_CINCO_DIAS-NORMAL-N03,SIMULACION_CINCO_DIAS,NORMAL,3,RECOCIDO_SIMULADO,125,30,100,cumplimientoPrioritariosPct,3.52657,2.898551,0.730445,4.347826,2.898551
BASE,SIMULACION_CINCO_DIAS-NORMAL-N03,SIMULACION_CINCO_DIAS,NORMAL,3,RECOCIDO_SIMULADO,125,30,100,retrasoHoras,4062.924833,4062.854167,2.438544,4059.441667,4068.96
BASE,SIMULACION_CINCO_DIAS-NORMAL-N03,SIMULACION_CINCO_DIAS,NORMAL,3,RECOCIDO_SIMULADO,125,30,100,tiempoAtencionHoras,5856.685778,5865.4325,18.528158,5827.38,5881.19
BASE,SIMULACION_CINCO_DIAS-NORMAL-N03,SIMULACION_CINCO_DIAS,NORMAL,3,RECOCIDO_SIMULADO,125,30,100,noAsignados,35.366667,35,0.490133,35,36
BASE,SIMULACION_CINCO_DIAS-NORMAL-N03,SIMULACION_CINCO_DIAS,NORMAL,3,RECOCIDO_SIMULADO,125,30,100,costo,21891.266667,21890,430.264548,21158,22794
BASE,SIMULACION_CINCO_DIAS-NORMAL-N03,SIMULACION_CINCO_DIAS,NORMAL,3,RECOCIDO_SIMULADO,125,30,100,distanciaKm,3560.8,3549,73.295999,3426,3744
BASE,SIMULACION_CINCO_DIAS-NORMAL-N03,SIMULACION_CINCO_DIAS,NORMAL,3,RECOCIDO_SIMULADO,125,30,100,utilizacionPct,99.475,99.75,0.367599,99.75,99
BASE,SIMULACION_CINCO_DIAS-ALTA-N01,SIMULACION_CINCO_DIAS,ALTA,1,GENETICO,190,30,100,objetivo,751692.744778,750030.685,15032.147115,711212.04,776549.53
BASE,SIMULACION_CINCO_DIAS-ALTA-N01,SIMULACION_CINCO_DIAS,ALTA,1,GENETICO,190,30,100,tiempoMs,2737.209777,2763.829,121.831467,2492.7686,2952.4195
BASE,SIMULACION_CINCO_DIAS-ALTA-N01,SIMULACION_CINCO_DIAS,ALTA,1,GENETICO,190,30,100,evaluaciones,9060,9060,0,9060,9060
BASE,SIMULACION_CINCO_DIAS-ALTA-N01,SIMULACION_CINCO_DIAS,ALTA,1,GENETICO,190,30,100,cumplimientoPct,18.859649,18.684211,1.732317,22.105263,13.684211
BASE,SIMULACION_CINCO_DIAS-ALTA-N01,SIMULACION_CINCO_DIAS,ALTA,1,GENETICO,190,30,100,cumplimientoPrioritariosPct,11.549708,11.403509,1.872652,14.912281,7.894737
BASE,SIMULACION_CINCO_DIAS-ALTA-N01,SIMULACION_CINCO_DIAS,ALTA,1,GENETICO,190,30,100,retrasoHoras,2733.715389,2745.825833,160.144272,2371.435,3027.988333
BASE,SIMULACION_CINCO_DIAS-ALTA-N01,SIMULACION_CINCO_DIAS,ALTA,1,GENETICO,190,30,100,tiempoAtencionHoras,4487.872556,4520.723333,196.382503,4068.54,4908.715
BASE,SIMULACION_CINCO_DIAS-ALTA-N01,SIMULACION_CINCO_DIAS,ALTA,1,GENETICO,190,30,100,noAsignados,94.766667,95,1.304722,91,98
BASE,SIMULACION_CINCO_DIAS-ALTA-N01,SIMULACION_CINCO_DIAS,ALTA,1,GENETICO,190,30,100,costo,24029.8,24106,1456.886368,20844,27116
BASE,SIMULACION_CINCO_DIAS-ALTA-N01,SIMULACION_CINCO_DIAS,ALTA,1,GENETICO,190,30,100,distanciaKm,3997.8,3995,195.473148,3490,4370
BASE,SIMULACION_CINCO_DIAS-ALTA-N01,SIMULACION_CINCO_DIAS,ALTA,1,GENETICO,190,30,100,utilizacionPct,96.952614,97.058824,1.312312,99.264706,94.117647
BASE,SIMULACION_CINCO_DIAS-ALTA-N01,SIMULACION_CINCO_DIAS,ALTA,1,RECOCIDO_SIMULADO,190,30,100,objetivo,1005553.274278,1005135.284167,3021.120319,1000324.013333,1012762.668333
BASE,SIMULACION_CINCO_DIAS-ALTA-N01,SIMULACION_CINCO_DIAS,ALTA,1,RECOCIDO_SIMULADO,190,30,100,tiempoMs,813.912213,811.73535,27.355658,760.8957,881.0332
BASE,SIMULACION_CINCO_DIAS-ALTA-N01,SIMULACION_CINCO_DIAS,ALTA,1,RECOCIDO_SIMULADO,190,30,100,evaluaciones,4839.666667,4821,115.899282,4581,5061
BASE,SIMULACION_CINCO_DIAS-ALTA-N01,SIMULACION_CINCO_DIAS,ALTA,1,RECOCIDO_SIMULADO,190,30,100,cumplimientoPct,7.403509,7.368421,0.585319,8.421053,6.315789
BASE,SIMULACION_CINCO_DIAS-ALTA-N01,SIMULACION_CINCO_DIAS,ALTA,1,RECOCIDO_SIMULADO,190,30,100,cumplimientoPrioritariosPct,5.789474,6.140351,0.675554,7.017544,4.385965
BASE,SIMULACION_CINCO_DIAS-ALTA-N01,SIMULACION_CINCO_DIAS,ALTA,1,RECOCIDO_SIMULADO,190,30,100,retrasoHoras,5440.067222,5436.618333,17.098573,5415.491667,5477.765
BASE,SIMULACION_CINCO_DIAS-ALTA-N01,SIMULACION_CINCO_DIAS,ALTA,1,RECOCIDO_SIMULADO,190,30,100,tiempoAtencionHoras,7213.218722,7202.243333,27.175739,7176.246667,7272
BASE,SIMULACION_CINCO_DIAS-ALTA-N01,SIMULACION_CINCO_DIAS,ALTA,1,RECOCIDO_SIMULADO,190,30,100,noAsignados,90.866667,91,0.507416,90,92
BASE,SIMULACION_CINCO_DIAS-ALTA-N01,SIMULACION_CINCO_DIAS,ALTA,1,RECOCIDO_SIMULADO,190,30,100,costo,22883,22981,698.159897,21756,24742
BASE,SIMULACION_CINCO_DIAS-ALTA-N01,SIMULACION_CINCO_DIAS,ALTA,1,RECOCIDO_SIMULADO,190,30,100,distanciaKm,3900.866667,3896,120.60272,3688,4176
BASE,SIMULACION_CINCO_DIAS-ALTA-N01,SIMULACION_CINCO_DIAS,ALTA,1,RECOCIDO_SIMULADO,190,30,100,utilizacionPct,99.583333,99.509804,0.309693,100,98.77451
BASE,SIMULACION_CINCO_DIAS-ALTA-N02,SIMULACION_CINCO_DIAS,ALTA,2,GENETICO,190,30,100,objetivo,741079.75,739549.375,12404.980083,722042.468333,768033.065
BASE,SIMULACION_CINCO_DIAS-ALTA-N02,SIMULACION_CINCO_DIAS,ALTA,2,GENETICO,190,30,100,tiempoMs,2656.25795,2653.6216,62.082947,2554.6752,2774.073
BASE,SIMULACION_CINCO_DIAS-ALTA-N02,SIMULACION_CINCO_DIAS,ALTA,2,GENETICO,190,30,100,evaluaciones,9060,9060,0,9060,9060
BASE,SIMULACION_CINCO_DIAS-ALTA-N02,SIMULACION_CINCO_DIAS,ALTA,2,GENETICO,190,30,100,cumplimientoPct,16.105263,16.315789,1.46014,18.421053,13.157895
BASE,SIMULACION_CINCO_DIAS-ALTA-N02,SIMULACION_CINCO_DIAS,ALTA,2,GENETICO,190,30,100,cumplimientoPrioritariosPct,11.176471,10.92437,1.887453,15.966387,7.563025
BASE,SIMULACION_CINCO_DIAS-ALTA-N02,SIMULACION_CINCO_DIAS,ALTA,2,GENETICO,190,30,100,retrasoHoras,2250.922056,2233.095833,152.561886,1936.313333,2573.703333
BASE,SIMULACION_CINCO_DIAS-ALTA-N02,SIMULACION_CINCO_DIAS,ALTA,2,GENETICO,190,30,100,tiempoAtencionHoras,3820.877778,3843.758333,204.42511,3411.135,4331.395
BASE,SIMULACION_CINCO_DIAS-ALTA-N02,SIMULACION_CINCO_DIAS,ALTA,2,GENETICO,190,30,100,noAsignados,102.433333,102.5,1.612095,100,105
BASE,SIMULACION_CINCO_DIAS-ALTA-N02,SIMULACION_CINCO_DIAS,ALTA,2,GENETICO,190,30,100,costo,22452.733333,22476,986.718348,20782,24572
BASE,SIMULACION_CINCO_DIAS-ALTA-N02,SIMULACION_CINCO_DIAS,ALTA,2,GENETICO,190,30,100,distanciaKm,3670.6,3660,152.189673,3384,3956
BASE,SIMULACION_CINCO_DIAS-ALTA-N02,SIMULACION_CINCO_DIAS,ALTA,2,GENETICO,190,30,100,utilizacionPct,97.5,97.54902,0.897437,98.77451,95.833333
BASE,SIMULACION_CINCO_DIAS-ALTA-N02,SIMULACION_CINCO_DIAS,ALTA,2,RECOCIDO_SIMULADO,190,30,100,objetivo,1005041.301778,1006016.574167,2057.882804,1000726.958333,1006928.123333
BASE,SIMULACION_CINCO_DIAS-ALTA-N02,SIMULACION_CINCO_DIAS,ALTA,2,RECOCIDO_SIMULADO,190,30,100,tiempoMs,821.127473,821.01955,29.566226,758.9891,885.2934
BASE,SIMULACION_CINCO_DIAS-ALTA-N02,SIMULACION_CINCO_DIAS,ALTA,2,RECOCIDO_SIMULADO,190,30,100,evaluaciones,4598.333333,4581,146.944356,4301,4941
BASE,SIMULACION_CINCO_DIAS-ALTA-N02,SIMULACION_CINCO_DIAS,ALTA,2,RECOCIDO_SIMULADO,190,30,100,cumplimientoPct,3.789474,3.684211,0.214125,4.210526,3.684211
BASE,SIMULACION_CINCO_DIAS-ALTA-N02,SIMULACION_CINCO_DIAS,ALTA,2,RECOCIDO_SIMULADO,190,30,100,cumplimientoPrioritariosPct,0.840336,0.840336,0,0.840336,0.840336
BASE,SIMULACION_CINCO_DIAS-ALTA-N02,SIMULACION_CINCO_DIAS,ALTA,2,RECOCIDO_SIMULADO,190,30,100,retrasoHoras,4895.557667,4894.8175,3.013383,4890.626667,4902.768333
BASE,SIMULACION_CINCO_DIAS-ALTA-N02,SIMULACION_CINCO_DIAS,ALTA,2,RECOCIDO_SIMULADO,190,30,100,tiempoAtencionHoras,6652.201778,6645.801667,14.832329,6636.04,6683.83
BASE,SIMULACION_CINCO_DIAS-ALTA-N02,SIMULACION_CINCO_DIAS,ALTA,2,RECOCIDO_SIMULADO,190,30,100,noAsignados,101.766667,102,0.430183,101,102
BASE,SIMULACION_CINCO_DIAS-ALTA-N02,SIMULACION_CINCO_DIAS,ALTA,2,RECOCIDO_SIMULADO,190,30,100,costo,20677.466667,20617,462.989367,19598,21610
BASE,SIMULACION_CINCO_DIAS-ALTA-N02,SIMULACION_CINCO_DIAS,ALTA,2,RECOCIDO_SIMULADO,190,30,100,distanciaKm,3484,3474,85.015212,3310,3644
BASE,SIMULACION_CINCO_DIAS-ALTA-N02,SIMULACION_CINCO_DIAS,ALTA,2,RECOCIDO_SIMULADO,190,30,100,utilizacionPct,98.946078,98.77451,0.316311,99.509804,98.77451
BASE,SIMULACION_CINCO_DIAS-ALTA-N03,SIMULACION_CINCO_DIAS,ALTA,3,GENETICO,190,30,100,objetivo,708898.691444,709290.4675,12274.090985,691144.521667,733737.813333
BASE,SIMULACION_CINCO_DIAS-ALTA-N03,SIMULACION_CINCO_DIAS,ALTA,3,GENETICO,190,30,100,tiempoMs,2521.093557,2506.2838,83.47599,2355.5147,2703.8598
BASE,SIMULACION_CINCO_DIAS-ALTA-N03,SIMULACION_CINCO_DIAS,ALTA,3,GENETICO,190,30,100,evaluaciones,9060,9060,0,9060,9060
BASE,SIMULACION_CINCO_DIAS-ALTA-N03,SIMULACION_CINCO_DIAS,ALTA,3,GENETICO,190,30,100,cumplimientoPct,19.947368,20,0.951092,21.578947,18.421053
BASE,SIMULACION_CINCO_DIAS-ALTA-N03,SIMULACION_CINCO_DIAS,ALTA,3,GENETICO,190,30,100,cumplimientoPrioritariosPct,11.010101,11.111111,1.68501,15.151515,8.080808
BASE,SIMULACION_CINCO_DIAS-ALTA-N03,SIMULACION_CINCO_DIAS,ALTA,3,GENETICO,190,30,100,retrasoHoras,2564.526556,2512.651667,186.853565,2257.361667,2937.193333
BASE,SIMULACION_CINCO_DIAS-ALTA-N03,SIMULACION_CINCO_DIAS,ALTA,3,GENETICO,190,30,100,tiempoAtencionHoras,4612.702556,4606.130833,232.35283,4264.12,5039.205
BASE,SIMULACION_CINCO_DIAS-ALTA-N03,SIMULACION_CINCO_DIAS,ALTA,3,GENETICO,190,30,100,noAsignados,89.566667,90,2.344227,85,94
BASE,SIMULACION_CINCO_DIAS-ALTA-N03,SIMULACION_CINCO_DIAS,ALTA,3,GENETICO,190,30,100,costo,25091.666667,25155,1637.216568,22254,28980
BASE,SIMULACION_CINCO_DIAS-ALTA-N03,SIMULACION_CINCO_DIAS,ALTA,3,GENETICO,190,30,100,distanciaKm,4078.8,4014,243.64338,3630,4630
BASE,SIMULACION_CINCO_DIAS-ALTA-N03,SIMULACION_CINCO_DIAS,ALTA,3,GENETICO,190,30,100,utilizacionPct,98.316667,98.125,0.90956,100,96.25
BASE,SIMULACION_CINCO_DIAS-ALTA-N03,SIMULACION_CINCO_DIAS,ALTA,3,RECOCIDO_SIMULADO,190,30,100,objetivo,1022865.477222,1022788.815,393.893312,1022091.115,1023651.203333
BASE,SIMULACION_CINCO_DIAS-ALTA-N03,SIMULACION_CINCO_DIAS,ALTA,3,RECOCIDO_SIMULADO,190,30,100,tiempoMs,796.35905,800.6963,28.160526,729.6234,850.4717
BASE,SIMULACION_CINCO_DIAS-ALTA-N03,SIMULACION_CINCO_DIAS,ALTA,3,RECOCIDO_SIMULADO,190,30,100,evaluaciones,4686.333333,4741,184.796875,4301,4981
BASE,SIMULACION_CINCO_DIAS-ALTA-N03,SIMULACION_CINCO_DIAS,ALTA,3,RECOCIDO_SIMULADO,190,30,100,cumplimientoPct,3.421053,3.684211,0.301238,3.684211,2.631579
BASE,SIMULACION_CINCO_DIAS-ALTA-N03,SIMULACION_CINCO_DIAS,ALTA,3,RECOCIDO_SIMULADO,190,30,100,cumplimientoPrioritariosPct,0.942761,1.010101,0.256271,1.010101,0
BASE,SIMULACION_CINCO_DIAS-ALTA-N03,SIMULACION_CINCO_DIAS,ALTA,3,RECOCIDO_SIMULADO,190,30,100,retrasoHoras,5355.518778,5354.760833,3.889769,5347.856667,5363.231667
BASE,SIMULACION_CINCO_DIAS-ALTA-N03,SIMULACION_CINCO_DIAS,ALTA,3,RECOCIDO_SIMULADO,190,30,100,tiempoAtencionHoras,7313.599444,7312.948333,5.945337,7305.105,7328.036667
BASE,SIMULACION_CINCO_DIAS-ALTA-N03,SIMULACION_CINCO_DIAS,ALTA,3,RECOCIDO_SIMULADO,190,30,100,noAsignados,96,96,0,96,96
BASE,SIMULACION_CINCO_DIAS-ALTA-N03,SIMULACION_CINCO_DIAS,ALTA,3,RECOCIDO_SIMULADO,190,30,100,costo,23100.733333,23039,384.031781,22258,23668
BASE,SIMULACION_CINCO_DIAS-ALTA-N03,SIMULACION_CINCO_DIAS,ALTA,3,RECOCIDO_SIMULADO,190,30,100,distanciaKm,3835.6,3828,65.329721,3706,3960
BASE,SIMULACION_CINCO_DIAS-ALTA-N03,SIMULACION_CINCO_DIAS,ALTA,3,RECOCIDO_SIMULADO,190,30,100,utilizacionPct,99.75,99.75,0,99.75,99.75
BASE,SIMULACION_CINCO_DIAS-CRITICA-N01,SIMULACION_CINCO_DIAS,CRITICA,1,GENETICO,275,30,100,objetivo,1151958.129167,1150621.451667,19080.730852,1120083.62,1200553.331667
BASE,SIMULACION_CINCO_DIAS-CRITICA-N01,SIMULACION_CINCO_DIAS,CRITICA,1,GENETICO,275,30,100,tiempoMs,4263.13261,4254.09685,73.442517,4115.5112,4430.0605
BASE,SIMULACION_CINCO_DIAS-CRITICA-N01,SIMULACION_CINCO_DIAS,CRITICA,1,GENETICO,275,30,100,evaluaciones,9060,9060,0,9060,9060
BASE,SIMULACION_CINCO_DIAS-CRITICA-N01,SIMULACION_CINCO_DIAS,CRITICA,1,GENETICO,275,30,100,cumplimientoPct,13.6,13.454545,1.311457,16,10.909091
BASE,SIMULACION_CINCO_DIAS-CRITICA-N01,SIMULACION_CINCO_DIAS,CRITICA,1,GENETICO,275,30,100,cumplimientoPrioritariosPct,9.434343,9.69697,1.540505,13.939394,6.666667
BASE,SIMULACION_CINCO_DIAS-CRITICA-N01,SIMULACION_CINCO_DIAS,CRITICA,1,GENETICO,275,30,100,retrasoHoras,2477.300389,2449.883333,228.856472,2091.963333,2943.256667
BASE,SIMULACION_CINCO_DIAS-CRITICA-N01,SIMULACION_CINCO_DIAS,CRITICA,1,GENETICO,275,30,100,tiempoAtencionHoras,4228.090278,4265.795,295.67752,3632.755,4827.93
BASE,SIMULACION_CINCO_DIAS-CRITICA-N01,SIMULACION_CINCO_DIAS,CRITICA,1,GENETICO,275,30,100,noAsignados,180,180,2.947822,173,186
BASE,SIMULACION_CINCO_DIAS-CRITICA-N01,SIMULACION_CINCO_DIAS,CRITICA,1,GENETICO,275,30,100,costo,24279.933333,23824,1578.637866,22008,28010
BASE,SIMULACION_CINCO_DIAS-CRITICA-N01,SIMULACION_CINCO_DIAS,CRITICA,1,GENETICO,275,30,100,distanciaKm,4093.2,4030,250.671705,3726,4746
BASE,SIMULACION_CINCO_DIAS-CRITICA-N01,SIMULACION_CINCO_DIAS,CRITICA,1,GENETICO,275,30,100,utilizacionPct,99.175347,99.479167,0.755637,100,97.916667
BASE,SIMULACION_CINCO_DIAS-CRITICA-N01,SIMULACION_CINCO_DIAS,CRITICA,1,RECOCIDO_SIMULADO,275,30,100,objetivo,1563532.450889,1561775.796667,2131.834296,1561369.445,1565878.186667
BASE,SIMULACION_CINCO_DIAS-CRITICA-N01,SIMULACION_CINCO_DIAS,CRITICA,1,RECOCIDO_SIMULADO,275,30,100,tiempoMs,1398.00755,1389.4599,58.746667,1275.9099,1503.2107
BASE,SIMULACION_CINCO_DIAS-CRITICA-N01,SIMULACION_CINCO_DIAS,CRITICA,1,RECOCIDO_SIMULADO,275,30,100,evaluaciones,4534.333333,4501,176.113861,4141,4901
BASE,SIMULACION_CINCO_DIAS-CRITICA-N01,SIMULACION_CINCO_DIAS,CRITICA,1,RECOCIDO_SIMULADO,275,30,100,cumplimientoPct,0.230303,0.363636,0.17823,0.363636,0
BASE,SIMULACION_CINCO_DIAS-CRITICA-N01,SIMULACION_CINCO_DIAS,CRITICA,1,RECOCIDO_SIMULADO,275,30,100,cumplimientoPrioritariosPct,0.383838,0.606061,0.29705,0.606061,0
BASE,SIMULACION_CINCO_DIAS-CRITICA-N01,SIMULACION_CINCO_DIAS,CRITICA,1,RECOCIDO_SIMULADO,275,30,100,retrasoHoras,6383.160444,6384.945,4.399581,6378.21,6389.023333
BASE,SIMULACION_CINCO_DIAS-CRITICA-N01,SIMULACION_CINCO_DIAS,CRITICA,1,RECOCIDO_SIMULADO,275,30,100,tiempoAtencionHoras,7883.073111,7876.463333,8.00103,7874.945,7892.853333
BASE,SIMULACION_CINCO_DIAS-CRITICA-N01,SIMULACION_CINCO_DIAS,CRITICA,1,RECOCIDO_SIMULADO,275,30,100,noAsignados,183.466667,183,0.507416,183,184
BASE,SIMULACION_CINCO_DIAS-CRITICA-N01,SIMULACION_CINCO_DIAS,CRITICA,1,RECOCIDO_SIMULADO,275,30,100,costo,23621.466667,23494,232.19429,23374,24046
BASE,SIMULACION_CINCO_DIAS-CRITICA-N01,SIMULACION_CINCO_DIAS,CRITICA,1,RECOCIDO_SIMULADO,275,30,100,distanciaKm,3924.266667,3913,24.032928,3892,3976
BASE,SIMULACION_CINCO_DIAS-CRITICA-N01,SIMULACION_CINCO_DIAS,CRITICA,1,RECOCIDO_SIMULADO,275,30,100,utilizacionPct,100,100,0,100,100
BASE,SIMULACION_CINCO_DIAS-CRITICA-N02,SIMULACION_CINCO_DIAS,CRITICA,2,GENETICO,275,30,100,objetivo,1147514.196833,1150383.970833,14493.758372,1119394.901667,1168703.103333
BASE,SIMULACION_CINCO_DIAS-CRITICA-N02,SIMULACION_CINCO_DIAS,CRITICA,2,GENETICO,275,30,100,tiempoMs,4189.41507,4183.498,55.049114,4071.4685,4336.9393
BASE,SIMULACION_CINCO_DIAS-CRITICA-N02,SIMULACION_CINCO_DIAS,CRITICA,2,GENETICO,275,30,100,evaluaciones,9060,9060,0,9060,9060
BASE,SIMULACION_CINCO_DIAS-CRITICA-N02,SIMULACION_CINCO_DIAS,CRITICA,2,GENETICO,275,30,100,cumplimientoPct,11.151515,11.090909,1.344873,13.818182,8
BASE,SIMULACION_CINCO_DIAS-CRITICA-N02,SIMULACION_CINCO_DIAS,CRITICA,2,GENETICO,275,30,100,cumplimientoPrioritariosPct,7.248996,7.831325,1.632483,11.445783,2.409639
BASE,SIMULACION_CINCO_DIAS-CRITICA-N02,SIMULACION_CINCO_DIAS,CRITICA,2,GENETICO,275,30,100,retrasoHoras,2353.621167,2332.693333,198.925409,2022.488333,2731.503333
BASE,SIMULACION_CINCO_DIAS-CRITICA-N02,SIMULACION_CINCO_DIAS,CRITICA,2,GENETICO,275,30,100,tiempoAtencionHoras,4152.080167,4139.080833,246.059576,3771.041667,4731.391667
BASE,SIMULACION_CINCO_DIAS-CRITICA-N02,SIMULACION_CINCO_DIAS,CRITICA,2,GENETICO,275,30,100,noAsignados,181.6,181.5,3.046762,176,189
BASE,SIMULACION_CINCO_DIAS-CRITICA-N02,SIMULACION_CINCO_DIAS,CRITICA,2,GENETICO,275,30,100,costo,22845.866667,22675,1140.592095,21128,25638
BASE,SIMULACION_CINCO_DIAS-CRITICA-N02,SIMULACION_CINCO_DIAS,CRITICA,2,GENETICO,275,30,100,distanciaKm,3804.733333,3791,185.392395,3500,4184
BASE,SIMULACION_CINCO_DIAS-CRITICA-N02,SIMULACION_CINCO_DIAS,CRITICA,2,GENETICO,275,30,100,utilizacionPct,99.097222,98.958333,0.672625,100,97.135417
BASE,SIMULACION_CINCO_DIAS-CRITICA-N02,SIMULACION_CINCO_DIAS,CRITICA,2,RECOCIDO_SIMULADO,275,30,100,objetivo,1501195.162389,1501194.901667,478.160649,1500158.87,1501931.056667
BASE,SIMULACION_CINCO_DIAS-CRITICA-N02,SIMULACION_CINCO_DIAS,CRITICA,2,RECOCIDO_SIMULADO,275,30,100,tiempoMs,1458.04511,1461.44955,31.349501,1385.2714,1513.6352
BASE,SIMULACION_CINCO_DIAS-CRITICA-N02,SIMULACION_CINCO_DIAS,CRITICA,2,RECOCIDO_SIMULADO,275,30,100,evaluaciones,4885,4881,98.876447,4661,5061
BASE,SIMULACION_CINCO_DIAS-CRITICA-N02,SIMULACION_CINCO_DIAS,CRITICA,2,RECOCIDO_SIMULADO,275,30,100,cumplimientoPct,0.642424,0.727273,0.183275,0.727273,0
BASE,SIMULACION_CINCO_DIAS-CRITICA-N02,SIMULACION_CINCO_DIAS,CRITICA,2,RECOCIDO_SIMULADO,275,30,100,cumplimientoPrioritariosPct,0.522088,0.60241,0.208281,0.60241,0
BASE,SIMULACION_CINCO_DIAS-CRITICA-N02,SIMULACION_CINCO_DIAS,CRITICA,2,RECOCIDO_SIMULADO,275,30,100,retrasoHoras,5885.467056,5885.455833,4.736658,5875.195,5892.723333
BASE,SIMULACION_CINCO_DIAS-CRITICA-N02,SIMULACION_CINCO_DIAS,CRITICA,2,RECOCIDO_SIMULADO,275,30,100,tiempoAtencionHoras,7648.456833,7648.256667,4.702012,7639.37,7658.723333
BASE,SIMULACION_CINCO_DIAS-CRITICA-N02,SIMULACION_CINCO_DIAS,CRITICA,2,RECOCIDO_SIMULADO,275,30,100,noAsignados,181,181,0,181,181
BASE,SIMULACION_CINCO_DIAS-CRITICA-N02,SIMULACION_CINCO_DIAS,CRITICA,2,RECOCIDO_SIMULADO,275,30,100,costo,23642.866667,23704,472.246775,22874,24520
BASE,SIMULACION_CINCO_DIAS-CRITICA-N02,SIMULACION_CINCO_DIAS,CRITICA,2,RECOCIDO_SIMULADO,275,30,100,distanciaKm,3972.4,3974,74.310439,3836,4084
BASE,SIMULACION_CINCO_DIAS-CRITICA-N02,SIMULACION_CINCO_DIAS,CRITICA,2,RECOCIDO_SIMULADO,275,30,100,utilizacionPct,100,100,0,100,100
BASE,SIMULACION_CINCO_DIAS-CRITICA-N03,SIMULACION_CINCO_DIAS,CRITICA,3,GENETICO,275,30,100,objetivo,1142142.209944,1139332.260833,15008.948543,1116945.606667,1170695.681667
BASE,SIMULACION_CINCO_DIAS-CRITICA-N03,SIMULACION_CINCO_DIAS,CRITICA,3,GENETICO,275,30,100,tiempoMs,4040.8265,4038.83525,51.652614,3951.6119,4154.2041
BASE,SIMULACION_CINCO_DIAS-CRITICA-N03,SIMULACION_CINCO_DIAS,CRITICA,3,GENETICO,275,30,100,evaluaciones,9060,9060,0,9060,9060
BASE,SIMULACION_CINCO_DIAS-CRITICA-N03,SIMULACION_CINCO_DIAS,CRITICA,3,GENETICO,275,30,100,cumplimientoPct,12.593939,12.727273,1.069735,15.636364,10.909091
BASE,SIMULACION_CINCO_DIAS-CRITICA-N03,SIMULACION_CINCO_DIAS,CRITICA,3,GENETICO,275,30,100,cumplimientoPrioritariosPct,6.00907,6.122449,1.495568,9.52381,3.401361
BASE,SIMULACION_CINCO_DIAS-CRITICA-N03,SIMULACION_CINCO_DIAS,CRITICA,3,GENETICO,275,30,100,retrasoHoras,2588.789167,2574.965833,240.929302,2114.363333,3051.936667
BASE,SIMULACION_CINCO_DIAS-CRITICA-N03,SIMULACION_CINCO_DIAS,CRITICA,3,GENETICO,275,30,100,tiempoAtencionHoras,4596.626611,4533.155,304.725119,4048.905,5209.77
BASE,SIMULACION_CINCO_DIAS-CRITICA-N03,SIMULACION_CINCO_DIAS,CRITICA,3,GENETICO,275,30,100,noAsignados,175.733333,176,3.666562,169,183
BASE,SIMULACION_CINCO_DIAS-CRITICA-N03,SIMULACION_CINCO_DIAS,CRITICA,3,GENETICO,275,30,100,costo,23325.533333,23147,1336.280549,20890,26956
BASE,SIMULACION_CINCO_DIAS-CRITICA-N03,SIMULACION_CINCO_DIAS,CRITICA,3,GENETICO,275,30,100,distanciaKm,3875.133333,3808,220.237917,3556,4472
BASE,SIMULACION_CINCO_DIAS-CRITICA-N03,SIMULACION_CINCO_DIAS,CRITICA,3,GENETICO,275,30,100,utilizacionPct,99.680851,100,0.449395,100,98.404255
BASE,SIMULACION_CINCO_DIAS-CRITICA-N03,SIMULACION_CINCO_DIAS,CRITICA,3,RECOCIDO_SIMULADO,275,30,100,objetivo,1551459.956667,1551451.035,16.758578,1551451.035,1551506.585
BASE,SIMULACION_CINCO_DIAS-CRITICA-N03,SIMULACION_CINCO_DIAS,CRITICA,3,RECOCIDO_SIMULADO,275,30,100,tiempoMs,1373.95021,1378.1746,48.487009,1246.1121,1478.8333
BASE,SIMULACION_CINCO_DIAS-CRITICA-N03,SIMULACION_CINCO_DIAS,CRITICA,3,RECOCIDO_SIMULADO,275,30,100,evaluaciones,4659.666667,4661,164.918649,4221,5021
BASE,SIMULACION_CINCO_DIAS-CRITICA-N03,SIMULACION_CINCO_DIAS,CRITICA,3,RECOCIDO_SIMULADO,275,30,100,cumplimientoPct,0,0,0,0,0
BASE,SIMULACION_CINCO_DIAS-CRITICA-N03,SIMULACION_CINCO_DIAS,CRITICA,3,RECOCIDO_SIMULADO,275,30,100,cumplimientoPrioritariosPct,0,0,0,0,0
BASE,SIMULACION_CINCO_DIAS-CRITICA-N03,SIMULACION_CINCO_DIAS,CRITICA,3,RECOCIDO_SIMULADO,275,30,100,retrasoHoras,6283.623333,6283.535,0.165927,6283.535,6284.085
BASE,SIMULACION_CINCO_DIAS-CRITICA-N03,SIMULACION_CINCO_DIAS,CRITICA,3,RECOCIDO_SIMULADO,275,30,100,tiempoAtencionHoras,8097.623333,8097.535,0.165927,8097.535,8098.085
BASE,SIMULACION_CINCO_DIAS-CRITICA-N03,SIMULACION_CINCO_DIAS,CRITICA,3,RECOCIDO_SIMULADO,275,30,100,noAsignados,183,183,0,183,183
BASE,SIMULACION_CINCO_DIAS-CRITICA-N03,SIMULACION_CINCO_DIAS,CRITICA,3,RECOCIDO_SIMULADO,275,30,100,costo,21762.933333,21756,26.133521,21740,21884
BASE,SIMULACION_CINCO_DIAS-CRITICA-N03,SIMULACION_CINCO_DIAS,CRITICA,3,RECOCIDO_SIMULADO,275,30,100,distanciaKm,3724.866667,3724,3.26669,3722,3740
BASE,SIMULACION_CINCO_DIAS-CRITICA-N03,SIMULACION_CINCO_DIAS,CRITICA,3,RECOCIDO_SIMULADO,275,30,100,utilizacionPct,100,100,0,100,100
BASE,COLAPSO_LOGISTICO-NORMAL-N01,COLAPSO_LOGISTICO,NORMAL,1,GENETICO,25,30,100,objetivo,84.5685,84.568333,0.105311,84.448333,84.823333
BASE,COLAPSO_LOGISTICO-NORMAL-N01,COLAPSO_LOGISTICO,NORMAL,1,GENETICO,25,30,100,tiempoMs,623.345423,617.3224,92.146864,492.0496,844.1137
BASE,COLAPSO_LOGISTICO-NORMAL-N01,COLAPSO_LOGISTICO,NORMAL,1,GENETICO,25,30,100,evaluaciones,9060,9060,0,9060,9060
BASE,COLAPSO_LOGISTICO-NORMAL-N01,COLAPSO_LOGISTICO,NORMAL,1,GENETICO,25,30,100,cumplimientoPct,100,100,0,100,100
BASE,COLAPSO_LOGISTICO-NORMAL-N01,COLAPSO_LOGISTICO,NORMAL,1,GENETICO,25,30,100,cumplimientoPrioritariosPct,100,100,0,100,100
BASE,COLAPSO_LOGISTICO-NORMAL-N01,COLAPSO_LOGISTICO,NORMAL,1,GENETICO,25,30,100,retrasoHoras,0,0,0,0,0
BASE,COLAPSO_LOGISTICO-NORMAL-N01,COLAPSO_LOGISTICO,NORMAL,1,GENETICO,25,30,100,tiempoAtencionHoras,84.5685,84.568333,0.105311,84.448333,84.823333
BASE,COLAPSO_LOGISTICO-NORMAL-N01,COLAPSO_LOGISTICO,NORMAL,1,GENETICO,25,30,100,noAsignados,0,0,0,0,0
BASE,COLAPSO_LOGISTICO-NORMAL-N01,COLAPSO_LOGISTICO,NORMAL,1,GENETICO,25,30,100,costo,10416.133333,10412,37.968892,10352,10536
BASE,COLAPSO_LOGISTICO-NORMAL-N01,COLAPSO_LOGISTICO,NORMAL,1,GENETICO,25,30,100,distanciaKm,1471.466667,1470,3.104317,1470,1486
BASE,COLAPSO_LOGISTICO-NORMAL-N01,COLAPSO_LOGISTICO,NORMAL,1,GENETICO,25,30,100,utilizacionPct,29.947917,29.947917,0,29.947917,29.947917
BASE,COLAPSO_LOGISTICO-NORMAL-N01,COLAPSO_LOGISTICO,NORMAL,1,RECOCIDO_SIMULADO,25,30,100,objetivo,86.263333,86.263333,0,86.263333,86.263333
BASE,COLAPSO_LOGISTICO-NORMAL-N01,COLAPSO_LOGISTICO,NORMAL,1,RECOCIDO_SIMULADO,25,30,100,tiempoMs,7.958223,7.91565,1.006227,5.4279,9.9767
BASE,COLAPSO_LOGISTICO-NORMAL-N01,COLAPSO_LOGISTICO,NORMAL,1,RECOCIDO_SIMULADO,25,30,100,evaluaciones,902.333333,881,133.899945,581,1181
BASE,COLAPSO_LOGISTICO-NORMAL-N01,COLAPSO_LOGISTICO,NORMAL,1,RECOCIDO_SIMULADO,25,30,100,cumplimientoPct,100,100,0,100,100
BASE,COLAPSO_LOGISTICO-NORMAL-N01,COLAPSO_LOGISTICO,NORMAL,1,RECOCIDO_SIMULADO,25,30,100,cumplimientoPrioritariosPct,100,100,0,100,100
BASE,COLAPSO_LOGISTICO-NORMAL-N01,COLAPSO_LOGISTICO,NORMAL,1,RECOCIDO_SIMULADO,25,30,100,retrasoHoras,0,0,0,0,0
BASE,COLAPSO_LOGISTICO-NORMAL-N01,COLAPSO_LOGISTICO,NORMAL,1,RECOCIDO_SIMULADO,25,30,100,tiempoAtencionHoras,86.263333,86.263333,0,86.263333,86.263333
BASE,COLAPSO_LOGISTICO-NORMAL-N01,COLAPSO_LOGISTICO,NORMAL,1,RECOCIDO_SIMULADO,25,30,100,noAsignados,0,0,0,0,0
BASE,COLAPSO_LOGISTICO-NORMAL-N01,COLAPSO_LOGISTICO,NORMAL,1,RECOCIDO_SIMULADO,25,30,100,costo,9984,9984,0,9984,9984
BASE,COLAPSO_LOGISTICO-NORMAL-N01,COLAPSO_LOGISTICO,NORMAL,1,RECOCIDO_SIMULADO,25,30,100,distanciaKm,1474,1474,0,1474,1474
BASE,COLAPSO_LOGISTICO-NORMAL-N01,COLAPSO_LOGISTICO,NORMAL,1,RECOCIDO_SIMULADO,25,30,100,utilizacionPct,29.947917,29.947917,0,29.947917,29.947917
BASE,COLAPSO_LOGISTICO-NORMAL-N02,COLAPSO_LOGISTICO,NORMAL,2,GENETICO,38,30,100,objetivo,629.366222,629.238333,0.710229,628.368333,631.393333
BASE,COLAPSO_LOGISTICO-NORMAL-N02,COLAPSO_LOGISTICO,NORMAL,2,GENETICO,38,30,100,tiempoMs,596.35081,611.8699,145.151973,295.9877,868.929
BASE,COLAPSO_LOGISTICO-NORMAL-N02,COLAPSO_LOGISTICO,NORMAL,2,GENETICO,38,30,100,evaluaciones,9060,9060,0,9060,9060
BASE,COLAPSO_LOGISTICO-NORMAL-N02,COLAPSO_LOGISTICO,NORMAL,2,GENETICO,38,30,100,cumplimientoPct,92.105263,92.105263,0,92.105263,92.105263
BASE,COLAPSO_LOGISTICO-NORMAL-N02,COLAPSO_LOGISTICO,NORMAL,2,GENETICO,38,30,100,cumplimientoPrioritariosPct,86.956522,86.956522,0,86.956522,86.956522
BASE,COLAPSO_LOGISTICO-NORMAL-N02,COLAPSO_LOGISTICO,NORMAL,2,GENETICO,38,30,100,retrasoHoras,4.108333,4.108333,0,4.108333,4.108333
BASE,COLAPSO_LOGISTICO-NORMAL-N02,COLAPSO_LOGISTICO,NORMAL,2,GENETICO,38,30,100,tiempoAtencionHoras,218.532889,218.405,0.710229,217.535,220.56
BASE,COLAPSO_LOGISTICO-NORMAL-N02,COLAPSO_LOGISTICO,NORMAL,2,GENETICO,38,30,100,noAsignados,0,0,0,0,0
BASE,COLAPSO_LOGISTICO-NORMAL-N02,COLAPSO_LOGISTICO,NORMAL,2,GENETICO,38,30,100,costo,13110.933333,13082,286.346659,12654,13802
BASE,COLAPSO_LOGISTICO-NORMAL-N02,COLAPSO_LOGISTICO,NORMAL,2,GENETICO,38,30,100,distanciaKm,1975.266667,1971,55.719701,1882,2114
BASE,COLAPSO_LOGISTICO-NORMAL-N02,COLAPSO_LOGISTICO,NORMAL,2,GENETICO,38,30,100,utilizacionPct,53.645833,53.645833,0,53.645833,53.645833
BASE,COLAPSO_LOGISTICO-NORMAL-N02,COLAPSO_LOGISTICO,NORMAL,2,RECOCIDO_SIMULADO,38,30,100,objetivo,634.918,634.996667,0.17915,634.286667,634.996667
BASE,COLAPSO_LOGISTICO-NORMAL-N02,COLAPSO_LOGISTICO,NORMAL,2,RECOCIDO_SIMULADO,38,30,100,tiempoMs,25.228377,24.6155,4.743931,18.4357,36.1346
BASE,COLAPSO_LOGISTICO-NORMAL-N02,COLAPSO_LOGISTICO,NORMAL,2,RECOCIDO_SIMULADO,38,30,100,evaluaciones,2485,2441,496.45363,1781,3621
BASE,COLAPSO_LOGISTICO-NORMAL-N02,COLAPSO_LOGISTICO,NORMAL,2,RECOCIDO_SIMULADO,38,30,100,cumplimientoPct,92.105263,92.105263,0,92.105263,92.105263
BASE,COLAPSO_LOGISTICO-NORMAL-N02,COLAPSO_LOGISTICO,NORMAL,2,RECOCIDO_SIMULADO,38,30,100,cumplimientoPrioritariosPct,86.956522,86.956522,0,86.956522,86.956522
BASE,COLAPSO_LOGISTICO-NORMAL-N02,COLAPSO_LOGISTICO,NORMAL,2,RECOCIDO_SIMULADO,38,30,100,retrasoHoras,4.108333,4.108333,0,4.108333,4.108333
BASE,COLAPSO_LOGISTICO-NORMAL-N02,COLAPSO_LOGISTICO,NORMAL,2,RECOCIDO_SIMULADO,38,30,100,tiempoAtencionHoras,224.084667,224.163333,0.17915,223.453333,224.163333
BASE,COLAPSO_LOGISTICO-NORMAL-N02,COLAPSO_LOGISTICO,NORMAL,2,RECOCIDO_SIMULADO,38,30,100,noAsignados,0,0,0,0,0
BASE,COLAPSO_LOGISTICO-NORMAL-N02,COLAPSO_LOGISTICO,NORMAL,2,RECOCIDO_SIMULADO,38,30,100,costo,13364,13364,0,13364,13364
BASE,COLAPSO_LOGISTICO-NORMAL-N02,COLAPSO_LOGISTICO,NORMAL,2,RECOCIDO_SIMULADO,38,30,100,distanciaKm,1958,1958,0,1958,1958
BASE,COLAPSO_LOGISTICO-NORMAL-N02,COLAPSO_LOGISTICO,NORMAL,2,RECOCIDO_SIMULADO,38,30,100,utilizacionPct,53.645833,53.645833,0,53.645833,53.645833
BASE,COLAPSO_LOGISTICO-NORMAL-N03,COLAPSO_LOGISTICO,NORMAL,3,GENETICO,50,30,100,objetivo,1331.798667,1355.75,30.002605,1295.695,1362.708333
BASE,COLAPSO_LOGISTICO-NORMAL-N03,COLAPSO_LOGISTICO,NORMAL,3,GENETICO,50,30,100,tiempoMs,724.438397,720.0986,102.358436,579.8355,989.193
BASE,COLAPSO_LOGISTICO-NORMAL-N03,COLAPSO_LOGISTICO,NORMAL,3,GENETICO,50,30,100,evaluaciones,9060,9060,0,9060,9060
BASE,COLAPSO_LOGISTICO-NORMAL-N03,COLAPSO_LOGISTICO,NORMAL,3,GENETICO,50,30,100,cumplimientoPct,90,90,0,90,90
BASE,COLAPSO_LOGISTICO-NORMAL-N03,COLAPSO_LOGISTICO,NORMAL,3,GENETICO,50,30,100,cumplimientoPrioritariosPct,84.848485,84.848485,0,84.848485,84.848485
BASE,COLAPSO_LOGISTICO-NORMAL-N03,COLAPSO_LOGISTICO,NORMAL,3,GENETICO,50,30,100,retrasoHoras,10.069667,10.356667,0.312061,9.741667,10.356667
BASE,COLAPSO_LOGISTICO-NORMAL-N03,COLAPSO_LOGISTICO,NORMAL,3,GENETICO,50,30,100,tiempoAtencionHoras,324.832,324.188333,2.862805,320.063333,333.631667
BASE,COLAPSO_LOGISTICO-NORMAL-N03,COLAPSO_LOGISTICO,NORMAL,3,GENETICO,50,30,100,noAsignados,0,0,0,0,0
BASE,COLAPSO_LOGISTICO-NORMAL-N03,COLAPSO_LOGISTICO,NORMAL,3,GENETICO,50,30,100,costo,16950.466667,16931,554.892144,15710,18668
BASE,COLAPSO_LOGISTICO-NORMAL-N03,COLAPSO_LOGISTICO,NORMAL,3,GENETICO,50,30,100,distanciaKm,2669.266667,2676,85.646399,2496,2864
BASE,COLAPSO_LOGISTICO-NORMAL-N03,COLAPSO_LOGISTICO,NORMAL,3,GENETICO,50,30,100,utilizacionPct,81.388889,81.388889,0,81.388889,81.388889
BASE,COLAPSO_LOGISTICO-NORMAL-N03,COLAPSO_LOGISTICO,NORMAL,3,RECOCIDO_SIMULADO,50,30,100,objetivo,1424.414444,1411.474167,69.802753,1322.013333,1582.868333
BASE,COLAPSO_LOGISTICO-NORMAL-N03,COLAPSO_LOGISTICO,NORMAL,3,RECOCIDO_SIMULADO,50,30,100,tiempoMs,47.1867,47.3349,3.980605,36.9974,55.2056
BASE,COLAPSO_LOGISTICO-NORMAL-N03,COLAPSO_LOGISTICO,NORMAL,3,RECOCIDO_SIMULADO,50,30,100,evaluaciones,3833,3881,326.173214,2941,4221
BASE,COLAPSO_LOGISTICO-NORMAL-N03,COLAPSO_LOGISTICO,NORMAL,3,RECOCIDO_SIMULADO,50,30,100,cumplimientoPct,89.466667,90,1.041661,90,86
BASE,COLAPSO_LOGISTICO-NORMAL-N03,COLAPSO_LOGISTICO,NORMAL,3,RECOCIDO_SIMULADO,50,30,100,cumplimientoPrioritariosPct,84.040404,84.848485,1.578274,84.848485,78.787879
BASE,COLAPSO_LOGISTICO-NORMAL-N03,COLAPSO_LOGISTICO,NORMAL,3,RECOCIDO_SIMULADO,50,30,100,retrasoHoras,10.778444,10.571667,0.721451,9.741667,12.511667
BASE,COLAPSO_LOGISTICO-NORMAL-N03,COLAPSO_LOGISTICO,NORMAL,3,RECOCIDO_SIMULADO,50,30,100,tiempoAtencionHoras,346.57,344.3525,11.365245,331.01,369.93
BASE,COLAPSO_LOGISTICO-NORMAL-N03,COLAPSO_LOGISTICO,NORMAL,3,RECOCIDO_SIMULADO,50,30,100,noAsignados,0,0,0,0,0
BASE,COLAPSO_LOGISTICO-NORMAL-N03,COLAPSO_LOGISTICO,NORMAL,3,RECOCIDO_SIMULADO,50,30,100,costo,17738.533333,17809,660.22419,16256,18886
BASE,COLAPSO_LOGISTICO-NORMAL-N03,COLAPSO_LOGISTICO,NORMAL,3,RECOCIDO_SIMULADO,50,30,100,distanciaKm,2756.866667,2770,107.526014,2560,2960
BASE,COLAPSO_LOGISTICO-NORMAL-N03,COLAPSO_LOGISTICO,NORMAL,3,RECOCIDO_SIMULADO,50,30,100,utilizacionPct,81.388889,81.388889,0,81.388889,81.388889
BASE,COLAPSO_LOGISTICO-ALTA-N01,COLAPSO_LOGISTICO,ALTA,1,GENETICO,38,30,100,objetivo,291.766778,291.875833,0.59787,290.541667,292.83
BASE,COLAPSO_LOGISTICO-ALTA-N01,COLAPSO_LOGISTICO,ALTA,1,GENETICO,38,30,100,tiempoMs,813.167387,817.225,171.018779,534.1811,1136.0791
BASE,COLAPSO_LOGISTICO-ALTA-N01,COLAPSO_LOGISTICO,ALTA,1,GENETICO,38,30,100,evaluaciones,9060,9060,0,9060,9060
BASE,COLAPSO_LOGISTICO-ALTA-N01,COLAPSO_LOGISTICO,ALTA,1,GENETICO,38,30,100,cumplimientoPct,94.736842,94.736842,0,94.736842,94.736842
BASE,COLAPSO_LOGISTICO-ALTA-N01,COLAPSO_LOGISTICO,ALTA,1,GENETICO,38,30,100,cumplimientoPrioritariosPct,92,92,0,92,92
BASE,COLAPSO_LOGISTICO-ALTA-N01,COLAPSO_LOGISTICO,ALTA,1,GENETICO,38,30,100,retrasoHoras,1.2,1.2,0,1.2,1.2
BASE,COLAPSO_LOGISTICO-ALTA-N01,COLAPSO_LOGISTICO,ALTA,1,GENETICO,38,30,100,tiempoAtencionHoras,171.766778,171.875833,0.59787,170.541667,172.83
BASE,COLAPSO_LOGISTICO-ALTA-N01,COLAPSO_LOGISTICO,ALTA,1,GENETICO,38,30,100,noAsignados,0,0,0,0,0
BASE,COLAPSO_LOGISTICO-ALTA-N01,COLAPSO_LOGISTICO,ALTA,1,GENETICO,38,30,100,costo,12181.666667,12184,249.275963,11726,12562
BASE,COLAPSO_LOGISTICO-ALTA-N01,COLAPSO_LOGISTICO,ALTA,1,GENETICO,38,30,100,distanciaKm,1802,1809,45.040978,1718,1872
BASE,COLAPSO_LOGISTICO-ALTA-N01,COLAPSO_LOGISTICO,ALTA,1,GENETICO,38,30,100,utilizacionPct,42.447917,42.447917,0,42.447917,42.447917
BASE,COLAPSO_LOGISTICO-ALTA-N01,COLAPSO_LOGISTICO,ALTA,1,RECOCIDO_SIMULADO,38,30,100,objetivo,298.807667,298.736667,0.190383,298.336667,299.031667
BASE,COLAPSO_LOGISTICO-ALTA-N01,COLAPSO_LOGISTICO,ALTA,1,RECOCIDO_SIMULADO,38,30,100,tiempoMs,17.87251,17.6659,2.213435,14.7291,23.3749
BASE,COLAPSO_LOGISTICO-ALTA-N01,COLAPSO_LOGISTICO,ALTA,1,RECOCIDO_SIMULADO,38,30,100,evaluaciones,1707.666667,1681,241.394417,1301,2301
BASE,COLAPSO_LOGISTICO-ALTA-N01,COLAPSO_LOGISTICO,ALTA,1,RECOCIDO_SIMULADO,38,30,100,cumplimientoPct,94.736842,94.736842,0,94.736842,94.736842
BASE,COLAPSO_LOGISTICO-ALTA-N01,COLAPSO_LOGISTICO,ALTA,1,RECOCIDO_SIMULADO,38,30,100,cumplimientoPrioritariosPct,92,92,0,92,92
BASE,COLAPSO_LOGISTICO-ALTA-N01,COLAPSO_LOGISTICO,ALTA,1,RECOCIDO_SIMULADO,38,30,100,retrasoHoras,1.2,1.2,0,1.2,1.2
BASE,COLAPSO_LOGISTICO-ALTA-N01,COLAPSO_LOGISTICO,ALTA,1,RECOCIDO_SIMULADO,38,30,100,tiempoAtencionHoras,178.807667,178.736667,0.190383,178.336667,179.031667
BASE,COLAPSO_LOGISTICO-ALTA-N01,COLAPSO_LOGISTICO,ALTA,1,RECOCIDO_SIMULADO,38,30,100,noAsignados,0,0,0,0,0
BASE,COLAPSO_LOGISTICO-ALTA-N01,COLAPSO_LOGISTICO,ALTA,1,RECOCIDO_SIMULADO,38,30,100,costo,13042.6,13019,117.226748,12928,13164
BASE,COLAPSO_LOGISTICO-ALTA-N01,COLAPSO_LOGISTICO,ALTA,1,RECOCIDO_SIMULADO,38,30,100,distanciaKm,2010.133333,2006,20.651014,1990,2042
BASE,COLAPSO_LOGISTICO-ALTA-N01,COLAPSO_LOGISTICO,ALTA,1,RECOCIDO_SIMULADO,38,30,100,utilizacionPct,42.447917,42.447917,0,42.447917,42.447917
BASE,COLAPSO_LOGISTICO-ALTA-N02,COLAPSO_LOGISTICO,ALTA,2,GENETICO,56,30,100,objetivo,1335.228833,1335.328333,1.880169,1331.54,1338.31
BASE,COLAPSO_LOGISTICO-ALTA-N02,COLAPSO_LOGISTICO,ALTA,2,GENETICO,56,30,100,tiempoMs,396.187487,380.05085,94.589761,281.5287,687.6935
BASE,COLAPSO_LOGISTICO-ALTA-N02,COLAPSO_LOGISTICO,ALTA,2,GENETICO,56,30,100,evaluaciones,9060,9060,0,9060,9060
BASE,COLAPSO_LOGISTICO-ALTA-N02,COLAPSO_LOGISTICO,ALTA,2,GENETICO,56,30,100,cumplimientoPct,92.857143,92.857143,0,92.857143,92.857143
BASE,COLAPSO_LOGISTICO-ALTA-N02,COLAPSO_LOGISTICO,ALTA,2,GENETICO,56,30,100,cumplimientoPrioritariosPct,88.571429,88.571429,0,88.571429,88.571429
BASE,COLAPSO_LOGISTICO-ALTA-N02,COLAPSO_LOGISTICO,ALTA,2,GENETICO,56,30,100,retrasoHoras,10.15,10.15,0,10.15,10.15
BASE,COLAPSO_LOGISTICO-ALTA-N02,COLAPSO_LOGISTICO,ALTA,2,GENETICO,56,30,100,tiempoAtencionHoras,320.228833,320.328333,1.880169,316.54,323.31
BASE,COLAPSO_LOGISTICO-ALTA-N02,COLAPSO_LOGISTICO,ALTA,2,GENETICO,56,30,100,noAsignados,0,0,0,0,0
BASE,COLAPSO_LOGISTICO-ALTA-N02,COLAPSO_LOGISTICO,ALTA,2,GENETICO,56,30,100,costo,16121.6,16121,319.216887,15454,16804
BASE,COLAPSO_LOGISTICO-ALTA-N02,COLAPSO_LOGISTICO,ALTA,2,GENETICO,56,30,100,distanciaKm,2600.6,2601,51.493957,2492,2690
BASE,COLAPSO_LOGISTICO-ALTA-N02,COLAPSO_LOGISTICO,ALTA,2,GENETICO,56,30,100,utilizacionPct,72.135417,72.135417,0,72.135417,72.135417
BASE,COLAPSO_LOGISTICO-ALTA-N02,COLAPSO_LOGISTICO,ALTA,2,RECOCIDO_SIMULADO,56,30,100,objetivo,1344.688,1344.773333,0.244043,1343.973333,1344.773333
BASE,COLAPSO_LOGISTICO-ALTA-N02,COLAPSO_LOGISTICO,ALTA,2,RECOCIDO_SIMULADO,56,30,100,tiempoMs,39.935103,39.663,5.882421,29.3304,48.7301
BASE,COLAPSO_LOGISTICO-ALTA-N02,COLAPSO_LOGISTICO,ALTA,2,RECOCIDO_SIMULADO,56,30,100,evaluaciones,3063.666667,3041,462.787158,2221,3741
BASE,COLAPSO_LOGISTICO-ALTA-N02,COLAPSO_LOGISTICO,ALTA,2,RECOCIDO_SIMULADO,56,30,100,cumplimientoPct,92.857143,92.857143,0,92.857143,92.857143
BASE,COLAPSO_LOGISTICO-ALTA-N02,COLAPSO_LOGISTICO,ALTA,2,RECOCIDO_SIMULADO,56,30,100,cumplimientoPrioritariosPct,88.571429,88.571429,0,88.571429,88.571429
BASE,COLAPSO_LOGISTICO-ALTA-N02,COLAPSO_LOGISTICO,ALTA,2,RECOCIDO_SIMULADO,56,30,100,retrasoHoras,10.15,10.15,0,10.15,10.15
BASE,COLAPSO_LOGISTICO-ALTA-N02,COLAPSO_LOGISTICO,ALTA,2,RECOCIDO_SIMULADO,56,30,100,tiempoAtencionHoras,329.688,329.773333,0.244043,328.973333,329.773333
BASE,COLAPSO_LOGISTICO-ALTA-N02,COLAPSO_LOGISTICO,ALTA,2,RECOCIDO_SIMULADO,56,30,100,noAsignados,0,0,0,0,0
BASE,COLAPSO_LOGISTICO-ALTA-N02,COLAPSO_LOGISTICO,ALTA,2,RECOCIDO_SIMULADO,56,30,100,costo,16594,16594,0,16594,16594
BASE,COLAPSO_LOGISTICO-ALTA-N02,COLAPSO_LOGISTICO,ALTA,2,RECOCIDO_SIMULADO,56,30,100,distanciaKm,2574,2574,0,2574,2574
BASE,COLAPSO_LOGISTICO-ALTA-N02,COLAPSO_LOGISTICO,ALTA,2,RECOCIDO_SIMULADO,56,30,100,utilizacionPct,72.135417,72.135417,0,72.135417,72.135417
BASE,COLAPSO_LOGISTICO-ALTA-N03,COLAPSO_LOGISTICO,ALTA,3,GENETICO,75,30,100,objetivo,82081.560833,82457.01,2773.566531,76370.966667,85573.603333
BASE,COLAPSO_LOGISTICO-ALTA-N03,COLAPSO_LOGISTICO,ALTA,3,GENETICO,75,30,100,tiempoMs,915.812953,919.8534,75.205949,799.0279,1108.2321
BASE,COLAPSO_LOGISTICO-ALTA-N03,COLAPSO_LOGISTICO,ALTA,3,GENETICO,75,30,100,evaluaciones,9060,9060,0,9060,9060
BASE,COLAPSO_LOGISTICO-ALTA-N03,COLAPSO_LOGISTICO,ALTA,3,GENETICO,75,30,100,cumplimientoPct,64.355556,64,1.482809,66.666667,60
BASE,COLAPSO_LOGISTICO-ALTA-N03,COLAPSO_LOGISTICO,ALTA,3,GENETICO,75,30,100,cumplimientoPrioritariosPct,47.936508,47.619048,2.480145,52.380952,42.857143
BASE,COLAPSO_LOGISTICO-ALTA-N03,COLAPSO_LOGISTICO,ALTA,3,GENETICO,75,30,100,retrasoHoras,43.2885,42.791667,6.578789,33.31,59.908333
BASE,COLAPSO_LOGISTICO-ALTA-N03,COLAPSO_LOGISTICO,ALTA,3,GENETICO,75,30,100,tiempoAtencionHoras,586.044167,584.626667,14.717289,560.65,610.966667
BASE,COLAPSO_LOGISTICO-ALTA-N03,COLAPSO_LOGISTICO,ALTA,3,GENETICO,75,30,100,noAsignados,15.433333,15.5,0.626062,14,16
BASE,COLAPSO_LOGISTICO-ALTA-N03,COLAPSO_LOGISTICO,ALTA,3,GENETICO,75,30,100,costo,18338,18303,640.320179,17390,19520
BASE,COLAPSO_LOGISTICO-ALTA-N03,COLAPSO_LOGISTICO,ALTA,3,GENETICO,75,30,100,distanciaKm,2987.266667,2976,107.227741,2792,3188
BASE,COLAPSO_LOGISTICO-ALTA-N03,COLAPSO_LOGISTICO,ALTA,3,GENETICO,75,30,100,utilizacionPct,90.898876,91.292135,1.021089,92.696629,89.044944
BASE,COLAPSO_LOGISTICO-ALTA-N03,COLAPSO_LOGISTICO,ALTA,3,RECOCIDO_SIMULADO,75,30,100,objetivo,99761.746889,97653.3675,2990.060657,97314.418333,107191.551667
BASE,COLAPSO_LOGISTICO-ALTA-N03,COLAPSO_LOGISTICO,ALTA,3,RECOCIDO_SIMULADO,75,30,100,tiempoMs,161.859613,162.98275,6.858747,149.1394,172.9299
BASE,COLAPSO_LOGISTICO-ALTA-N03,COLAPSO_LOGISTICO,ALTA,3,RECOCIDO_SIMULADO,75,30,100,evaluaciones,4274.333333,4261,196.615033,3981,4621
BASE,COLAPSO_LOGISTICO-ALTA-N03,COLAPSO_LOGISTICO,ALTA,3,RECOCIDO_SIMULADO,75,30,100,cumplimientoPct,50.888889,50.666667,1.055303,52,48
BASE,COLAPSO_LOGISTICO-ALTA-N03,COLAPSO_LOGISTICO,ALTA,3,RECOCIDO_SIMULADO,75,30,100,cumplimientoPrioritariosPct,53.888889,54.761905,1.166982,54.761905,52.380952
BASE,COLAPSO_LOGISTICO-ALTA-N03,COLAPSO_LOGISTICO,ALTA,3,RECOCIDO_SIMULADO,75,30,100,retrasoHoras,68.510889,68.67,1.897565,65.473333,71.908333
BASE,COLAPSO_LOGISTICO-ALTA-N03,COLAPSO_LOGISTICO,ALTA,3,RECOCIDO_SIMULADO,75,30,100,tiempoAtencionHoras,577.324667,578.51,8.670631,559.718333,593.49
BASE,COLAPSO_LOGISTICO-ALTA-N03,COLAPSO_LOGISTICO,ALTA,3,RECOCIDO_SIMULADO,75,30,100,noAsignados,18.466667,18,0.62881,18,20
BASE,COLAPSO_LOGISTICO-ALTA-N03,COLAPSO_LOGISTICO,ALTA,3,RECOCIDO_SIMULADO,75,30,100,costo,18086,17971,662.795751,17110,20464
BASE,COLAPSO_LOGISTICO-ALTA-N03,COLAPSO_LOGISTICO,ALTA,3,RECOCIDO_SIMULADO,75,30,100,distanciaKm,2904.533333,2894,117.002721,2712,3280
BASE,COLAPSO_LOGISTICO-ALTA-N03,COLAPSO_LOGISTICO,ALTA,3,RECOCIDO_SIMULADO,75,30,100,utilizacionPct,89.812734,90.589888,1.294477,91.011236,86.797753
BASE,COLAPSO_LOGISTICO-CRITICA-N01,COLAPSO_LOGISTICO,CRITICA,1,GENETICO,55,30,100,objetivo,977.784556,977.811667,2.847171,972.288333,982.398333
BASE,COLAPSO_LOGISTICO-CRITICA-N01,COLAPSO_LOGISTICO,CRITICA,1,GENETICO,55,30,100,tiempoMs,445.398823,399.4206,139.810316,291.1977,769.3091
BASE,COLAPSO_LOGISTICO-CRITICA-N01,COLAPSO_LOGISTICO,CRITICA,1,GENETICO,55,30,100,evaluaciones,9060,9060,0,9060,9060
BASE,COLAPSO_LOGISTICO-CRITICA-N01,COLAPSO_LOGISTICO,CRITICA,1,GENETICO,55,30,100,cumplimientoPct,94.545455,94.545455,0,94.545455,94.545455
BASE,COLAPSO_LOGISTICO-CRITICA-N01,COLAPSO_LOGISTICO,CRITICA,1,GENETICO,55,30,100,cumplimientoPrioritariosPct,91.428571,91.428571,0,91.428571,91.428571
BASE,COLAPSO_LOGISTICO-CRITICA-N01,COLAPSO_LOGISTICO,CRITICA,1,GENETICO,55,30,100,retrasoHoras,6.2,6.2,0,6.2,6.2
BASE,COLAPSO_LOGISTICO-CRITICA-N01,COLAPSO_LOGISTICO,CRITICA,1,GENETICO,55,30,100,tiempoAtencionHoras,357.784556,357.811667,2.847171,352.288333,362.398333
BASE,COLAPSO_LOGISTICO-CRITICA-N01,COLAPSO_LOGISTICO,CRITICA,1,GENETICO,55,30,100,noAsignados,0,0,0,0,0
BASE,COLAPSO_LOGISTICO-CRITICA-N01,COLAPSO_LOGISTICO,CRITICA,1,GENETICO,55,30,100,costo,16003.533333,15935,531.202587,14802,16992
BASE,COLAPSO_LOGISTICO-CRITICA-N01,COLAPSO_LOGISTICO,CRITICA,1,GENETICO,55,30,100,distanciaKm,2551.8,2560,74.747114,2370,2696
BASE,COLAPSO_LOGISTICO-CRITICA-N01,COLAPSO_LOGISTICO,CRITICA,1,GENETICO,55,30,100,utilizacionPct,68.229167,68.229167,0,68.229167,68.229167
BASE,COLAPSO_LOGISTICO-CRITICA-N01,COLAPSO_LOGISTICO,CRITICA,1,RECOCIDO_SIMULADO,55,30,100,objetivo,993.680167,993.885,0.440162,992.215,993.885
BASE,COLAPSO_LOGISTICO-CRITICA-N01,COLAPSO_LOGISTICO,CRITICA,1,RECOCIDO_SIMULADO,55,30,100,tiempoMs,35.94061,35.83245,6.515833,24.0156,50.2795
BASE,COLAPSO_LOGISTICO-CRITICA-N01,COLAPSO_LOGISTICO,CRITICA,1,RECOCIDO_SIMULADO,55,30,100,evaluaciones,2803.666667,2821,550.027794,1821,3981
BASE,COLAPSO_LOGISTICO-CRITICA-N01,COLAPSO_LOGISTICO,CRITICA,1,RECOCIDO_SIMULADO,55,30,100,cumplimientoPct,94.545455,94.545455,0,94.545455,94.545455
BASE,COLAPSO_LOGISTICO-CRITICA-N01,COLAPSO_LOGISTICO,CRITICA,1,RECOCIDO_SIMULADO,55,30,100,cumplimientoPrioritariosPct,91.428571,91.428571,0,91.428571,91.428571
BASE,COLAPSO_LOGISTICO-CRITICA-N01,COLAPSO_LOGISTICO,CRITICA,1,RECOCIDO_SIMULADO,55,30,100,retrasoHoras,6.2,6.2,0,6.2,6.2
BASE,COLAPSO_LOGISTICO-CRITICA-N01,COLAPSO_LOGISTICO,CRITICA,1,RECOCIDO_SIMULADO,55,30,100,tiempoAtencionHoras,373.680167,373.885,0.440162,372.215,373.885
BASE,COLAPSO_LOGISTICO-CRITICA-N01,COLAPSO_LOGISTICO,CRITICA,1,RECOCIDO_SIMULADO,55,30,100,noAsignados,0,0,0,0,0
BASE,COLAPSO_LOGISTICO-CRITICA-N01,COLAPSO_LOGISTICO,CRITICA,1,RECOCIDO_SIMULADO,55,30,100,costo,16594.4,16600,37.634907,16424,16680
BASE,COLAPSO_LOGISTICO-CRITICA-N01,COLAPSO_LOGISTICO,CRITICA,1,RECOCIDO_SIMULADO,55,30,100,distanciaKm,2561.466667,2562,4.606841,2540,2572
BASE,COLAPSO_LOGISTICO-CRITICA-N01,COLAPSO_LOGISTICO,CRITICA,1,RECOCIDO_SIMULADO,55,30,100,utilizacionPct,68.229167,68.229167,0,68.229167,68.229167
BASE,COLAPSO_LOGISTICO-CRITICA-N02,COLAPSO_LOGISTICO,CRITICA,2,GENETICO,83,30,100,objetivo,66451.8875,66003.749167,4661.643158,58553.363333,79451.948333
BASE,COLAPSO_LOGISTICO-CRITICA-N02,COLAPSO_LOGISTICO,CRITICA,2,GENETICO,83,30,100,tiempoMs,613.079237,601.2647,67.726995,518.7267,745.6255
BASE,COLAPSO_LOGISTICO-CRITICA-N02,COLAPSO_LOGISTICO,CRITICA,2,GENETICO,83,30,100,evaluaciones,9060,9060,0,9060,9060
BASE,COLAPSO_LOGISTICO-CRITICA-N02,COLAPSO_LOGISTICO,CRITICA,2,GENETICO,83,30,100,cumplimientoPct,69.076305,68.674699,2.374765,72.289157,63.855422
BASE,COLAPSO_LOGISTICO-CRITICA-N02,COLAPSO_LOGISTICO,CRITICA,2,GENETICO,83,30,100,cumplimientoPrioritariosPct,67.777778,68.518519,2.207272,72.222222,64.814815
BASE,COLAPSO_LOGISTICO-CRITICA-N02,COLAPSO_LOGISTICO,CRITICA,2,GENETICO,83,30,100,retrasoHoras,31.635278,30.484167,4.631157,21.011667,39.706667
BASE,COLAPSO_LOGISTICO-CRITICA-N02,COLAPSO_LOGISTICO,CRITICA,2,GENETICO,83,30,100,tiempoAtencionHoras,621.693056,621.7525,14.854692,598.211667,658.123333
BASE,COLAPSO_LOGISTICO-CRITICA-N02,COLAPSO_LOGISTICO,CRITICA,2,GENETICO,83,30,100,noAsignados,12.533333,12.5,0.899553,11,15
BASE,COLAPSO_LOGISTICO-CRITICA-N02,COLAPSO_LOGISTICO,CRITICA,2,GENETICO,83,30,100,costo,19168.533333,19120,763.852474,17962,20730
BASE,COLAPSO_LOGISTICO-CRITICA-N02,COLAPSO_LOGISTICO,CRITICA,2,GENETICO,83,30,100,distanciaKm,3144.466667,3139,128.418157,2922,3432
BASE,COLAPSO_LOGISTICO-CRITICA-N02,COLAPSO_LOGISTICO,CRITICA,2,GENETICO,83,30,100,utilizacionPct,96.685185,96.666667,1.564447,99.444444,92.777778
BASE,COLAPSO_LOGISTICO-CRITICA-N02,COLAPSO_LOGISTICO,CRITICA,2,RECOCIDO_SIMULADO,83,30,100,objetivo,69278.384778,69574.651667,2564.384493,64565.483333,74650.931667
BASE,COLAPSO_LOGISTICO-CRITICA-N02,COLAPSO_LOGISTICO,CRITICA,2,RECOCIDO_SIMULADO,83,30,100,tiempoMs,140.108253,140.32935,6.930651,125.6602,151.3738
BASE,COLAPSO_LOGISTICO-CRITICA-N02,COLAPSO_LOGISTICO,CRITICA,2,RECOCIDO_SIMULADO,83,30,100,evaluaciones,4115.666667,4121,198.611271,3741,4461
BASE,COLAPSO_LOGISTICO-CRITICA-N02,COLAPSO_LOGISTICO,CRITICA,2,RECOCIDO_SIMULADO,83,30,100,cumplimientoPct,65.502008,65.060241,0.974358,67.46988,63.855422
BASE,COLAPSO_LOGISTICO-CRITICA-N02,COLAPSO_LOGISTICO,CRITICA,2,RECOCIDO_SIMULADO,83,30,100,cumplimientoPrioritariosPct,67.222222,66.666667,1.471068,70.37037,64.814815
BASE,COLAPSO_LOGISTICO-CRITICA-N02,COLAPSO_LOGISTICO,CRITICA,2,RECOCIDO_SIMULADO,83,30,100,retrasoHoras,39.672944,39.4775,1.073851,38.506667,42.053333
BASE,COLAPSO_LOGISTICO-CRITICA-N02,COLAPSO_LOGISTICO,CRITICA,2,RECOCIDO_SIMULADO,83,30,100,tiempoAtencionHoras,644.423667,643.7325,11.536909,625.035,671.978333
BASE,COLAPSO_LOGISTICO-CRITICA-N02,COLAPSO_LOGISTICO,CRITICA,2,RECOCIDO_SIMULADO,83,30,100,noAsignados,12.933333,13,0.52083,12,14
BASE,COLAPSO_LOGISTICO-CRITICA-N02,COLAPSO_LOGISTICO,CRITICA,2,RECOCIDO_SIMULADO,83,30,100,costo,19826.066667,19873,773.416511,18490,21372
BASE,COLAPSO_LOGISTICO-CRITICA-N02,COLAPSO_LOGISTICO,CRITICA,2,RECOCIDO_SIMULADO,83,30,100,distanciaKm,3302.466667,3319,114.684194,3086,3530
BASE,COLAPSO_LOGISTICO-CRITICA-N02,COLAPSO_LOGISTICO,CRITICA,2,RECOCIDO_SIMULADO,83,30,100,utilizacionPct,96.462963,96.388889,1.118113,98.611111,94.166667
BASE,COLAPSO_LOGISTICO-CRITICA-N03,COLAPSO_LOGISTICO,CRITICA,3,GENETICO,110,30,100,objetivo,222039.577167,222237.451667,2500.152507,215597.001667,226339.086667
BASE,COLAPSO_LOGISTICO-CRITICA-N03,COLAPSO_LOGISTICO,CRITICA,3,GENETICO,110,30,100,tiempoMs,1198.581327,1198.7442,36.075149,1132.949,1282.5962
BASE,COLAPSO_LOGISTICO-CRITICA-N03,COLAPSO_LOGISTICO,CRITICA,3,GENETICO,110,30,100,evaluaciones,9060,9060,0,9060,9060
BASE,COLAPSO_LOGISTICO-CRITICA-N03,COLAPSO_LOGISTICO,CRITICA,3,GENETICO,110,30,100,cumplimientoPct,40.515152,40,1.949539,44.545455,37.272727
BASE,COLAPSO_LOGISTICO-CRITICA-N03,COLAPSO_LOGISTICO,CRITICA,3,GENETICO,110,30,100,cumplimientoPrioritariosPct,32.1875,32.8125,2.306639,35.9375,25
BASE,COLAPSO_LOGISTICO-CRITICA-N03,COLAPSO_LOGISTICO,CRITICA,3,GENETICO,110,30,100,retrasoHoras,134.552222,136.488333,13.149202,104.766667,155.658333
BASE,COLAPSO_LOGISTICO-CRITICA-N03,COLAPSO_LOGISTICO,CRITICA,3,GENETICO,110,30,100,tiempoAtencionHoras,917.688278,920.455833,23.402692,862.42,964.018333
BASE,COLAPSO_LOGISTICO-CRITICA-N03,COLAPSO_LOGISTICO,CRITICA,3,GENETICO,110,30,100,noAsignados,41.533333,42,0.62881,40,43
BASE,COLAPSO_LOGISTICO-CRITICA-N03,COLAPSO_LOGISTICO,CRITICA,3,GENETICO,110,30,100,costo,20038.4,19938,832.24572,18196,21686
BASE,COLAPSO_LOGISTICO-CRITICA-N03,COLAPSO_LOGISTICO,CRITICA,3,GENETICO,110,30,100,distanciaKm,3381.466667,3367,112.678895,3128,3574
BASE,COLAPSO_LOGISTICO-CRITICA-N03,COLAPSO_LOGISTICO,CRITICA,3,GENETICO,110,30,100,utilizacionPct,98.24187,98.323171,0.911768,100,96.036585
BASE,COLAPSO_LOGISTICO-CRITICA-N03,COLAPSO_LOGISTICO,CRITICA,3,RECOCIDO_SIMULADO,110,30,100,objetivo,247987.045222,247496.005,2332.280617,242677.528333,252415.875
BASE,COLAPSO_LOGISTICO-CRITICA-N03,COLAPSO_LOGISTICO,CRITICA,3,RECOCIDO_SIMULADO,110,30,100,tiempoMs,340.007857,339.41705,12.633865,317.6844,370.9554
BASE,COLAPSO_LOGISTICO-CRITICA-N03,COLAPSO_LOGISTICO,CRITICA,3,RECOCIDO_SIMULADO,110,30,100,evaluaciones,4530.333333,4541,151.109308,4221,4821
BASE,COLAPSO_LOGISTICO-CRITICA-N03,COLAPSO_LOGISTICO,CRITICA,3,RECOCIDO_SIMULADO,110,30,100,cumplimientoPct,27.212121,27.272727,0.713559,29.090909,26.363636
BASE,COLAPSO_LOGISTICO-CRITICA-N03,COLAPSO_LOGISTICO,CRITICA,3,RECOCIDO_SIMULADO,110,30,100,cumplimientoPrioritariosPct,28.177083,28.125,1.044805,31.25,26.5625
BASE,COLAPSO_LOGISTICO-CRITICA-N03,COLAPSO_LOGISTICO,CRITICA,3,RECOCIDO_SIMULADO,110,30,100,retrasoHoras,215.445389,215.290833,1.751677,213.341667,220.34
BASE,COLAPSO_LOGISTICO-CRITICA-N03,COLAPSO_LOGISTICO,CRITICA,3,RECOCIDO_SIMULADO,110,30,100,tiempoAtencionHoras,942.506333,943.719167,9.626476,921.928333,968.861667
BASE,COLAPSO_LOGISTICO-CRITICA-N03,COLAPSO_LOGISTICO,CRITICA,3,RECOCIDO_SIMULADO,110,30,100,noAsignados,45.1,45,0.48066,44,46
BASE,COLAPSO_LOGISTICO-CRITICA-N03,COLAPSO_LOGISTICO,CRITICA,3,RECOCIDO_SIMULADO,110,30,100,costo,20619.6,20824,646.121031,19090,21886
BASE,COLAPSO_LOGISTICO-CRITICA-N03,COLAPSO_LOGISTICO,CRITICA,3,RECOCIDO_SIMULADO,110,30,100,distanciaKm,3439.733333,3458,102.035468,3216,3626
BASE,COLAPSO_LOGISTICO-CRITICA-N03,COLAPSO_LOGISTICO,CRITICA,3,RECOCIDO_SIMULADO,110,30,100,utilizacionPct,97.144309,97.256098,0.76997,99.085366,95.731707
